1,1.1,1.1.2,1.1.3,1.1.3.2,1.2.2,1.2.2.1,2,2.2,2.2.1,3,3.1.1,4,4.1,4.1.1,4.1.1.3,4.1.2,4.1.2.1,4.2,4.2.2,4.2.2.2,4.3,4.3.2,4.3.2.1,4.3.3,4.3.4,4.3.4.1,4.3.4.2,4.3.4.2.1,4.4,4.4.1,4.4.1.1,4.4.1.2,4.6,4.6.1,4.6.1.1,4.6.1.2,4.8,4.9,4.9.1
217.0,217.0,217.0,217.0,217,217.0,217.0,19153.0,19153.0,19153.0,19084.0,19084.0,766.0,766.0,766.0,766.0,766.0,766.0,766.0,766.0,766.0,766.0,766.0,766.0,766.0,766.0,766.0,766.0,766.0,766.0,766.0,766.0,766.0,766.0,766.0,766.0,766.0,766.0,766.0,766.0
243.0,243.0,243.0,243.0,243,243.0,243.0,19168.0,19168.0,19168.0,415.0,415.0,1136.0,1136.0,1136.0,1136.0,1136.0,1136.0,1136.0,1136.0,1136.0,1136.0,1136.0,1136.0,1136.0,1136.0,1136.0,1136.0,1136.0,1136.0,1136.0,1136.0,1136.0,1136.0,1136.0,1136.0,1136.0,1136.0,1136.0,1136.0
461.0,461.0,461.0,461.0,461,461.0,461.0,589.0,589.0,589.0,493.0,493.0,1356.0,1356.0,1356.0,1356.0,1356.0,1356.0,1356.0,1356.0,1356.0,1356.0,1356.0,1356.0,1356.0,1356.0,1356.0,1356.0,1356.0,1356.0,1356.0,1356.0,1356.0,1356.0,1356.0,1356.0,1356.0,1356.0,1356.0,1356.0
463.0,463.0,463.0,463.0,463,463.0,463.0,885.0,885.0,885.0,783.0,783.0,19572.0,19572.0,19572.0,19572.0,19572.0,19572.0,19572.0,19572.0,19572.0,19572.0,19572.0,19572.0,19572.0,19572.0,19572.0,19572.0,19572.0,19572.0,19572.0,19572.0,19572.0,19572.0,19572.0,19572.0,19572.0,19572.0,19572.0,19572.0
19210.0,19210.0,19210.0,19210.0,19210,19210.0,19210.0,1513.0,1513.0,1513.0,915.0,915.0,1976.0,1976.0,1976.0,1976.0,1976.0,1976.0,1976.0,1976.0,1976.0,1976.0,1976.0,1976.0,1976.0,1976.0,1976.0,1976.0,1976.0,1976.0,1976.0,1976.0,1976.0,1976.0,1976.0,1976.0,1976.0,1976.0,1976.0,1976.0
529.0,529.0,529.0,529.0,529,529.0,529.0,19585.0,19585.0,19585.0,1025.0,1025.0,2208.0,2208.0,2208.0,2208.0,2208.0,2208.0,2208.0,2208.0,2208.0,2208.0,2208.0,2208.0,2208.0,2208.0,2208.0,2208.0,2208.0,2208.0,2208.0,2208.0,2208.0,2208.0,2208.0,2208.0,2208.0,2208.0,2208.0,2208.0
643.0,643.0,643.0,643.0,643,643.0,643.0,2407.0,2407.0,2407.0,1177.0,1177.0,2480.0,2480.0,2480.0,2480.0,2480.0,2480.0,2480.0,2480.0,2480.0,2480.0,2480.0,2480.0,2480.0,2480.0,2480.0,2480.0,2480.0,2480.0,2480.0,2480.0,2480.0,2480.0,2480.0,2480.0,2480.0,2480.0,2480.0,2480.0
823.0,823.0,823.0,823.0,823,823.0,823.0,2511.0,2511.0,2511.0,19468.0,19468.0,2484.0,2484.0,2484.0,2484.0,2484.0,2484.0,2484.0,2484.0,2484.0,2484.0,2484.0,2484.0,2484.0,2484.0,2484.0,2484.0,2484.0,2484.0,2484.0,2484.0,2484.0,2484.0,2484.0,2484.0,2484.0,2484.0,2484.0,2484.0
869.0,869.0,869.0,869.0,869,869.0,869.0,3061.0,3061.0,3061.0,1467.0,1467.0,2512.0,2512.0,2512.0,2512.0,2512.0,2512.0,2512.0,2512.0,2512.0,2512.0,2512.0,2512.0,2512.0,2512.0,2512.0,2512.0,2512.0,2512.0,2512.0,2512.0,2512.0,2512.0,2512.0,2512.0,2512.0,2512.0,2512.0,2512.0
883.0,883.0,883.0,883.0,883,883.0,883.0,3167.0,3167.0,3167.0,1483.0,1483.0,19791.0,19791.0,19791.0,19791.0,19791.0,19791.0,19791.0,19791.0,19791.0,19791.0,19791.0,19791.0,19791.0,19791.0,19791.0,19791.0,19791.0,19791.0,19791.0,19791.0,19791.0,19791.0,19791.0,19791.0,19791.0,19791.0,19791.0,19791.0
931.0,931.0,931.0,931.0,931,931.0,931.0,3883.0,3883.0,3883.0,1603.0,1603.0,2866.0,2866.0,2866.0,2866.0,2866.0,2866.0,2866.0,2866.0,2866.0,2866.0,2866.0,2866.0,2866.0,2866.0,2866.0,2866.0,2866.0,2866.0,2866.0,2866.0,2866.0,2866.0,2866.0,2866.0,2866.0,2866.0,2866.0,2866.0
19360.0,19360.0,19360.0,19360.0,19360,19360.0,19360.0,3955.0,3955.0,3955.0,1769.0,1769.0,2966.0,2966.0,2966.0,2966.0,2966.0,2966.0,2966.0,2966.0,2966.0,2966.0,2966.0,2966.0,2966.0,2966.0,2966.0,2966.0,2966.0,2966.0,2966.0,2966.0,2966.0,2966.0,2966.0,2966.0,2966.0,2966.0,2966.0,2966.0
1111.0,1111.0,1111.0,1111.0,1111,1111.0,1111.0,20569.0,20569.0,20569.0,19597.0,19597.0,3192.0,3192.0,3192.0,3192.0,3192.0,3192.0,3192.0,3192.0,3192.0,3192.0,3192.0,3192.0,3192.0,3192.0,3192.0,3192.0,3192.0,3192.0,3192.0,3192.0,3192.0,3192.0,3192.0,3192.0,3192.0,3192.0,3192.0,3192.0
1425.0,1425.0,1425.0,1425.0,1425,1425.0,1425.0,5365.0,5365.0,5365.0,2183.0,2183.0,3578.0,3578.0,3578.0,3578.0,3578.0,3578.0,3578.0,3578.0,3578.0,3578.0,3578.0,3578.0,3578.0,3578.0,3578.0,3578.0,3578.0,3578.0,3578.0,3578.0,3578.0,3578.0,3578.0,3578.0,3578.0,3578.0,3578.0,3578.0
1537.0,1537.0,1537.0,1537.0,1537,1537.0,1537.0,5457.0,5457.0,5457.0,19657.0,19657.0,4436.0,4436.0,4436.0,4436.0,4436.0,4436.0,4436.0,4436.0,4436.0,4436.0,4436.0,4436.0,4436.0,4436.0,4436.0,4436.0,4436.0,4436.0,4436.0,4436.0,4436.0,4436.0,4436.0,4436.0,4436.0,4436.0,4436.0,4436.0
1709.0,1709.0,1709.0,1709.0,1709,1709.0,1709.0,5905.0,5905.0,5905.0,2221.0,2221.0,4886.0,4886.0,4886.0,4886.0,4886.0,4886.0,4886.0,4886.0,4886.0,4886.0,4886.0,4886.0,4886.0,4886.0,4886.0,4886.0,4886.0,4886.0,4886.0,4886.0,4886.0,4886.0,4886.0,4886.0,4886.0,4886.0,4886.0,4886.0
1781.0,1781.0,1781.0,1781.0,1781,1781.0,1781.0,6939.0,6939.0,6939.0,2609.0,2609.0,5064.0,5064.0,5064.0,5064.0,5064.0,5064.0,5064.0,5064.0,5064.0,5064.0,5064.0,5064.0,5064.0,5064.0,5064.0,5064.0,5064.0,5064.0,5064.0,5064.0,5064.0,5064.0,5064.0,5064.0,5064.0,5064.0,5064.0,5064.0
1831.0,1831.0,1831.0,1831.0,1831,1831.0,1831.0,7197.0,7197.0,7197.0,2695.0,2695.0,5142.0,5142.0,5142.0,5142.0,5142.0,5142.0,5142.0,5142.0,5142.0,5142.0,5142.0,5142.0,5142.0,5142.0,5142.0,5142.0,5142.0,5142.0,5142.0,5142.0,5142.0,5142.0,5142.0,5142.0,5142.0,5142.0,5142.0,5142.0
1901.0,1901.0,1901.0,1901.0,1901,1901.0,1901.0,21250.0,21250.0,21250.0,3073.0,3073.0,5276.0,5276.0,5276.0,5276.0,5276.0,5276.0,5276.0,5276.0,5276.0,5276.0,5276.0,5276.0,5276.0,5276.0,5276.0,5276.0,5276.0,5276.0,5276.0,5276.0,5276.0,5276.0,5276.0,5276.0,5276.0,5276.0,5276.0,5276.0
1999.0,1999.0,1999.0,1999.0,1999,1999.0,1999.0,8031.0,8031.0,8031.0,3561.0,3561.0,5496.0,5496.0,5496.0,5496.0,5496.0,5496.0,5496.0,5496.0,5496.0,5496.0,5496.0,5496.0,5496.0,5496.0,5496.0,5496.0,5496.0,5496.0,5496.0,5496.0,5496.0,5496.0,5496.0,5496.0,5496.0,5496.0,5496.0,5496.0
19618.0,19618.0,19618.0,19618.0,19618,19618.0,19618.0,8055.0,8055.0,8055.0,3935.0,3935.0,5542.0,5542.0,5542.0,5542.0,5542.0,5542.0,5542.0,5542.0,5542.0,5542.0,5542.0,5542.0,5542.0,5542.0,5542.0,5542.0,5542.0,5542.0,5542.0,5542.0,5542.0,5542.0,5542.0,5542.0,5542.0,5542.0,5542.0,5542.0
19627.0,19627.0,19627.0,19627.0,19627,19627.0,19627.0,8279.0,8279.0,8279.0,20338.0,20338.0,5616.0,5616.0,5616.0,5616.0,5616.0,5616.0,5616.0,5616.0,5616.0,5616.0,5616.0,5616.0,5616.0,5616.0,5616.0,5616.0,5616.0,5616.0,5616.0,5616.0,5616.0,5616.0,5616.0,5616.0,5616.0,5616.0,5616.0,5616.0
2123.0,2123.0,2123.0,2123.0,2123,2123.0,2123.0,8589.0,8589.0,8589.0,4415.0,4415.0,5756.0,5756.0,5756.0,5756.0,5756.0,5756.0,5756.0,5756.0,5756.0,5756.0,5756.0,5756.0,5756.0,5756.0,5756.0,5756.0,5756.0,5756.0,5756.0,5756.0,5756.0,5756.0,5756.0,5756.0,5756.0,5756.0,5756.0,5756.0
2217.0,2217.0,2217.0,2217.0,2217,2217.0,2217.0,8697.0,8697.0,8697.0,4685.0,4685.0,6098.0,6098.0,6098.0,6098.0,6098.0,6098.0,6098.0,6098.0,6098.0,6098.0,6098.0,6098.0,6098.0,6098.0,6098.0,6098.0,6098.0,6098.0,6098.0,6098.0,6098.0,6098.0,6098.0,6098.0,6098.0,6098.0,6098.0,6098.0
2307.0,2307.0,2307.0,2307.0,2307,2307.0,2307.0,9019.0,9019.0,9019.0,20473.0,20473.0,6594.0,6594.0,6594.0,6594.0,6594.0,6594.0,6594.0,6594.0,6594.0,6594.0,6594.0,6594.0,6594.0,6594.0,6594.0,6594.0,6594.0,6594.0,6594.0,6594.0,6594.0,6594.0,6594.0,6594.0,6594.0,6594.0,6594.0,6594.0
2487.0,2487.0,2487.0,2487.0,2487,2487.0,2487.0,21805.0,21805.0,21805.0,4725.0,4725.0,7052.0,7052.0,7052.0,7052.0,7052.0,7052.0,7052.0,7052.0,7052.0,7052.0,7052.0,7052.0,7052.0,7052.0,7052.0,7052.0,7052.0,7052.0,7052.0,7052.0,7052.0,7052.0,7052.0,7052.0,7052.0,7052.0,7052.0,7052.0
19831.0,19831.0,19831.0,19831.0,19831,19831.0,19831.0,9413.0,9413.0,9413.0,4973.0,4973.0,8108.0,8108.0,8108.0,8108.0,8108.0,8108.0,8108.0,8108.0,8108.0,8108.0,8108.0,8108.0,8108.0,8108.0,8108.0,8108.0,8108.0,8108.0,8108.0,8108.0,8108.0,8108.0,8108.0,8108.0,8108.0,8108.0,8108.0,8108.0
2799.0,2799.0,2799.0,2799.0,2799,2799.0,2799.0,9949.0,9949.0,9949.0,5275.0,5275.0,8154.0,8154.0,8154.0,8154.0,8154.0,8154.0,8154.0,8154.0,8154.0,8154.0,8154.0,8154.0,8154.0,8154.0,8154.0,8154.0,8154.0,8154.0,8154.0,8154.0,8154.0,8154.0,8154.0,8154.0,8154.0,8154.0,8154.0,8154.0
2847.0,2847.0,2847.0,2847.0,2847,2847.0,2847.0,10167.0,10167.0,10167.0,5313.0,5313.0,21444.0,21444.0,21444.0,21444.0,21444.0,21444.0,21444.0,21444.0,21444.0,21444.0,21444.0,21444.0,21444.0,21444.0,21444.0,21444.0,21444.0,21444.0,21444.0,21444.0,21444.0,21444.0,21444.0,21444.0,21444.0,21444.0,21444.0,21444.0
2905.0,2905.0,2905.0,2905.0,2905,2905.0,2905.0,22168.0,22168.0,22168.0,5315.0,5315.0,8662.0,8662.0,8662.0,8662.0,8662.0,8662.0,8662.0,8662.0,8662.0,8662.0,8662.0,8662.0,8662.0,8662.0,8662.0,8662.0,8662.0,8662.0,8662.0,8662.0,8662.0,8662.0,8662.0,8662.0,8662.0,8662.0,8662.0,8662.0
19894.0,19894.0,19894.0,19894.0,19894,19894.0,19894.0,10981.0,10981.0,10981.0,5317.0,5317.0,9332.0,9332.0,9332.0,9332.0,9332.0,9332.0,9332.0,9332.0,9332.0,9332.0,9332.0,9332.0,9332.0,9332.0,9332.0,9332.0,9332.0,9332.0,9332.0,9332.0,9332.0,9332.0,9332.0,9332.0,9332.0,9332.0,9332.0,9332.0
3049.0,3049.0,3049.0,3049.0,3049,3049.0,3049.0,11555.0,11555.0,11555.0,20677.0,20677.0,10390.0,10390.0,10390.0,10390.0,10390.0,10390.0,10390.0,10390.0,10390.0,10390.0,10390.0,10390.0,10390.0,10390.0,10390.0,10390.0,10390.0,10390.0,10390.0,10390.0,10390.0,10390.0,10390.0,10390.0,10390.0,10390.0,10390.0,10390.0
3057.0,3057.0,3057.0,3057.0,3057,3057.0,3057.0,11813.0,11813.0,11813.0,5591.0,5591.0,10598.0,10598.0,10598.0,10598.0,10598.0,10598.0,10598.0,10598.0,10598.0,10598.0,10598.0,10598.0,10598.0,10598.0,10598.0,10598.0,10598.0,10598.0,10598.0,10598.0,10598.0,10598.0,10598.0,10598.0,10598.0,10598.0,10598.0,10598.0
3149.0,3149.0,3149.0,3149.0,3149,3149.0,3149.0,12189.0,12189.0,12189.0,20773.0,20773.0,11736.0,11736.0,11736.0,11736.0,11736.0,11736.0,11736.0,11736.0,11736.0,11736.0,11736.0,11736.0,11736.0,11736.0,11736.0,11736.0,11736.0,11736.0,11736.0,11736.0,11736.0,11736.0,11736.0,11736.0,11736.0,11736.0,11736.0,11736.0
19942.0,19942.0,19942.0,19942.0,19942,19942.0,19942.0,12997.0,12997.0,12997.0,5863.0,5863.0,12078.0,12078.0,12078.0,12078.0,12078.0,12078.0,12078.0,12078.0,12078.0,12078.0,12078.0,12078.0,12078.0,12078.0,12078.0,12078.0,12078.0,12078.0,12078.0,12078.0,12078.0,12078.0,12078.0,12078.0,12078.0,12078.0,12078.0,12078.0
19972.0,19972.0,19972.0,19972.0,19972,19972.0,19972.0,13101.0,13101.0,13101.0,6123.0,6123.0,12170.0,12170.0,12170.0,12170.0,12170.0,12170.0,12170.0,12170.0,12170.0,12170.0,12170.0,12170.0,12170.0,12170.0,12170.0,12170.0,12170.0,12170.0,12170.0,12170.0,12170.0,12170.0,12170.0,12170.0,12170.0,12170.0,12170.0,12170.0
3387.0,3387.0,3387.0,3387.0,3387,3387.0,3387.0,14197.0,14197.0,14197.0,20884.0,20884.0,12436.0,12436.0,12436.0,12436.0,12436.0,12436.0,12436.0,12436.0,12436.0,12436.0,12436.0,12436.0,12436.0,12436.0,12436.0,12436.0,12436.0,12436.0,12436.0,12436.0,12436.0,12436.0,12436.0,12436.0,12436.0,12436.0,12436.0,12436.0
3399.0,3399.0,3399.0,3399.0,3399,3399.0,3399.0,15313.0,15313.0,15313.0,6617.0,6617.0,12630.0,12630.0,12630.0,12630.0,12630.0,12630.0,12630.0,12630.0,12630.0,12630.0,12630.0,12630.0,12630.0,12630.0,12630.0,12630.0,12630.0,12630.0,12630.0,12630.0,12630.0,12630.0,12630.0,12630.0,12630.0,12630.0,12630.0,12630.0
25360.0,25360.0,25360.0,25360.0,25360,25360.0,25360.0,15959.0,15959.0,15959.0,7189.0,7189.0,12878.0,12878.0,12878.0,12878.0,12878.0,12878.0,12878.0,12878.0,12878.0,12878.0,12878.0,12878.0,12878.0,12878.0,12878.0,12878.0,12878.0,12878.0,12878.0,12878.0,12878.0,12878.0,12878.0,12878.0,12878.0,12878.0,12878.0,12878.0
3555.0,3555.0,3555.0,3555.0,3555,3555.0,3555.0,15961.0,15961.0,15961.0,7301.0,7301.0,12994.0,12994.0,12994.0,12994.0,12994.0,12994.0,12994.0,12994.0,12994.0,12994.0,12994.0,12994.0,12994.0,12994.0,12994.0,12994.0,12994.0,12994.0,12994.0,12994.0,12994.0,12994.0,12994.0,12994.0,12994.0,12994.0,12994.0,12994.0
3879.0,3879.0,3879.0,3879.0,3879,3879.0,3879.0,16199.0,16199.0,16199.0,7661.0,7661.0,23124.0,23124.0,23124.0,23124.0,23124.0,23124.0,23124.0,23124.0,23124.0,23124.0,23124.0,23124.0,23124.0,23124.0,23124.0,23124.0,23124.0,23124.0,23124.0,23124.0,23124.0,23124.0,23124.0,23124.0,23124.0,23124.0,23124.0,23124.0
3945.0,3945.0,3945.0,3945.0,3945,3945.0,3945.0,16929.0,16929.0,16929.0,7733.0,7733.0,13638.0,13638.0,13638.0,13638.0,13638.0,13638.0,13638.0,13638.0,13638.0,13638.0,13638.0,13638.0,13638.0,13638.0,13638.0,13638.0,13638.0,13638.0,13638.0,13638.0,13638.0,13638.0,13638.0,13638.0,13638.0,13638.0,13638.0,13638.0
3961.0,3961.0,3961.0,3961.0,3961,3961.0,3961.0,24499.0,24499.0,24499.0,8013.0,8013.0,23574.0,23574.0,23574.0,23574.0,23574.0,23574.0,23574.0,23574.0,23574.0,23574.0,23574.0,23574.0,23574.0,23574.0,23574.0,23574.0,23574.0,23574.0,23574.0,23574.0,23574.0,23574.0,23574.0,23574.0,23574.0,23574.0,23574.0,23574.0
4015.0,4015.0,4015.0,4015.0,4015,4015.0,4015.0,17183.0,17183.0,17183.0,8421.0,8421.0,14302.0,14302.0,14302.0,14302.0,14302.0,14302.0,14302.0,14302.0,14302.0,14302.0,14302.0,14302.0,14302.0,14302.0,14302.0,14302.0,14302.0,14302.0,14302.0,14302.0,14302.0,14302.0,14302.0,14302.0,14302.0,14302.0,14302.0,14302.0
4193.0,4193.0,4193.0,4193.0,4193,4193.0,4193.0,17689.0,17689.0,17689.0,8489.0,8489.0,15084.0,15084.0,15084.0,15084.0,15084.0,15084.0,15084.0,15084.0,15084.0,15084.0,15084.0,15084.0,15084.0,15084.0,15084.0,15084.0,15084.0,15084.0,15084.0,15084.0,15084.0,15084.0,15084.0,15084.0,15084.0,15084.0,15084.0,15084.0
4301.0,4301.0,4301.0,4301.0,4301,4301.0,4301.0,24832.0,24832.0,24832.0,8683.0,8683.0,15756.0,15756.0,15756.0,15756.0,15756.0,15756.0,15756.0,15756.0,15756.0,15756.0,15756.0,15756.0,15756.0,15756.0,15756.0,15756.0,15756.0,15756.0,15756.0,15756.0,15756.0,15756.0,15756.0,15756.0,15756.0,15756.0,15756.0,15756.0
4303.0,4303.0,4303.0,4303.0,4303,4303.0,4303.0,17889.0,17889.0,17889.0,8779.0,8779.0,16200.0,16200.0,16200.0,16200.0,16200.0,16200.0,16200.0,16200.0,16200.0,16200.0,16200.0,16200.0,16200.0,16200.0,16200.0,16200.0,16200.0,16200.0,16200.0,16200.0,16200.0,16200.0,16200.0,16200.0,16200.0,16200.0,16200.0,16200.0
20350.0,20350.0,20350.0,20350.0,20350,20350.0,20350.0,24964.0,24964.0,24964.0,8827.0,8827.0,24411.0,24411.0,24411.0,24411.0,24411.0,24411.0,24411.0,24411.0,24411.0,24411.0,24411.0,24411.0,24411.0,24411.0,24411.0,24411.0,24411.0,24411.0,24411.0,24411.0,24411.0,24411.0,24411.0,24411.0,24411.0,24411.0,24411.0,24411.0
4523.0,4523.0,4523.0,4523.0,4523,4523.0,4523.0,24991.0,24991.0,24991.0,8913.0,8913.0,17030.0,17030.0,17030.0,17030.0,17030.0,17030.0,17030.0,17030.0,17030.0,17030.0,17030.0,17030.0,17030.0,17030.0,17030.0,17030.0,17030.0,17030.0,17030.0,17030.0,17030.0,17030.0,17030.0,17030.0,17030.0,17030.0,17030.0,17030.0
4657.0,4657.0,4657.0,4657.0,4657,4657.0,4657.0,18327.0,18327.0,18327.0,9077.0,9077.0,17394.0,17394.0,17394.0,17394.0,17394.0,17394.0,17394.0,17394.0,17394.0,17394.0,17394.0,17394.0,17394.0,17394.0,17394.0,17394.0,17394.0,17394.0,17394.0,17394.0,17394.0,17394.0,17394.0,17394.0,17394.0,17394.0,17394.0,17394.0
4695.0,4695.0,4695.0,4695.0,4695,4695.0,4695.0,,19105.0,19105.0,9417.0,9417.0,17438.0,17438.0,17438.0,17438.0,17438.0,17438.0,17438.0,17438.0,17438.0,17438.0,17438.0,17438.0,17438.0,17438.0,17438.0,17438.0,17438.0,17438.0,17438.0,17438.0,17438.0,17438.0,17438.0,17438.0,17438.0,17438.0,17438.0,17438.0
4723.0,4723.0,4723.0,4723.0,4723,4723.0,4723.0,,843.0,843.0,9869.0,9869.0,17938.0,17938.0,17938.0,17938.0,17938.0,17938.0,17938.0,17938.0,17938.0,17938.0,17938.0,17938.0,17938.0,17938.0,17938.0,17938.0,17938.0,17938.0,17938.0,17938.0,17938.0,17938.0,17938.0,17938.0,17938.0,17938.0,17938.0,17938.0
4771.0,4771.0,4771.0,4771.0,4771,4771.0,4771.0,,1107.0,1107.0,9907.0,9907.0,18134.0,18134.0,18134.0,18134.0,18134.0,18134.0,18134.0,18134.0,18134.0,18134.0,18134.0,18134.0,18134.0,18134.0,18134.0,18134.0,18134.0,18134.0,18134.0,18134.0,18134.0,18134.0,18134.0,18134.0,18134.0,18134.0,18134.0,18134.0
4799.0,4799.0,4799.0,4799.0,4799,4799.0,4799.0,,19426.0,19426.0,9915.0,9915.0,18460.0,18460.0,18460.0,18460.0,18460.0,18460.0,18460.0,18460.0,18460.0,18460.0,18460.0,18460.0,18460.0,18460.0,18460.0,18460.0,18460.0,18460.0,18460.0,18460.0,18460.0,18460.0,18460.0,18460.0,18460.0,18460.0,18460.0,18460.0
4833.0,4833.0,4833.0,4833.0,4833,4833.0,4833.0,,1443.0,1443.0,10035.0,10035.0,19002.0,19002.0,19002.0,19002.0,19002.0,19002.0,19002.0,19002.0,19002.0,19002.0,19002.0,19002.0,19002.0,19002.0,19002.0,19002.0,19002.0,19002.0,19002.0,19002.0,19002.0,19002.0,19002.0,19002.0,19002.0,19002.0,19002.0,19002.0
4861.0,4861.0,4861.0,4861.0,4861,4861.0,4861.0,,19492.0,19492.0,10113.0,10113.0,,397.0,397.0,397.0,397.0,397.0,347.0,347.0,347.0,159.0,159.0,159.0,159.0,159.0,159.0,159.0,159.0,5103.0,5103.0,5103.0,5103.0,19108.0,19108.0,19108.0,19108.0,20545.0,534.0,534.0
4915.0,4915.0,4915.0,4915.0,4915,4915.0,4915.0,,1859.0,1859.0,10153.0,10153.0,,445.0,445.0,445.0,445.0,445.0,1153.0,1153.0,1153.0,937.0,937.0,937.0,937.0,937.0,937.0,937.0,937.0,20812.0,20812.0,20812.0,20812.0,407.0,407.0,407.0,407.0,5691.0,19479.0,19479.0
4979.0,4979.0,4979.0,4979.0,4979,4979.0,4979.0,,19858.0,19858.0,10239.0,10239.0,,19510.0,19510.0,19510.0,19510.0,19510.0,1229.0,1229.0,1229.0,2655.0,2655.0,2655.0,2655.0,2655.0,2655.0,2655.0,2655.0,6125.0,6125.0,6125.0,6125.0,765.0,765.0,765.0,765.0,13597.0,2678.0,2678.0
5027.0,5027.0,5027.0,5027.0,5027,5027.0,5027.0,,3389.0,3389.0,10607.0,10607.0,,2465.0,2465.0,2465.0,2465.0,2465.0,1673.0,1673.0,1673.0,2791.0,2791.0,2791.0,2791.0,2791.0,2791.0,2791.0,2791.0,6405.0,6405.0,6405.0,6405.0,1651.0,1651.0,1651.0,1651.0,13673.0,4630.0,4630.0
20563.0,20563.0,20563.0,20563.0,20563,20563.0,20563.0,,3493.0,3493.0,22264.0,22264.0,,3283.0,3283.0,3283.0,3283.0,3283.0,1903.0,1903.0,1903.0,20017.0,20017.0,20017.0,20017.0,20017.0,20017.0,20017.0,20017.0,6787.0,6787.0,6787.0,6787.0,22129.0,22129.0,22129.0,22129.0,16229.0,7700.0,7700.0
20596.0,20596.0,20596.0,20596.0,20596,20596.0,20596.0,,3893.0,3893.0,10687.0,10687.0,,3685.0,3685.0,3685.0,3685.0,3685.0,2065.0,2065.0,2065.0,20074.0,20074.0,20074.0,20074.0,20074.0,20074.0,20074.0,20074.0,7495.0,7495.0,7495.0,7495.0,25704.0,25704.0,25704.0,25704.0,17117.0,9854.0,9854.0
5259.0,5259.0,5259.0,5259.0,5259,5259.0,5259.0,,4195.0,4195.0,22351.0,22351.0,,20323.0,20323.0,20323.0,20323.0,20323.0,2213.0,2213.0,2213.0,20137.0,20137.0,20137.0,20137.0,20137.0,20137.0,20137.0,20137.0,7995.0,7995.0,7995.0,7995.0,13605.0,13605.0,13605.0,13605.0,18293.0,10492.0,10492.0
5325.0,5325.0,5325.0,5325.0,5325,5325.0,5325.0,,4297.0,4297.0,11181.0,11181.0,,4337.0,4337.0,4337.0,4337.0,4337.0,2739.0,2739.0,2739.0,3749.0,3749.0,3749.0,3749.0,3749.0,3749.0,3749.0,3749.0,9111.0,9111.0,9111.0,9111.0,,69.0,69.0,69.0,,14908.0,14908.0
5333.0,5333.0,5333.0,5333.0,5333,5333.0,5333.0,,4409.0,4409.0,11509.0,11509.0,,4433.0,4433.0,4433.0,4433.0,4433.0,2877.0,2877.0,2877.0,3871.0,3871.0,3871.0,3871.0,3871.0,3871.0,3871.0,3871.0,22117.0,22117.0,22117.0,22117.0,,1235.0,1235.0,1235.0,,,107.0
5533.0,5533.0,5533.0,5533.0,5533,5533.0,5533.0,,4693.0,4693.0,11517.0,11517.0,,6379.0,6379.0,6379.0,6379.0,6379.0,2899.0,2899.0,2899.0,5141.0,5141.0,5141.0,5141.0,5141.0,5141.0,5141.0,5141.0,12157.0,12157.0,12157.0,12157.0,,1397.0,1397.0,1397.0,,,199.0
5571.0,5571.0,5571.0,5571.0,5571,5571.0,5571.0,,4977.0,4977.0,11605.0,11605.0,,6615.0,6615.0,6615.0,6615.0,6615.0,3869.0,3869.0,3869.0,5271.0,5271.0,5271.0,5271.0,5271.0,5271.0,5271.0,5271.0,25656.0,25656.0,25656.0,25656.0,,1431.0,1431.0,1431.0,,,753.0
5893.0,5893.0,5893.0,5893.0,5893,5893.0,5893.0,,5281.0,5281.0,22585.0,22585.0,,21232.0,21232.0,21232.0,21232.0,21232.0,4187.0,4187.0,4187.0,20983.0,20983.0,20983.0,20983.0,20983.0,20983.0,20983.0,20983.0,12393.0,12393.0,12393.0,12393.0,,2079.0,2079.0,2079.0,,,1399.0
5909.0,5909.0,5909.0,5909.0,5909,5909.0,5909.0,,5765.0,5765.0,22636.0,22636.0,,8271.0,8271.0,8271.0,8271.0,8271.0,6265.0,6265.0,6265.0,21562.0,21562.0,21562.0,21562.0,21562.0,21562.0,21562.0,21562.0,12635.0,12635.0,12635.0,12635.0,,2167.0,2167.0,2167.0,,,1405.0
5911.0,5911.0,5911.0,5911.0,5911,5911.0,5911.0,,5773.0,5773.0,11997.0,11997.0,,8795.0,8795.0,8795.0,8795.0,8795.0,6369.0,6369.0,6369.0,8943.0,8943.0,8943.0,8943.0,8943.0,8943.0,8943.0,8943.0,22969.0,22969.0,22969.0,22969.0,,2461.0,2461.0,2461.0,,,2005.0
6043.0,6043.0,6043.0,6043.0,6043,6043.0,6043.0,,5921.0,5921.0,25632.0,25632.0,,21619.0,21619.0,21619.0,21619.0,21619.0,6501.0,6501.0,6501.0,10817.0,10817.0,10817.0,10817.0,10817.0,10817.0,10817.0,10817.0,13131.0,13131.0,13131.0,13131.0,,2885.0,2885.0,2885.0,,,25316.0
6107.0,6107.0,6107.0,6107.0,6107,6107.0,6107.0,,6799.0,6799.0,12475.0,12475.0,,9517.0,9517.0,9517.0,9517.0,9517.0,6929.0,6929.0,6929.0,11789.0,11789.0,11789.0,11789.0,11789.0,11789.0,11789.0,11789.0,23374.0,23374.0,23374.0,23374.0,,2921.0,2921.0,2921.0,,,20335.0
20866.0,20866.0,20866.0,20866.0,20866,20866.0,20866.0,,21136.0,21136.0,12511.0,12511.0,,9617.0,9617.0,9617.0,9617.0,9617.0,7303.0,7303.0,7303.0,13375.0,13375.0,13375.0,13375.0,13375.0,13375.0,13375.0,13375.0,14645.0,14645.0,14645.0,14645.0,,3059.0,3059.0,3059.0,,,4989.0
6131.0,6131.0,6131.0,6131.0,6131,6131.0,6131.0,,7173.0,7173.0,12575.0,12575.0,,9733.0,9733.0,9733.0,9733.0,9733.0,7483.0,7483.0,7483.0,15967.0,15967.0,15967.0,15967.0,15967.0,15967.0,15967.0,15967.0,23986.0,23986.0,23986.0,23986.0,,3277.0,3277.0,3277.0,,,20665.0
20878.0,20878.0,20878.0,20878.0,20878,20878.0,20878.0,,7347.0,7347.0,12681.0,12681.0,,9753.0,9753.0,9753.0,9753.0,9753.0,7569.0,7569.0,7569.0,16441.0,16441.0,16441.0,16441.0,16441.0,16441.0,16441.0,16441.0,17045.0,17045.0,17045.0,17045.0,,4163.0,4163.0,4163.0,,,6011.0
6145.0,6145.0,6145.0,6145.0,6145,6145.0,6145.0,,7409.0,7409.0,22996.0,22996.0,,9803.0,9803.0,9803.0,9803.0,9803.0,7987.0,7987.0,7987.0,17533.0,17533.0,17533.0,17533.0,17533.0,17533.0,17533.0,17533.0,17249.0,17249.0,17249.0,17249.0,,4211.0,4211.0,4211.0,,,6087.0
6159.0,6159.0,6159.0,6159.0,6159,6159.0,6159.0,,8151.0,8151.0,23008.0,23008.0,,10111.0,10111.0,10111.0,10111.0,10111.0,8153.0,8153.0,8153.0,17669.0,17669.0,17669.0,17669.0,17669.0,17669.0,17669.0,17669.0,24715.0,24715.0,24715.0,24715.0,,5417.0,5417.0,5417.0,,,7033.0
20911.0,20911.0,20911.0,20911.0,20911,20911.0,20911.0,,8317.0,8317.0,12993.0,12993.0,,11271.0,11271.0,11271.0,11271.0,11271.0,8221.0,8221.0,8221.0,17961.0,17961.0,17961.0,17961.0,17961.0,17961.0,17961.0,17961.0,17553.0,17553.0,17553.0,17553.0,,5941.0,5941.0,5941.0,,,7183.0
6283.0,6283.0,6283.0,6283.0,6283,6283.0,6283.0,,9381.0,9381.0,13073.0,13073.0,,11553.0,11553.0,11553.0,11553.0,11553.0,8979.0,8979.0,8979.0,25078.0,25078.0,25078.0,25078.0,25078.0,25078.0,25078.0,25078.0,18049.0,18049.0,18049.0,18049.0,,6491.0,6491.0,6491.0,,,8369.0
6687.0,6687.0,6687.0,6687.0,6687,6687.0,6687.0,,9515.0,9515.0,13263.0,13263.0,,12025.0,12025.0,12025.0,12025.0,12025.0,8981.0,8981.0,8981.0,18591.0,18591.0,18591.0,18591.0,18591.0,18591.0,18591.0,18591.0,25060.0,25060.0,25060.0,25060.0,,7671.0,7671.0,7671.0,,,8431.0
6775.0,6775.0,6775.0,6775.0,6775,6775.0,6775.0,,10821.0,10821.0,13277.0,13277.0,,12975.0,12975.0,12975.0,12975.0,12975.0,9301.0,9301.0,9301.0,,19192.0,19192.0,77.0,19840.0,19840.0,19840.0,19840.0,,19408.0,19408.0,19408.0,,8903.0,8903.0,8903.0,,,8545.0
6945.0,6945.0,6945.0,6945.0,6945,6945.0,6945.0,,22447.0,22447.0,13293.0,13293.0,,13989.0,13989.0,13989.0,13989.0,13989.0,9393.0,9393.0,9393.0,,1341.0,1341.0,2043.0,4811.0,4811.0,4811.0,4811.0,,1515.0,1515.0,1515.0,,9405.0,9405.0,9405.0,,,8791.0
6951.0,6951.0,6951.0,6951.0,6951,6951.0,6951.0,,11801.0,11801.0,13591.0,13591.0,,14125.0,14125.0,14125.0,14125.0,14125.0,9571.0,9571.0,9571.0,,19453.0,19453.0,2385.0,5817.0,5817.0,5817.0,5817.0,,4499.0,4499.0,4499.0,,9863.0,9863.0,9863.0,,,11841.0
6973.0,6973.0,6973.0,6973.0,6973,6973.0,6973.0,,11851.0,11851.0,13763.0,13763.0,,25792.0,25792.0,25792.0,25792.0,25792.0,9743.0,9743.0,9743.0,,19513.0,19513.0,3969.0,11199.0,11199.0,11199.0,11199.0,,4869.0,4869.0,4869.0,,10329.0,10329.0,10329.0,,,12709.0
6979.0,6979.0,6979.0,6979.0,6979,6979.0,6979.0,,11979.0,11979.0,23431.0,23431.0,,15187.0,15187.0,15187.0,15187.0,15187.0,21973.0,21973.0,21973.0,,2565.0,2565.0,4411.0,25820.0,25820.0,25820.0,25820.0,,20611.0,20611.0,20611.0,,12123.0,12123.0,12123.0,,,12857.0
7029.0,7029.0,7029.0,7029.0,7029,7029.0,7029.0,,22723.0,22723.0,13875.0,13875.0,,24217.0,24217.0,24217.0,24217.0,24217.0,9993.0,9993.0,9993.0,,3133.0,3133.0,20635.0,,1113.0,333.0,333.0,,5491.0,5491.0,5491.0,,12843.0,12843.0,12843.0,,,13579.0
7045.0,7045.0,7045.0,7045.0,7045,7045.0,7045.0,,25672.0,25672.0,13903.0,13903.0,,24256.0,24256.0,24256.0,24256.0,24256.0,22036.0,22036.0,22036.0,,20245.0,20245.0,5931.0,,1995.0,19927.0,19927.0,,7897.0,7897.0,7897.0,,23050.0,23050.0,23050.0,,,13599.0
21190.0,21190.0,21190.0,21190.0,21190,21190.0,21190.0,,22990.0,22990.0,14057.0,14057.0,,25872.0,25872.0,25872.0,25872.0,25872.0,10417.0,10417.0,10417.0,,20278.0,20278.0,7687.0,,20575.0,3821.0,3821.0,,9043.0,9043.0,9043.0,,13525.0,13525.0,13525.0,,,23593.0
7217.0,7217.0,7217.0,7217.0,7217,7217.0,7217.0,,13529.0,13529.0,25756.0,25756.0,,16403.0,16403.0,16403.0,16403.0,16403.0,10577.0,10577.0,10577.0,,4633.0,4633.0,7925.0,,5627.0,4671.0,4671.0,,9125.0,9125.0,9125.0,,14195.0,14195.0,14195.0,,,16179.0
7381.0,7381.0,7381.0,7381.0,7381,7381.0,7381.0,,13737.0,13737.0,14235.0,14235.0,,24364.0,24364.0,24364.0,24364.0,24364.0,10593.0,10593.0,10593.0,,4859.0,4859.0,25500.0,,5695.0,4889.0,4889.0,,9379.0,9379.0,9379.0,,14449.0,14449.0,14449.0,,,17679.0
7547.0,7547.0,7547.0,7547.0,7547,7547.0,7547.0,,13941.0,13941.0,14487.0,14487.0,,16587.0,16587.0,16587.0,16587.0,16587.0,10701.0,10701.0,10701.0,,5061.0,5061.0,21679.0,,6083.0,20614.0,20614.0,,10219.0,10219.0,10219.0,,15787.0,15787.0,15787.0,,,18535.0
7585.0,7585.0,7585.0,7585.0,7585,7585.0,7585.0,,14845.0,14845.0,14507.0,14507.0,,16747.0,16747.0,16747.0,16747.0,16747.0,10715.0,10715.0,10715.0,,5785.0,5785.0,9211.0,,8583.0,6129.0,6129.0,,11953.0,11953.0,11953.0,,16041.0,16041.0,16041.0,,,
7647.0,7647.0,7647.0,7647.0,7647,7647.0,7647.0,,15277.0,15277.0,14787.0,14787.0,,17579.0,17579.0,17579.0,17579.0,17579.0,22342.0,22342.0,22342.0,,7109.0,7109.0,9275.0,,9233.0,7559.0,7559.0,,22828.0,22828.0,22828.0,,18161.0,18161.0,18161.0,,,
7909.0,7909.0,7909.0,7909.0,7909,7909.0,7909.0,,23992.0,23992.0,15009.0,15009.0,,18587.0,18587.0,18587.0,18587.0,18587.0,11043.0,11043.0,11043.0,,7981.0,7981.0,10881.0,,9501.0,7751.0,7751.0,,22885.0,22885.0,22885.0,,18171.0,18171.0,18171.0,,,
8009.0,8009.0,8009.0,8009.0,8009,8009.0,8009.0,,15549.0,15549.0,24055.0,24055.0,,18667.0,18667.0,18667.0,18667.0,18667.0,11839.0,11839.0,11839.0,,8093.0,8093.0,22747.0,,9555.0,8861.0,8861.0,,13551.0,13551.0,13551.0,,,585.0,739.0,,,
8017.0,8017.0,8017.0,8017.0,8017,8017.0,8017.0,,17213.0,17213.0,15739.0,15739.0,,18873.0,18873.0,18873.0,18873.0,18873.0,12197.0,12197.0,12197.0,,8313.0,8313.0,13231.0,,23488.0,10125.0,10125.0,,14525.0,14525.0,14525.0,,,1181.0,793.0,,,
8107.0,8107.0,8107.0,8107.0,8107,8107.0,8107.0,,17461.0,17461.0,16423.0,16423.0,,,1435.0,1435.0,563.0,563.0,23224.0,23224.0,23224.0,,9737.0,9737.0,14003.0,,14111.0,22144.0,22144.0,,14751.0,14751.0,14751.0,,,1223.0,2841.0,,,
8185.0,8185.0,8185.0,8185.0,8185,8185.0,8185.0,,17489.0,17489.0,16987.0,16987.0,,,2961.0,2961.0,2161.0,2161.0,13387.0,13387.0,13387.0,,22231.0,22231.0,14655.0,,18567.0,22246.0,22246.0,,14803.0,14803.0,14803.0,,,4161.0,4009.0,,,
8277.0,8277.0,8277.0,8277.0,8277,8277.0,8277.0,,17805.0,17805.0,17223.0,17223.0,,,4237.0,4237.0,19660.0,19660.0,13807.0,13807.0,13807.0,,10957.0,10957.0,15543.0,,18619.0,12981.0,12981.0,,24259.0,24259.0,24259.0,,,20305.0,5067.0,,,
8333.0,8333.0,8333.0,8333.0,8333,8333.0,8333.0,,18077.0,18077.0,17403.0,17403.0,,,5651.0,5651.0,19666.0,19666.0,13869.0,13869.0,13869.0,,11477.0,11477.0,16911.0,,,13311.0,13311.0,,16993.0,16993.0,16993.0,,,25388.0,6181.0,,,
8399.0,8399.0,8399.0,8399.0,8399,8399.0,8399.0,,18689.0,18689.0,17845.0,17845.0,,,8371.0,8371.0,4061.0,4061.0,23713.0,23713.0,23713.0,,22573.0,22573.0,18721.0,,,14025.0,14025.0,,17609.0,17609.0,17609.0,,,7001.0,6281.0,,,
8417.0,8417.0,8417.0,8417.0,8417,8417.0,8417.0,,,811.0,17991.0,17991.0,,,9227.0,9227.0,4295.0,4295.0,14747.0,14747.0,14747.0,,12535.0,12535.0,18899.0,,,14975.0,14975.0,,18847.0,18847.0,18847.0,,,8461.0,6645.0,,,
8467.0,8467.0,8467.0,8467.0,8467,8467.0,8467.0,,,2649.0,18065.0,18065.0,,,21793.0,21793.0,5157.0,5157.0,25808.0,25808.0,25808.0,,22945.0,22945.0,,,,23872.0,23872.0,,,1257.0,19120.0,,,8815.0,7457.0,,,
8543.0,8543.0,8543.0,8543.0,8543,8543.0,8543.0,,,3881.0,18345.0,18345.0,,,11141.0,11141.0,20647.0,20647.0,15665.0,15665.0,15665.0,,12769.0,12769.0,,,,15203.0,15203.0,,,19591.0,19183.0,,,13081.0,21292.0,,,
8601.0,8601.0,8601.0,8601.0,8601,8601.0,8601.0,,,9037.0,25045.0,25045.0,,,11207.0,11207.0,8993.0,8993.0,16409.0,16409.0,16409.0,,13185.0,13185.0,,,,24595.0,24595.0,,,1853.0,427.0,,,13895.0,21325.0,,,
8685.0,8685.0,8685.0,8685.0,8685,8685.0,8685.0,,,10215.0,18417.0,18417.0,,,11857.0,11857.0,11611.0,11611.0,16417.0,16417.0,16417.0,,13477.0,13477.0,,,,18775.0,18775.0,,,1935.0,19261.0,,,15209.0,7727.0,,,
8687.0,8687.0,8687.0,8687.0,8687,8687.0,8687.0,,,12173.0,18927.0,18927.0,,,12697.0,12697.0,12145.0,12145.0,17299.0,17299.0,17299.0,,23398.0,23398.0,,,,18977.0,18977.0,,,2537.0,787.0,,,17303.0,21661.0,,,
8841.0,8841.0,8841.0,8841.0,8841,8841.0,8841.0,,,14601.0,,19240.0,,,12953.0,12953.0,,501.0,17697.0,17697.0,17697.0,,13703.0,13703.0,,,,,2711.0,,,3337.0,797.0,,,18999.0,22333.0,,,
8921.0,8921.0,8921.0,8921.0,8921,8921.0,8921.0,,,15469.0,,6135.0,,,23095.0,23095.0,,697.0,17931.0,17931.0,17931.0,,23596.0,23596.0,,,,,5583.0,,,5915.0,1765.0,,,,11069.0,,,
8991.0,8991.0,8991.0,8991.0,8991,8991.0,8991.0,,,16921.0,,6735.0,,,13473.0,13473.0,,1767.0,24910.0,24910.0,24910.0,,14391.0,14391.0,,,,,11761.0,,,23356.0,1783.0,,,,12057.0,,,
9057.0,9057.0,9057.0,9057.0,9057,9057.0,9057.0,,,17647.0,,6867.0,,,23377.0,23377.0,,2177.0,18265.0,18265.0,18265.0,,14633.0,14633.0,,,,,18247.0,,,14357.0,1963.0,,,,12497.0,,,
9079.0,9079.0,9079.0,9079.0,9079,9079.0,9079.0,,,18457.0,,6985.0,,,13863.0,13863.0,,2831.0,25027.0,25027.0,25027.0,,14721.0,14721.0,,,,,18819.0,,,18601.0,2059.0,,,,14281.0,,,
9087.0,9087.0,9087.0,9087.0,9087,9087.0,9087.0,,,,,7137.0,,,15321.0,15321.0,,3089.0,18445.0,18445.0,18445.0,,14763.0,14763.0,,,,,,,,,2267.0,,,,23716.0,,,
9101.0,9101.0,9101.0,9101.0,9101,9101.0,9101.0,,,,,21547.0,,,17017.0,17017.0,,4347.0,18449.0,18449.0,18449.0,,14935.0,14935.0,,,,,,,,,19741.0,,,,14869.0,,,
9105.0,9105.0,9105.0,9105.0,9105,9105.0,9105.0,,,,,8849.0,,,24850.0,24850.0,,4765.0,18783.0,18783.0,18783.0,,15339.0,15339.0,,,,,,,,,2501.0,,,,16631.0,,,
9245.0,9245.0,9245.0,9245.0,9245,9245.0,9245.0,,,,,10659.0,,,25057.0,25057.0,,5013.0,25210.0,25210.0,25210.0,,15751.0,15751.0,,,,,,,,,3259.0,,,,24520.0,,,
9409.0,9409.0,9409.0,9409.0,9409,9409.0,9409.0,,,,,11829.0,,,,641.0,,20998.0,18893.0,18893.0,18893.0,,17135.0,17135.0,,,,,,,,,3357.0,,,,17597.0,,,
9735.0,9735.0,9735.0,9735.0,9735,9735.0,9735.0,,,,,25708.0,,,,867.0,,6765.0,25225.0,25225.0,25225.0,,17215.0,17215.0,,,,,,,,,4239.0,,,,18087.0,,,
9761.0,9761.0,9761.0,9761.0,9761,9761.0,9761.0,,,,,15829.0,,,,891.0,,7349.0,18993.0,18993.0,18993.0,,17601.0,17601.0,,,,,,,,,20311.0,,,,18745.0,,,
10037.0,10037.0,10037.0,10037.0,10037,10037.0,10037.0,,,,,17713.0,,,,1677.0,,7411.0,,123.0,123.0,,17989.0,17989.0,,,,,,,,,4613.0,,,,,,,
10095.0,10095.0,10095.0,10095.0,10095,10095.0,10095.0,,,,,,,,,4315.0,,8511.0,,531.0,531.0,,18133.0,18133.0,,,,,,,,,4883.0,,,,,,,
10237.0,10237.0,10237.0,10237.0,10237,10237.0,10237.0,,,,,,,,,20446.0,,21898.0,,1099.0,1099.0,,18373.0,18373.0,,,,,,,,,4895.0,,,,,,,
10331.0,10331.0,10331.0,10331.0,10331,10331.0,10331.0,,,,,,,,,20578.0,,11745.0,,2019.0,2019.0,,18479.0,18479.0,,,,,,,,,5819.0,,,,,,,
10423.0,10423.0,10423.0,10423.0,10423,10423.0,10423.0,,,,,,,,,5575.0,,12023.0,,2563.0,2563.0,,18631.0,18631.0,,,,,,,,,6217.0,,,,,,,
22204.0,22204.0,22204.0,22204.0,22204,22204.0,22204.0,,,,,,,,,5601.0,,12371.0,,2833.0,2833.0,,18641.0,18641.0,,,,,,,,,6613.0,,,,,,,
10597.0,10597.0,10597.0,10597.0,10597,10597.0,10597.0,,,,,,,,,21061.0,,12493.0,,6585.0,6585.0,,18889.0,18889.0,,,,,,,,,6773.0,,,,,,,
10613.0,10613.0,10613.0,10613.0,10613,10613.0,10613.0,,,,,,,,,8237.0,,22897.0,,21895.0,21895.0,,,37.0,,,,,,,,,6909.0,,,,,,,
10815.0,10815.0,10815.0,10815.0,10815,10815.0,10815.0,,,,,,,,,8811.0,,13005.0,,10455.0,10455.0,,,63.0,,,,,,,,,21256.0,,,,,,,
10831.0,10831.0,10831.0,10831.0,10831,10831.0,10831.0,,,,,,,,,8951.0,,13009.0,,22309.0,22309.0,,,487.0,,,,,,,,,7543.0,,,,,,,
22369.0,22369.0,22369.0,22369.0,22369,22369.0,22369.0,,,,,,,,,9525.0,,14331.0,,13037.0,13037.0,,,1343.0,,,,,,,,,21331.0,,,,,,,
10921.0,10921.0,10921.0,10921.0,10921,10921.0,10921.0,,,,,,,,,22384.0,,15251.0,,23200.0,23200.0,,,1429.0,,,,,,,,,8411.0,,,,,,,
10959.0,10959.0,10959.0,10959.0,10959,10959.0,10959.0,,,,,,,,,11289.0,,15275.0,,14483.0,14483.0,,,1987.0,,,,,,,,,9723.0,,,,,,,
10989.0,10989.0,10989.0,10989.0,10989,10989.0,10989.0,,,,,,,,,12585.0,,25852.0,,18597.0,18597.0,,,2263.0,,,,,,,,,10469.0,,,,,,,
11089.0,11089.0,11089.0,11089.0,11089,11089.0,11089.0,,,,,,,,,13755.0,,24469.0,,,95.0,,,3361.0,,,,,,,,,10813.0,,,,,,,
11101.0,11101.0,11101.0,11101.0,11101,11101.0,11101.0,,,,,,,,,23446.0,,16955.0,,,607.0,,,4891.0,,,,,,,,,10927.0,,,,,,,
11107.0,11107.0,11107.0,11107.0,11107,11107.0,11107.0,,,,,,,,,13847.0,,18545.0,,,19558.0,,,5331.0,,,,,,,,,11653.0,,,,,,,
11205.0,11205.0,11205.0,11205.0,11205,11205.0,11205.0,,,,,,,,,13943.0,,18643.0,,,19891.0,,,5547.0,,,,,,,,,11783.0,,,,,,,
11245.0,11245.0,11245.0,11245.0,11245,11245.0,11245.0,,,,,,,,,23554.0,,18733.0,,,3171.0,,,5555.0,,,,,,,,,12117.0,,,,,,,
11285.0,11285.0,11285.0,11285.0,11285,11285.0,11285.0,,,,,,,,,14649.0,,,,,3557.0,,,20818.0,,,,,,,,,12287.0,,,,,,,
11489.0,11489.0,11489.0,11489.0,11489,11489.0,11489.0,,,,,,,,,14785.0,,,,,20371.0,,,6031.0,,,,,,,,,12645.0,,,,,,,
11527.0,11527.0,11527.0,11527.0,11527,11527.0,11527.0,,,,,,,,,15229.0,,,,,4819.0,,,6417.0,,,,,,,,,13117.0,,,,,,,
22561.0,22561.0,22561.0,22561.0,22561,22561.0,22561.0,,,,,,,,,15907.0,,,,,6007.0,,,7971.0,,,,,,,,,13199.0,,,,,,,
11775.0,11775.0,11775.0,11775.0,11775,11775.0,11775.0,,,,,,,,,16941.0,,,,,6227.0,,,8217.0,,,,,,,,,13285.0,,,,,,,
11831.0,11831.0,11831.0,11831.0,11831,11831.0,11831.0,,,,,,,,,17201.0,,,,,21496.0,,,8911.0,,,,,,,,,23434.0,,,,,,,
11877.0,11877.0,11877.0,11877.0,11877,11877.0,11877.0,,,,,,,,,24784.0,,,,,9311.0,,,10365.0,,,,,,,,,13937.0,,,,,,,
11933.0,11933.0,11933.0,11933.0,11933,11933.0,11933.0,,,,,,,,,24877.0,,,,,21790.0,,,10477.0,,,,,,,,,14169.0,,,,,,,
11969.0,11969.0,11969.0,11969.0,11969,11969.0,11969.0,,,,,,,,,18001.0,,,,,22216.0,,,10685.0,,,,,,,,,14319.0,,,,,,,
12043.0,12043.0,12043.0,12043.0,12043,12043.0,12043.0,,,,,,,,,18209.0,,,,,22918.0,,,12373.0,,,,,,,,,14407.0,,,,,,,
12099.0,12099.0,12099.0,12099.0,12099,12099.0,12099.0,,,,,,,,,18341.0,,,,,13517.0,,,13337.0,,,,,,,,,23704.0,,,,,,,
12131.0,12131.0,12131.0,12131.0,12131,12131.0,12131.0,,,,,,,,,,,,,,13679.0,,,14497.0,,,,,,,,,15511.0,,,,,,,
12163.0,12163.0,12163.0,12163.0,12163,12163.0,12163.0,,,,,,,,,,,,,,14639.0,,,15057.0,,,,,,,,,15519.0,,,,,,,
22873.0,22873.0,22873.0,22873.0,22873,22873.0,22873.0,,,,,,,,,,,,,,14941.0,,,15881.0,,,,,,,,,15979.0,,,,,,,
12499.0,12499.0,12499.0,12499.0,12499,12499.0,12499.0,,,,,,,,,,,,,,24352.0,,,16313.0,,,,,,,,,16451.0,,,,,,,
12637.0,12637.0,12637.0,12637.0,12637,12637.0,12637.0,,,,,,,,,,,,,,18375.0,,,17035.0,,,,,,,,,24763.0,,,,,,,
12679.0,12679.0,12679.0,12679.0,12679,12679.0,12679.0,,,,,,,,,,,,,,18841.0,,,17193.0,,,,,,,,,17599.0,,,,,,,
22975.0,22975.0,22975.0,22975.0,22975,22975.0,22975.0,,,,,,,,,,,,,,,,,17343.0,,,,,,,,,17663.0,,,,,,,
12905.0,12905.0,12905.0,12905.0,12905,12905.0,12905.0,,,,,,,,,,,,,,,,,24748.0,,,,,,,,,17907.0,,,,,,,
23038.0,23038.0,23038.0,23038.0,23038,23038.0,23038.0,,,,,,,,,,,,,,,,,17539.0,,,,,,,,,18123.0,,,,,,,
13089.0,13089.0,13089.0,13089.0,13089,13089.0,13089.0,,,,,,,,,,,,,,,,,17585.0,,,,,,,,,18189.0,,,,,,,
13347.0,13347.0,13347.0,13347.0,13347,13347.0,13347.0,,,,,,,,,,,,,,,,,18381.0,,,,,,,,,18905.0,,,,,,,
13505.0,13505.0,13505.0,13505.0,13505,13505.0,13505.0,,,,,,,,,,,,,,,,,25207.0,,,,,,,,,,,,,,,,
13601.0,13601.0,13601.0,13601.0,13601,13601.0,13601.0,,,,,,,,,,,,,,,,,,,,,,,,,,,,,,,,,
13659.0,13659.0,13659.0,13659.0,13659,13659.0,13659.0,,,,,,,,,,,,,,,,,,,,,,,,,,,,,,,,,
13671.0,13671.0,13671.0,13671.0,13671,13671.0,13671.0,,,,,,,,,,,,,,,,,,,,,,,,,,,,,,,,,
23401.0,23401.0,23401.0,23401.0,23401,23401.0,23401.0,,,,,,,,,,,,,,,,,,,,,,,,,,,,,,,,,
13745.0,13745.0,13745.0,13745.0,13745,13745.0,13745.0,,,,,,,,,,,,,,,,,,,,,,,,,,,,,,,,,
13857.0,13857.0,13857.0,13857.0,13857,13857.0,13857.0,,,,,,,,,,,,,,,,,,,,,,,,,,,,,,,,,
23479.0,23479.0,23479.0,23479.0,23479,23479.0,23479.0,,,,,,,,,,,,,,,,,,,,,,,,,,,,,,,,,
13897.0,13897.0,13897.0,13897.0,13897,13897.0,13897.0,,,,,,,,,,,,,,,,,,,,,,,,,,,,,,,,,
13919.0,13919.0,13919.0,13919.0,13919,13919.0,13919.0,,,,,,,,,,,,,,,,,,,,,,,,,,,,,,,,,
13969.0,13969.0,13969.0,13969.0,13969,13969.0,13969.0,,,,,,,,,,,,,,,,,,,,,,,,,,,,,,,,,
14067.0,14067.0,14067.0,14067.0,14067,14067.0,14067.0,,,,,,,,,,,,,,,,,,,,,,,,,,,,,,,,,
23524.0,23524.0,23524.0,23524.0,23524,23524.0,23524.0,,,,,,,,,,,,,,,,,,,,,,,,,,,,,,,,,
14135.0,14135.0,14135.0,14135.0,14135,14135.0,14135.0,,,,,,,,,,,,,,,,,,,,,,,,,,,,,,,,,
14145.0,14145.0,14145.0,14145.0,14145,14145.0,14145.0,,,,,,,,,,,,,,,,,,,,,,,,,,,,,,,,,
14163.0,14163.0,14163.0,14163.0,14163,14163.0,14163.0,,,,,,,,,,,,,,,,,,,,,,,,,,,,,,,,,
23578.0,23578.0,23578.0,23578.0,23578,23578.0,23578.0,,,,,,,,,,,,,,,,,,,,,,,,,,,,,,,,,
14425.0,14425.0,14425.0,14425.0,14425,14425.0,14425.0,,,,,,,,,,,,,,,,,,,,,,,,,,,,,,,,,
14527.0,14527.0,14527.0,14527.0,14527,14527.0,14527.0,,,,,,,,,,,,,,,,,,,,,,,,,,,,,,,,,
14565.0,14565.0,14565.0,14565.0,14565,14565.0,14565.0,,,,,,,,,,,,,,,,,,,,,,,,,,,,,,,,,
14659.0,14659.0,14659.0,14659.0,14659,14659.0,14659.0,,,,,,,,,,,,,,,,,,,,,,,,,,,,,,,,,
14737.0,14737.0,14737.0,14737.0,14737,14737.0,14737.0,,,,,,,,,,,,,,,,,,,,,,,,,,,,,,,,,
23773.0,23773.0,23773.0,23773.0,23773,23773.0,23773.0,,,,,,,,,,,,,,,,,,,,,,,,,,,,,,,,,
14769.0,14769.0,14769.0,14769.0,14769,14769.0,14769.0,,,,,,,,,,,,,,,,,,,,,,,,,,,,,,,,,
14789.0,14789.0,14789.0,14789.0,14789,14789.0,14789.0,,,,,,,,,,,,,,,,,,,,,,,,,,,,,,,,,
14827.0,14827.0,14827.0,14827.0,14827,14827.0,14827.0,,,,,,,,,,,,,,,,,,,,,,,,,,,,,,,,,
14943.0,14943.0,14943.0,14943.0,14943,14943.0,14943.0,,,,,,,,,,,,,,,,,,,,,,,,,,,,,,,,,
15071.0,15071.0,15071.0,15071.0,15071,15071.0,15071.0,,,,,,,,,,,,,,,,,,,,,,,,,,,,,,,,,
15107.0,15107.0,15107.0,15107.0,15107,15107.0,15107.0,,,,,,,,,,,,,,,,,,,,,,,,,,,,,,,,,
15195.0,15195.0,15195.0,15195.0,15195,15195.0,15195.0,,,,,,,,,,,,,,,,,,,,,,,,,,,,,,,,,
15319.0,15319.0,15319.0,15319.0,15319,15319.0,15319.0,,,,,,,,,,,,,,,,,,,,,,,,,,,,,,,,,
15563.0,15563.0,15563.0,15563.0,15563,15563.0,15563.0,,,,,,,,,,,,,,,,,,,,,,,,,,,,,,,,,
15617.0,15617.0,15617.0,15617.0,15617,15617.0,15617.0,,,,,,,,,,,,,,,,,,,,,,,,,,,,,,,,,
15681.0,15681.0,15681.0,15681.0,15681,15681.0,15681.0,,,,,,,,,,,,,,,,,,,,,,,,,,,,,,,,,
15683.0,15683.0,15683.0,15683.0,15683,15683.0,15683.0,,,,,,,,,,,,,,,,,,,,,,,,,,,,,,,,,
25840.0,25840.0,25840.0,25840.0,25840,25840.0,25840.0,,,,,,,,,,,,,,,,,,,,,,,,,,,,,,,,,
15727.0,15727.0,15727.0,15727.0,15727,15727.0,15727.0,,,,,,,,,,,,,,,,,,,,,,,,,,,,,,,,,
15803.0,15803.0,15803.0,15803.0,15803,15803.0,15803.0,,,,,,,,,,,,,,,,,,,,,,,,,,,,,,,,,
15937.0,15937.0,15937.0,15937.0,15937,15937.0,15937.0,,,,,,,,,,,,,,,,,,,,,,,,,,,,,,,,,
24196.0,24196.0,24196.0,24196.0,24196,24196.0,24196.0,,,,,,,,,,,,,,,,,,,,,,,,,,,,,,,,,
16049.0,16049.0,16049.0,16049.0,16049,16049.0,16049.0,,,,,,,,,,,,,,,,,,,,,,,,,,,,,,,,,
24295.0,24295.0,24295.0,24295.0,24295,24295.0,24295.0,,,,,,,,,,,,,,,,,,,,,,,,,,,,,,,,,
16315.0,16315.0,16315.0,16315.0,16315,16315.0,16315.0,,,,,,,,,,,,,,,,,,,,,,,,,,,,,,,,,
24331.0,24331.0,24331.0,24331.0,24331,24331.0,24331.0,,,,,,,,,,,,,,,,,,,,,,,,,,,,,,,,,
25880.0,25880.0,25880.0,25880.0,25880,25880.0,25880.0,,,,,,,,,,,,,,,,,,,,,,,,,,,,,,,,,
25896.0,25896.0,25896.0,25896.0,25896,25896.0,25896.0,,,,,,,,,,,,,,,,,,,,,,,,,,,,,,,,,
16699.0,16699.0,16699.0,16699.0,16699,16699.0,16699.0,,,,,,,,,,,,,,,,,,,,,,,,,,,,,,,,,
16719.0,16719.0,16719.0,16719.0,16719,16719.0,16719.0,,,,,,,,,,,,,,,,,,,,,,,,,,,,,,,,,
24475.0,24475.0,24475.0,24475.0,24475,24475.0,24475.0,,,,,,,,,,,,,,,,,,,,,,,,,,,,,,,,,
16953.0,16953.0,16953.0,16953.0,16953,16953.0,16953.0,,,,,,,,,,,,,,,,,,,,,,,,,,,,,,,,,
17067.0,17067.0,17067.0,17067.0,17067,17067.0,17067.0,,,,,,,,,,,,,,,,,,,,,,,,,,,,,,,,,
24541.0,24541.0,24541.0,24541.0,24541,24541.0,24541.0,,,,,,,,,,,,,,,,,,,,,,,,,,,,,,,,,
24550.0,24550.0,24550.0,24550.0,24550,24550.0,24550.0,,,,,,,,,,,,,,,,,,,,,,,,,,,,,,,,,
17181.0,17181.0,17181.0,17181.0,17181,17181.0,17181.0,,,,,,,,,,,,,,,,,,,,,,,,,,,,,,,,,
17305.0,17305.0,17305.0,17305.0,17305,17305.0,17305.0,,,,,,,,,,,,,,,,,,,,,,,,,,,,,,,,,
17325.0,17325.0,17325.0,17325.0,17325,17325.0,17325.0,,,,,,,,,,,,,,,,,,,,,,,,,,,,,,,,,
17347.0,17347.0,17347.0,17347.0,17347,17347.0,17347.0,,,,,,,,,,,,,,,,,,,,,,,,,,,,,,,,,
24697.0,24697.0,24697.0,24697.0,24697,24697.0,24697.0,,,,,,,,,,,,,,,,,,,,,,,,,,,,,,,,,
24700.0,24700.0,24700.0,24700.0,24700,24700.0,24700.0,,,,,,,,,,,,,,,,,,,,,,,,,,,,,,,,,
24709.0,24709.0,24709.0,24709.0,24709,24709.0,24709.0,,,,,,,,,,,,,,,,,,,,,,,,,,,,,,,,,
24751.0,24751.0,24751.0,24751.0,24751,24751.0,24751.0,,,,,,,,,,,,,,,,,,,,,,,,,,,,,,,,,
17633.0,17633.0,17633.0,17633.0,17633,17633.0,17633.0,,,,,,,,,,,,,,,,,,,,,,,,,,,,,,,,,
17665.0,17665.0,17665.0,17665.0,17665,17665.0,17665.0,,,,,,,,,,,,,,,,,,,,,,,,,,,,,,,,,
17807.0,17807.0,17807.0,17807.0,17807,17807.0,17807.0,,,,,,,,,,,,,,,,,,,,,,,,,,,,,,,,,
17867.0,17867.0,17867.0,17867.0,17867,17867.0,17867.0,,,,,,,,,,,,,,,,,,,,,,,,,,,,,,,,,
18097.0,18097.0,18097.0,18097.0,18097,18097.0,18097.0,,,,,,,,,,,,,,,,,,,,,,,,,,,,,,,,,
25000.0,25000.0,25000.0,25000.0,25000,25000.0,25000.0,,,,,,,,,,,,,,,,,,,,,,,,,,,,,,,,,
18271.0,18271.0,18271.0,18271.0,18271,18271.0,18271.0,,,,,,,,,,,,,,,,,,,,,,,,,,,,,,,,,
18403.0,18403.0,18403.0,18403.0,18403,18403.0,18403.0,,,,,,,,,,,,,,,,,,,,,,,,,,,,,,,,,
18467.0,18467.0,18467.0,18467.0,18467,18467.0,18467.0,,,,,,,,,,,,,,,,,,,,,,,,,,,,,,,,,
18609.0,18609.0,18609.0,18609.0,18609,18609.0,18609.0,,,,,,,,,,,,,,,,,,,,,,,,,,,,,,,,,
18673.0,18673.0,18673.0,18673.0,18673,18673.0,18673.0,,,,,,,,,,,,,,,,,,,,,,,,,,,,,,,,,
,19282.0,19282.0,19282.0,19282,205.0,205.0,,,,,,,,,,,,,,,,,,,,,,,,,,,,,,,,,
,1507.0,1507.0,1507.0,1507,285.0,285.0,,,,,,,,,,,,,,,,,,,,,,,,,,,,,,,,,
,2155.0,2155.0,2155.0,2155,539.0,539.0,,,,,,,,,,,,,,,,,,,,,,,,,,,,,,,,,
,3339.0,3339.0,3339.0,3339,2399.0,2399.0,,,,,,,,,,,,,,,,,,,,,,,,,,,,,,,,,
,3519.0,3519.0,3519.0,3519,2435.0,2435.0,,,,,,,,,,,,,,,,,,,,,,,,,,,,,,,,,
,8105.0,8105.0,8105.0,8105,2671.0,2671.0,,,,,,,,,,,,,,,,,,,,,,,,,,,,,,,,,
,9169.0,9169.0,9169.0,9169,2731.0,2731.0,,,,,,,,,,,,,,,,,,,,,,,,,,,,,,,,,
,17109.0,17109.0,17109.0,17109,2733.0,2733.0,,,,,,,,,,,,,,,,,,,,,,,,,,,,,,,,,
,17239.0,17239.0,17239.0,17239,4273.0,4273.0,,,,,,,,,,,,,,,,,,,,,,,,,,,,,,,,,
,18079.0,18079.0,18079.0,18079,4525.0,4525.0,,,,,,,,,,,,,,,,,,,,,,,,,,,,,,,,,
,18303.0,18303.0,18303.0,18303,20488.0,20488.0,,,,,,,,,,,,,,,,,,,,,,,,,,,,,,,,,
,18749.0,18749.0,18749.0,18749,4981.0,4981.0,,,,,,,,,,,,,,,,,,,,,,,,,,,,,,,,,
,18979.0,18979.0,18979.0,18979,5423.0,5423.0,,,,,,,,,,,,,,,,,,,,,,,,,,,,,,,,,
,,47.0,167.0,167,21394.0,21394.0,,,,,,,,,,,,,,,,,,,,,,,,,,,,,,,,,
,,137.0,1527.0,1527,8661.0,8661.0,,,,,,,,,,,,,,,,,,,,,,,,,,,,,,,,,
,,417.0,1685.0,1685,21643.0,21643.0,,,,,,,,,,,,,,,,,,,,,,,,,,,,,,,,,
,,699.0,2505.0,2505,9163.0,9163.0,,,,,,,,,,,,,,,,,,,,,,,,,,,,,,,,,
,,1261.0,3689.0,3689,9911.0,9911.0,,,,,,,,,,,,,,,,,,,,,,,,,,,,,,,,,
,,1841.0,4053.0,4053,10135.0,10135.0,,,,,,,,,,,,,,,,,,,,,,,,,,,,,,,,,
,,19606.0,4123.0,4123,22069.0,22069.0,,,,,,,,,,,,,,,,,,,,,,,,,,,,,,,,,
,,2301.0,4235.0,4235,10269.0,10269.0,,,,,,,,,,,,,,,,,,,,,,,,,,,,,,,,,
,,19768.0,5273.0,5273,25584.0,25584.0,,,,,,,,,,,,,,,,,,,,,,,,,,,,,,,,,
,,2515.0,5805.0,5805,10805.0,10805.0,,,,,,,,,,,,,,,,,,,,,,,,,,,,,,,,,
,,2775.0,6597.0,6597,22681.0,22681.0,,,,,,,,,,,,,,,,,,,,,,,,,,,,,,,,,
,,2803.0,7427.0,7427,12949.0,12949.0,,,,,,,,,,,,,,,,,,,,,,,,,,,,,,,,,
,,19837.0,7549.0,7549,13175.0,13175.0,,,,,,,,,,,,,,,,,,,,,,,,,,,,,,,,,
,,2815.0,8643.0,8643,13227.0,13227.0,,,,,,,,,,,,,,,,,,,,,,,,,,,,,,,,,
,,3155.0,9565.0,9565,14781.0,14781.0,,,,,,,,,,,,,,,,,,,,,,,,,,,,,,,,,
,,3349.0,11135.0,11135,14813.0,14813.0,,,,,,,,,,,,,,,,,,,,,,,,,,,,,,,,,
,,3863.0,11145.0,11145,14815.0,14815.0,,,,,,,,,,,,,,,,,,,,,,,,,,,,,,,,,
,,5437.0,25620.0,25620,15029.0,15029.0,,,,,,,,,,,,,,,,,,,,,,,,,,,,,,,,,
,,5751.0,12215.0,12215,23905.0,23905.0,,,,,,,,,,,,,,,,,,,,,,,,,,,,,,,,,
,,6067.0,12451.0,12451,15707.0,15707.0,,,,,,,,,,,,,,,,,,,,,,,,,,,,,,,,,
,,6667.0,13483.0,13483,24190.0,24190.0,,,,,,,,,,,,,,,,,,,,,,,,,,,,,,,,,
,,21109.0,13933.0,13933,16177.0,16177.0,,,,,,,,,,,,,,,,,,,,,,,,,,,,,,,,,
,,8565.0,15163.0,15163,17409.0,17409.0,,,,,,,,,,,,,,,,,,,,,,,,,,,,,,,,,
,,21598.0,24070.0,24070,24721.0,24721.0,,,,,,,,,,,,,,,,,,,,,,,,,,,,,,,,,
,,8877.0,15845.0,15845,17753.0,17753.0,,,,,,,,,,,,,,,,,,,,,,,,,,,,,,,,,
,,9005.0,15943.0,15943,18297.0,18297.0,,,,,,,,,,,,,,,,,,,,,,,,,,,,,,,,,
,,9265.0,16427.0,16427,18385.0,18385.0,,,,,,,,,,,,,,,,,,,,,,,,,,,,,,,,,
,,9287.0,17407.0,17407,18663.0,18663.0,,,,,,,,,,,,,,,,,,,,,,,,,,,,,,,,,
,,9739.0,17479.0,17479,18693.0,18693.0,,,,,,,,,,,,,,,,,,,,,,,,,,,,,,,,,
,,10425.0,,85,,435.0,,,,,,,,,,,,,,,,,,,,,,,,,,,,,,,,,
,,10923.0,,355,,19222.0,,,,,,,,,,,,,,,,,,,,,,,,,,,,,,,,,
,,11025.0,,649,,1171.0,,,,,,,,,,,,,,,,,,,,,,,,,,,,,,,,,
,,11281.0,,945,,2623.0,,,,,,,,,,,,,,,,,,,,,,,,,,,,,,,,,
,,22621.0,,1355,,2817.0,,,,,,,,,,,,,,,,,,,,,,,,,,,,,,,,,
,,11859.0,,1525,,3241.0,,,,,,,,,,,,,,,,,,,,,,,,,,,,,,,,,
,,12019.0,,1811,,3377.0,,,,,,,,,,,,,,,,,,,,,,,,,,,,,,,,,
,,23002.0,,2011,,3397.0,,,,,,,,,,,,,,,,,,,,,,,,,,,,,,,,,
,,12889.0,,2247,,3499.0,,,,,,,,,,,,,,,,,,,,,,,,,,,,,,,,,
,,13001.0,,2387,,4221.0,,,,,,,,,,,,,,,,,,,,,,,,,,,,,,,,,
,,23137.0,,2427,,5603.0,,,,,,,,,,,,,,,,,,,,,,,,,,,,,,,,,
,,13119.0,,2449,,7195.0,,,,,,,,,,,,,,,,,,,,,,,,,,,,,,,,,
,,14323.0,,19921,,7371.0,,,,,,,,,,,,,,,,,,,,,,,,,,,,,,,,,
,,15089.0,,3293,,7429.0,,,,,,,,,,,,,,,,,,,,,,,,,,,,,,,,,
,,15091.0,,19987,,25472.0,,,,,,,,,,,,,,,,,,,,,,,,,,,,,,,,,
,,15487.0,,20038,,7775.0,,,,,,,,,,,,,,,,,,,,,,,,,,,,,,,,,
,,24223.0,,3843,,8321.0,,,,,,,,,,,,,,,,,,,,,,,,,,,,,,,,,
,,16165.0,,4719,,8885.0,,,,,,,,,,,,,,,,,,,,,,,,,,,,,,,,,
,,16519.0,,5003,,9485.0,,,,,,,,,,,,,,,,,,,,,,,,,,,,,,,,,
,,16623.0,,20605,,11005.0,,,,,,,,,,,,,,,,,,,,,,,,,,,,,,,,,
,,16963.0,,5449,,22537.0,,,,,,,,,,,,,,,,,,,,,,,,,,,,,,,,,
,,17199.0,,5771,,22687.0,,,,,,,,,,,,,,,,,,,,,,,,,,,,,,,,,
,,17751.0,,21001,,12155.0,,,,,,,,,,,,,,,,,,,,,,,,,,,,,,,,,
,,18281.0,,21007,,12523.0,,,,,,,,,,,,,,,,,,,,,,,,,,,,,,,,,
,,18379.0,,6669,,13315.0,,,,,,,,,,,,,,,,,,,,,,,,,,,,,,,,,
,,,,6771,,14355.0,,,,,,,,,,,,,,,,,,,,,,,,,,,,,,,,,
,,,,21085,,14913.0,,,,,,,,,,,,,,,,,,,,,,,,,,,,,,,,,
,,,,7107,,16009.0,,,,,,,,,,,,,,,,,,,,,,,,,,,,,,,,,
,,,,7135,,16947.0,,,,,,,,,,,,,,,,,,,,,,,,,,,,,,,,,
,,,,7141,,17759.0,,,,,,,,,,,,,,,,,,,,,,,,,,,,,,,,,
,,,,7467,,18589.0,,,,,,,,,,,,,,,,,,,,,,,,,,,,,,,,,
,,,,7693,,,,,,,,,,,,,,,,,,,,,,,,,,,,,,,,,,,
,,,,8323,,,,,,,,,,,,,,,,,,,,,,,,,,,,,,,,,,,
,,,,8387,,,,,,,,,,,,,,,,,,,,,,,,,,,,,,,,,,,
,,,,8863,,,,,,,,,,,,,,,,,,,,,,,,,,,,,,,,,,,
,,,,21703,,,,,,,,,,,,,,,,,,,,,,,,,,,,,,,,,,,
,,,,9757,,,,,,,,,,,,,,,,,,,,,,,,,,,,,,,,,,,
,,,,10313,,,,,,,,,,,,,,,,,,,,,,,,,,,,,,,,,,,
,,,,22201,,,,,,,,,,,,,,,,,,,,,,,,,,,,,,,,,,,
,,,,10847,,,,,,,,,,,,,,,,,,,,,,,,,,,,,,,,,,,
,,,,11703,,,,,,,,,,,,,,,,,,,,,,,,,,,,,,,,,,,
,,,,11715,,,,,,,,,,,,,,,,,,,,,,,,,,,,,,,,,,,
,,,,11771,,,,,,,,,,,,,,,,,,,,,,,,,,,,,,,,,,,
,,,,11879,,,,,,,,,,,,,,,,,,,,,,,,,,,,,,,,,,,
,,,,25676,,,,,,,,,,,,,,,,,,,,,,,,,,,,,,,,,,,
,,,,13817,,,,,,,,,,,,,,,,,,,,,,,,,,,,,,,,,,,
,,,,14055,,,,,,,,,,,,,,,,,,,,,,,,,,,,,,,,,,,
,,,,23560,,,,,,,,,,,,,,,,,,,,,,,,,,,,,,,,,,,
,,,,23845,,,,,,,,,,,,,,,,,,,,,,,,,,,,,,,,,,,
,,,,14957,,,,,,,,,,,,,,,,,,,,,,,,,,,,,,,,,,,
,,,,15043,,,,,,,,,,,,,,,,,,,,,,,,,,,,,,,,,,,
,,,,24037,,,,,,,,,,,,,,,,,,,,,,,,,,,,,,,,,,,
,,,,15573,,,,,,,,,,,,,,,,,,,,,,,,,,,,,,,,,,,
,,,,15579,,,,,,,,,,,,,,,,,,,,,,,,,,,,,,,,,,,
,,,,24061,,,,,,,,,,,,,,,,,,,,,,,,,,,,,,,,,,,
,,,,15661,,,,,,,,,,,,,,,,,,,,,,,,,,,,,,,,,,,
,,,,24163,,,,,,,,,,,,,,,,,,,,,,,,,,,,,,,,,,,
,,,,15999,,,,,,,,,,,,,,,,,,,,,,,,,,,,,,,,,,,
,,,,16493,,,,,,,,,,,,,,,,,,,,,,,,,,,,,,,,,,,
,,,,16689,,,,,,,,,,,,,,,,,,,,,,,,,,,,,,,,,,,
,,,,17005,,,,,,,,,,,,,,,,,,,,,,,,,,,,,,,,,,,
,,,,17055,,,,,,,,,,,,,,,,,,,,,,,,,,,,,,,,,,,
,,,,17081,,,,,,,,,,,,,,,,,,,,,,,,,,,,,,,,,,,
,,,,17341,,,,,,,,,,,,,,,,,,,,,,,,,,,,,,,,,,,
,,,,17397,,,,,,,,,,,,,,,,,,,,,,,,,,,,,,,,,,,
,,,,17513,,,,,,,,,,,,,,,,,,,,,,,,,,,,,,,,,,,
,,,,18621,,,,,,,,,,,,,,,,,,,,,,,,,,,,,,,,,,,
