1,1.1,1.1.1,1.1.1.1,1.1.2,1.1.3,1.1.3.1,1.1.3.2,1.1.3.3,1.2.1,1.2.2,1.2.2.1,2,2.1,2.2,2.2.1,2.2.1.1,2.2.2,3,3.1.1,3.1.2,3.1.2.1,3.1.2.2,4.1,4.1.1,4.1.1.1,4.1.1.2,4.1.1.3,4.1.1.3.1,4.1.2,4.1.2.1,4.1.2.1.1,4.1.3,4.1.4,4.2,4.2.1,4.2.1.1,4.2.2,4.2.2.1,4.2.2.2,4.3,4.3.1,4.3.1.1,4.3.2,4.3.2.1,4.3.3,4.3.4,4.3.4.1,4.3.4.2,4.3.4.2.1,4.4,4.4.1,4.4.1.1,4.4.1.1.1,4.4.1.2,4.5,4.6,4.6.1,4.6.1.1,4.6.1.2,4.6.2,4.6.2.1,4.6.2.2,4.6.3,4.6.4,4.6.5,4.7,4.8,4.8.1,4.8.2,4.8.3,4.9.1,5,6,7,8,9,bov,cap,oryg
T22961G,G117295A,G55069C,G477214T,C6124T,C15177G,G28616C,T8188C,C67969T,C41151A,G20407A,T10360C,G36008C,G32804A,C16119A,C135329T,C671385G,G154990T,G54842T,T85985C,C34605A,T791671C,G67634T,T51954A,G95591T,C43191A,T26300C,G97388T,C58479A,G83842A,C456281T,C67406G,A3186G,G58786C,C43722T,A314338G,G31258T,A9944C,C1131A,G8688T,G162581A,G1169028A,C223627A,G47699A,C5520T,G8040A,G571943A,A197047G,C40162T,T225495C,C753088T,G283313A,C224901G,G55813A,G23051A,C281316T,G18091A,A7539G,C87257A,C117403T,C49079G,C14192T,G67385A,T8049G,A133279G,G17665A,A201896G,T1082445A,A77938G,A325615C,C214036T,C8978T,A3192G,T89113G,C8876T,G4661A,G59257A,C24294T,C10223G,A5516G
G65159A,C281208T,C192924A,C490972A,A55418G,T212674G,T89179C,A25139G,C113641T,C303414T,C77469T,T60297C,C39158G,C56738T,C123454T,C163705T,A731015G,A163940G,C69984A,A1523575G,G993016A,C1237818G,G187342C,G284623A,C265968G,C69873A,G43041A,G144390A,C101691A,C435190T,A575679G,G255225A,G22568A,C87847G,A103181G,G422879A,G481569A,T74956C,C121463T,G611463A,C534691T,A1172079G,C324662T,G243118A,G69025C,C403920T,T1037355C,T393780G,G282188A,A550573C,C1052899T,C651772A,G355181A,C68688T,C56604A,G349200A,C54304T,C22334T,G207160A,C130449A,G561021A,C347274T,G69342A,T19154C,T283694G,G1147708A,G716918A,G1130526A,C253457T,T499535C,A262868G,C19436A,C9566T,T92016G,G11924A,G10596A,C97898T,A29999C,G24421A,C19376T
C65663G,G406389A,T278189C,C634586T,G170755T,C280294T,T304050C,G44996A,C212040T,C445400T,A154051G,G74805C,C87468T,G117726A,G139297T,C215977T,C1891388G,G239733T,A129576C,T1556430G,C1914217A,C2245499T,A205928C,C489073G,C514245T,A163670G,G101351A,C147985T,C286300A,A443277C,C637730T,G627396C,C32581T,C90370T,T202675C,C609254T,G638212T,C193735G,C152092T,C657425T,G709226A,A1311086G,C709525G,G244911C,G147655C,C535695T,G1297327A,C831206T,G632330T,C1239078A,G1103786T,C821102T,A383081G,T102348C,A233751G,G801697A,T122794G,C218204T,G215613A,C138788T,C778298T,C489928T,G93044A,C19628T,G598910T,G1331187C,A796876G,C1227217T,C306113T,A515123C,A292634G,C90229T,C25386T,C134014T,C13445T,C11979A,C143535T,A184727G,C34514T,A19964C
T74737G,C705570T,C289300T,A719545G,G199857A,A286580T,G304635T,G101819A,A287510C,A495198G,G227386T,C123511T,C282892T,G175994A,C213281T,C533547G,A1947282G,G346693T,C157129T,G1591545T,C2729454T,C2282190T,T288173C,C686655T,A599165C,A201123C,G154671A,G155293A,G356009A,G446165C,C903633T,G740855C,A93947C,C129852T,C217306G,A783601C,C664791T,C353767T,A397680C,A752141G,G773809A,A1421109G,C981671T,C326039T,G244719A,G812808A,A1847811C,T1106649C,G784440T,G1740535A,C1226129T,G1051949A,G705062C,C135695A,A234966G,C1435763T,C312944T,T256640G,C859649T,C232110T,T863340C,C528669G,G100895T,G111851A,C1442109T,C1358197T,A2378813G,C2212762T,C449704T,G666745A,C616408G,T258121C,C27947T,G135398A,T14806C,G23098A,A153263G,C228731T,G39688T,G30579A
T115499G,C745876G,G313425T,C728897T,A358926C,G317045A,C403481T,C164682T,T550693C,A638558C,G552361A,G204724A,G353365A,A208782C,G222925A,A1906078G,C4080525T,G449194A,G170671A,C1639226T,G3722702C,G2378572A,C343092T,G765150A,C869440T,G418998A,C266115T,G320038A,C505681T,A832708C,A1019632G,A746790G,G184254C,C305346T,G317540C,A1017836C,C870187T,T515110G,T1455780C,C811637A,G796509T,A1465535G,C1082167T,C466096T,G265154C,G919393C,G2527676A,C1251955T,T990533C,C2729453A,G1320675A,G1130261A,T964099C,T163814C,C345697T,C1555801T,G325038A,T257982G,T876378C,A524095G,C868006T,G835647A,G118469A,C129566T,G1659666A,A1498304C,G3220222A,C2809250T,C545117A,C677213T,A720750C,C279987T,C40177T,C140644T,C15735T,G26503A,G164846A,G267329A,A44823C,C42756T
C137233T,C1545119T,C485631T,C851797A,G465697C,G496840A,G442283A,G187285C,C556222T,C639835T,T866827C,G527270T,C484596T,C216469T,G363464A,C2078246G,,C716025T,C172492G,G1941617C,C4132949T,C3557911T,C452961T,G897209C,C877224A,A545911G,G274930A,G328641T,G659098A,A891756G,G1080528A,C777793T,G199726A,G485434A,G355803T,C1645173A,C893653A,C1487796A,C1985573A,G936189A,A1142266C,T1541214C,G1083082T,T515125G,C392914T,G1144664A,C2599821A,G1274335A,C1055049T,G2873374A,A1711676C,C1789785G,C1321210T,C208710A,G389774A,C1626656T,A2369971G,C265244T,G996871A,C578032T,G1010532A,C896119T,C142317T,T205243G,G1669556T,,C3270289A,G3836739A,G649515T,C681313T,C748923T,G394922T,T50059A,C141261T,C22303G,G27921A,A170022C,G268277C,C53688T,A44625T
C144564T,A1814135G,C529363T,C992206T,C499196T,C577289T,A482570C,G251224A,C897197G,C654996T,A886348G,G570311C,G497491A,A309847G,G379528T,T2825581G,,C917596A,T264992C,G2017026A,,C4053713G,A643904G,C902413T,C1256806T,G583979T,G341082A,T851133G,C703722G,A1111925G,G1338172C,G877363C,G234695T,C551419G,C423722T,A1721372C,C899319G,C1600586T,G2234084A,C1038677T,G1199547A,G1640446C,G1180200T,T646243C,T457032C,G1390528T,C3612009T,C1364434T,C1132368T,A4273842C,G1819488A,G2033890T,G2022126C,G502347C,A458948T,C1645599T,G3015966A,C412017G,C1439332T,G818798T,C1289555G,C944626T,G252105A,G209484C,C1672681T,,G4112595A,C4028292T,T831594A,G769320A,C759956A,G500807A,T51892C,G162948A,C25223G,C35212A,G219755T,T294453C,T65778G,G44812T
G162226A,A1839306G,C870112T,G1182192A,G559350A,G765230A,C485424A,G285096T,G1066025A,G835526A,G952984A,C678673T,G627485A,C321558T,C465300T,T3412611C,,C994382T,C274463A,A2467098C,,,C689180T,T923065A,T1896387C,C586644T,A382356G,C896356T,T815409G,C1153676G,G1477588C,G899175A,C332006T,A613149C,G447411T,C2209807T,A1017867G,G2244768A,T2690427A,G1233285A,C1452071A,G1715828C,G1232540T,C705595T,T712773C,G1755519T,,T1953648C,G1373170C,T4380236G,G2202582T,T2080611C,C2767631T,G1031285A,G495423A,G1843658A,C3170460T,G435708A,G1597696A,C1098698G,C1534538T,C1030368G,C316886T,G256862A,C1857687A,,C4249732G,A4188020G,A896933G,C776891A,A962872G,G556961T,C60059T,C198313A,T32767C,G42246T,C230258T,A382991G,G94718A,A47881T
C167986T,C4024967G,C1016131A,A1526100G,C565415T,G832072C,C501694T,A323526G,C1146224T,C864166T,G1018811A,G717879A,T628864C,A344952G,T721373G,G3626562A,,T1053912C,C301341A,G2744388A,,,A831009C,C1292464T,C1952601T,C894079T,C495104T,T979859C,G922256A,C2066633G,C1695364G,C935201T,A392282G,C664347T,G553613T,C2211600G,C1115796A,A2420503G,C2712128T,C1344964T,C2053682T,C1728154G,C1242267T,T814641C,G784581C,C1797027T,,C2133668A,G1724120A,,C2234475T,A2102990G,A3088614G,C1039467T,C546019T,T1901924C,,G488796A,C1917289T,G1391868A,C2821089A,G1117848T,C379724T,A281664G,A2160773G,,,,C1094812G,C953397T,A1154368C,G874957T,G60300A,C260610T,G48410A,C46892T,C273581T,G393748A,T108257G,C47950T
C196874T,C4054364T,T1039981C,G1635527A,G567446A,C852641T,C532420G,G352804C,A1495150G,G990383A,A1033573G,C722838T,C657142T,A415129G,T738522G,C4311664T,,T1065793G,C324812T,G3023684A,,,G875034A,C1444202G,T2132152C,C1078777A,C594027T,C1028944T,C1202752T,G2819009A,G1931219A,G1025614T,C419526A,C795563T,C585891G,G2625052A,C1156962T,G2482888A,G3007524A,G1880850A,C2503625T,C2005558T,C1346422T,C853469A,T1118026C,G1815604A,,C3118976G,C1769099A,,C2358916T,C2176813T,G3159936A,G1126895A,G682800T,G1980871C,,G587974A,G2331061T,A1416410C,C2996208A,C1171856T,C487475A,C288231G,G2179739A,,,,C1132437T,G993253T,A1272947C,G904085A,G73148A,G378404A,G49405T,T51247C,A277022G,C721208T,G121831A,G53899A
C272678T,G4243848A,C1261056T,T1750465C,C569045T,A877055C,C685578A,A395537C,C1509924T,A1070381G,G1072628A,G1690407A,T707334C,A489240G,A799666G,,,G1106614T,C342873T,G3706260C,,,G898570A,A1495326G,G2158582A,G1139102A,A812065G,T1106877C,T1269642C,A3147742G,G2244770A,G1082983A,C449967T,C828516T,C591505A,G2793706A,G1526839A,C3020457T,A3117588C,T2153246G,C2736434A,G2108291A,A1423209G,C980100T,A1157768C,G2077253A,,G3244674A,G1771320A,,A2822255C,C2344853A,G3347480A,G1159141A,A715542G,C2093998T,,C595232T,C2377785T,T1502795C,C3300104T,G1275303C,C540349T,T294374G,G2255081C,,,,C1482563T,C1149463T,C1478425A,G1074929C,A77327C,T441891C,C57731T,G75191A,G418942A,C724794A,A157922G,C59181T
T290374C,T4286156C,C1399129T,G1894765A,A685153G,G1144221A,C738603T,G452754T,C1770137T,C1099212T,G1188232A,C1722036A,C811753T,C506125T,G866051A,,,C1174655T,G363563A,G4065300T,,,T1240513C,G2007502A,G2580954C,T1326796G,G938316T,G1237562C,G1335596A,,C2304068A,G1225409A,C454165T,C920875T,C738902T,C2882343A,C1548127G,G3066280A,A3259272C,G2156847A,G3101119T,G2403621C,C1438989T,G980360T,G1231349A,C2128908T,,,C2327492T,,G2868925A,G2416167T,G4343048C,C1221479T,G878051A,T2109694C,,C628113T,G3028658A,T1706262C,A3477794G,G1275411A,C550559T,C320588G,C2325185T,,,,G1487485A,A1204546G,C1519844T,T1167237C,G89474A,G443897A,T72545G,G81894A,T442244C,A732552G,C165487T,C68129T
A326002G,G4369848A,C1769780T,G1980325A,G711155A,C1293121T,G953861A,A453299G,C1976014T,A1136017G,A1214118G,C1774002T,C972980T,C522053A,C892416T,,,G1197567C,G440365A,,,,G1255618A,G2020144A,G2752854A,T1430989G,A1003545G,G1244655T,C1399084T,,C2473699T,G1345335A,G503934T,G1112130A,A753562G,G3257531A,A1652216G,G3383966C,C3579166G,T2428471C,G3191027A,A2646749G,C1724800T,G1047683T,C1334260A,G2144617A,,,C2385695T,,G2945342A,C2770654T,,G1234999A,C1054645A,C2185888T,,G685869A,A3405776G,G1726541A,T3904969C,A1438578G,G628902A,C473737G,T2646274G,,,,G1547498A,C1444655T,G1597377A,C1347201T,G95867T,G489514A,G73456A,G82317T,C472080A,A769162G,C199359A,G107805A
C344288G,G4404247A,T1924765C,G2311357A,G794482C,G1491275A,A988194G,C480890G,A2297406G,G1315746A,G1365430C,C1821774T,T1168776G,A550941G,A919351C,,,C1246500T,C440878T,,,,C1323386T,A2225456T,G2946570A,T1626022C,T1006538G,A1546541C,T1478277G,,G2871251A,G1375114A,C694954T,A1183847G,A756216G,G3471151A,G1660440A,,C3699068T,G2923264A,C3594124T,G3037136A,G1951736A,G1090172A,C1354765G,G2315669A,,,G2443188A,,G3037917A,G2905505A,,C1434298T,C1056094T,C2253701G,,A859769G,G3562270C,A1757105C,A4076869G,C1569845T,G681775A,G606376A,C2751859A,,,,G1594848A,T1445091G,C1668900T,T1567092C,C140875T,G490398A,C77870A,C84263A,G528935A,G772896A,C220448T,A119987G
G357582A,,C2063106T,C2326192T,G856563T,C1697460T,C1060878T,G485893T,G2328260C,G1363194A,G1677267A,C2024990T,A1201581C,C570641A,A1071966G,,,C1511460T,G447642C,,,,T1396281C,T2253453C,T3001395C,C1850119T,C1019277T,C1645334T,C1524716T,,C2898337T,G1414528A,C724339T,C1276533T,T795991G,T3541237A,G1722138A,,G4385099A,C3141827G,C3776706T,A3233295G,C2056882T,G1290326A,C1451542T,G2347442C,,,A3006767C,,C3170166A,G3147376A,,G1508817A,T1399589G,G2446408A,,C869679T,C3692193T,A1763855G,G4260742A,T1588887C,G854101T,C622547T,G2755469A,,,,C1697242T,A1664167G,G1914859A,C1622641T,C141516T,A491668G,G80705A,G88402T,A598972G,T868271C,C249146T,T154276G
T378357G,,G2078024A,C2330237T,C1073716T,C1721745T,T1149548A,G487246C,C2364740T,C1478222G,G1805690A,A2197675C,G1577241A,C643813T,A1145848C,,,C1565566T,C517389A,,,,G1400209C,C2263760T,A3017276G,C2053091G,C1023567T,C1868578T,C1642075T,,G2911823A,C1442492T,A751736G,G1399311A,C954906T,G3564737C,G1776885A,,C4391753T,G3416734A,G4135112A,T3684845G,C2116663T,T1440150C,C1592015T,G2518919A,,,G3089679A,,C3419560T,G3401501A,,G1853674A,A1567056C,C2597696T,,C979314T,A4076615C,T2447282G,G4315495A,G1625769A,G886351A,A698949G,G2893701A,,,,G1903197T,C1764808T,A2216976G,A1648746C,C146893T,C494915A,G81160T,G89209A,C643267T,A916659G,G282184A,G156249C
C393941T,,G2772960A,G2412584A,T1195358G,G1967975A,G1249771A,T530485C,C2631278A,C1553855T,G1971673A,G2474685T,T1643864C,A648465G,G1288698A,,,C1750386T,C523654T,,,,C1523478A,C2325009T,T3170663C,T2773673G,C1117773G,C2008870G,C1820976T,,C3013784G,A1462270G,C799002T,C1488041T,C1409766T,C3646964G,C1961706G,,,G3497369A,A4163944G,T3981171G,G2456275A,G1625019A,G1801706T,G2814961A,,,G3158935C,,G3608514A,G3448608A,,C1937374A,T1684546C,G2790578A,,C1184605A,,G2494263A,,G1900732A,C1015811A,G734562A,T2919532G,,,,A2177998G,C1772820G,G2782140A,C1882573G,C155478A,C507989T,A90613G,A94691G,G693521T,C1149128T,G290983T,C159941T
G396750A,,T2907840G,C2422687G,C1281307T,G2580759A,G1485363T,G619695A,C2738352T,C1668914G,G2047874A,C2510553A,A1651308G,T669565G,A1322741G,,,C1762216G,T548326C,,,,T1576142G,C2574022T,A3352244G,C2824839T,C1118550T,G2054805A,T1890886C,,C3573090A,C1518165G,G807795A,C1499248T,A1441794G,C3917305A,G2203875A,,,C3694373T,T4340330G,C4047843T,C2572438T,C1799806T,T1862066A,T3061615C,,,A3267743G,,C4007564T,G3463451C,,C1980719T,C1689879T,C2868976G,,T1328222C,,G2562752A,,C2105065T,A1200899G,G743409A,G3048841A,,,,G2210615A,G2073605C,C2916988T,A1896274G,C164936T,C514098T,A100122G,C107740T,C707272T,G1234657A,A378159G,C160246T
T406274C,,G3021283A,C2470934A,A1361350C,G2581971A,C1505829T,G631279A,C2742494T,G1712671A,C2119694T,G2548139A,A1678706C,G717730A,C1541798T,,,C1935437T,C611977T,,,,C1648096T,G2617673A,C3597737T,C2897760T,C1198341T,C2090921T,G1909220A,,T3587072C,T1554087G,G923464C,C1603232T,C1442141G,G4199739T,A2486335G,,,T3867973C,,C4304045T,T2614031G,T1813255A,A2034662G,A3261380G,,,G3514512C,,G4055993A,A3575106G,,G2016998C,C1721370T,G3108217T,,C1465155T,,G2794793A,,T2152451G,C1207340T,G778673A,G3183165C,,,,G2323735A,G2417281A,C2951348G,G1940611C,C202229G,G524802A,C101706T,C111963A,C718630T,C1376624T,C386574T,C160910T
C420405T,,C3220545T,C2478541T,G1397199A,G2890112A,C1599996T,C671794T,C2997944T,C1964913T,C2191428T,C2595961T,A1834177C,C741458T,G1594906A,,,G2140076A,G629714A,,,,T1837815G,C2671061A,G4192588A,C3062908A,A1268540G,C2426630T,C2017113T,,G3693875A,T1654031C,C939231T,G1605802A,C1466779T,,C2727096T,,,C4298106A,,,C2669816A,G1838153A,A2371788G,C3423184T,,,G3561155A,,T4116773C,G3664135A,,C2121742G,C1763564T,C3347560T,,G1597405A,,C3332626T,,G2225515A,C1280508T,A796578G,A3706459C,,,,C2551666T,G2902956C,T3360553C,A2004917C,C227468T,G526255A,T103721C,G112434A,G755907A,C1423826T,C405709T,G173096C
G447525C,,C3330725T,G2533237A,C1575275A,A3132289G,C1813910T,G697606A,G3337585A,G2239160C,G2284848A,G2657046A,A1877744C,A749176G,C1620181G,,,C2141368T,C807405T,,,,C1862121T,C2788745T,G4232863C,T3101005G,G1285799A,C2454856T,G2223372C,,C3973152G,C1701477G,A991959G,C1839362T,C1568018T,,A2880507G,,,C4383945T,,,T2767100G,A1885073G,T2380682G,C3643392T,,,G4043365T,,G4140319A,G3995342A,,C2159655T,G1803959T,G3547681A,,A1736577G,,G3423426A,,G2681905A,C1352350T,C844930T,C3920336T,,,,C2573044T,C2912746T,C3438695G,C2099641T,C233377T,G526406A,C111135T,C127508T,G771092A,C1467695T,C407858T,C174602T
G456511A,,A3629776G,C2663319A,C1596515T,A3246955G,A1986451G,G710748T,C3358768T,G2278507A,C2330343A,C2771457A,G1955941C,C793696G,G1647436A,,,C2185009T,C919551T,,,,A1969545T,C2906978T,G4306767A,C3402067T,G1286666A,G2523709A,C2276018A,,C4095728G,G1877862T,C1149932T,C1926906T,G1574120A,,G2919808A,,,,,,G3360032A,G2184371A,A2461815G,C3973954T,,,C4373475G,,G4307886A,C4020812T,,G2347615A,A1808124C,T3609004G,,C1751042T,,A3480435G,,A2781384G,G1373502A,C895130T,C4048148A,,,,T2754723C,G3404883A,T3670621C,C2327417T,A258470G,A556089G,G112336A,C130355A,G772313T,A1496158G,A473352G,C195186T
C469042T,,C3657710G,C2694026T,G1831531A,G3248276A,T2069882C,C712143A,C3993537T,C2282130A,G2332153A,G2821426A,G1980652T,T808434G,A1688064G,,,T2602454G,C957306T,,,,G2081538A,C3005618T,,G3464053A,C1305971T,C2623232G,C2739087T,,C4239298T,C1924484T,G1152085A,C1937571G,C1670814T,,G3192080A,,,,,,C3368219T,C2192350T,G2470627A,T4363069C,,,A4403900G,,,T4072313G,,C2476128T,C1904706G,G3708849A,,G2033748C,,G3898637A,,A2897684G,C1434648T,C912545G,C4051663T,,,,G2755531A,A3585759G,C3878863A,G2420304A,T306201C,G592494A,G123065A,C130451T,C791330T,C1499291T,G478571A,C204609T
C495473T,,T3774077A,C2773181T,C1876393T,G3549346A,T2099007C,C715075T,G4024316C,C2324087A,G2355363T,C2904886T,A2172380C,G809958T,C1849051T,,,C2881542G,G1002172A,,,,T2269825G,A3258274C,,C3641447T,T1452918C,C2645270T,C2788050T,,G4256758C,G2010396C,C1243792T,C2212900A,G1677603A,,C3344133G,,,,,,C3679532T,C2249403T,G2844689C,G4385530C,,,,,,G4149144T,,C2699050T,A2246438C,G3828326C,,G2184781T,,C4148377T,,G2993386A,T1518164A,A1043959C,G4127389A,,,,G2914906C,T3625836C,,T2652332G,G345317C,C656432T,C129295A,C139019A,G820538A,A1724095G,G506553T,C221561A
T555945C,,C4177882A,C2791079T,G1901623T,G3707884A,T2247140C,G726198A,C4402895G,C2672514G,C2501007T,G3090181A,A2185674G,A875561G,T1885385G,,,G2883217C,C1008460T,,,,G2342425C,C3289923A,,G4154011T,C1508301G,C2704329T,G2980975A,,G4331585A,G2192959A,T1265434C,C2235314T,C1710354G,,C3463561T,,,,,,G4218791T,G2438090A,G2871911A,,,,,,,C4353557T,,C2793515T,A2410938T,T3879560C,,C2273627T,,C4214751A,,G3238748A,G1567533C,A1059154G,G4236903A,,,,T3343014G,G3630371A,,C2816479T,C379687T,C659019T,T134002G,C141291A,T821565C,C1739294G,C516532T,C230101T
A560666G,,G4218940T,C2994964T,G1948644A,G3715012T,G2264973A,G747640A,,G2867547A,G2751502T,A3155382G,T2294007C,G911655A,A2112832C,,,C3128345G,C1009500T,,,,C2374007T,C3355161T,,G4164866A,A1555979T,C2913078G,C3044919T,,,G2484215C,C1306874T,C2269304G,C1728022G,,C3649458A,,,,,,C4262222G,A2537602C,G3095606A,,,,,,,C4385709G,,C2799571T,G2610344C,T3924275C,,C2374245T,,C4245055A,,T3479424G,C1581419A,C1109278T,G4397619C,,,,G3348870A,G3687560A,,G2902742T,G408006T,T669225C,A137163T,G156317A,G894843C,A1886109G,G539488A,G231284A
C564723T,,G4314216A,G3022811A,A1967783G,C3771123T,G2300477A,G786685T,,G2912061A,G2763624A,C3323665A,C2337179T,C945915T,C2177366T,,,G3134017T,C1012815G,,,,G2415042T,G3440895A,,C4240897G,G1605202C,C3207290A,T3273638C,,,G2524666A,T1376642C,A2283198G,A1732204G,,C4036398T,,,,,,T4283644C,G2649855A,G3524903A,,,,,,,,,A3102127G,G2694560C,C3924991T,,G2440953T,,A4367911G,,G3560344A,A1639894C,A1153539G,,,,,T3389922G,G3720172A,,C2948535G,C408935T,T669231G,T138083C,G163669C,T934769G,G1947951A,C552367T,G261680A
C580336A,,,C3227768A,T2008669A,C3870870T,C2327329A,G1004547A,,C3285318T,T3001053C,G3346959T,G2399734A,T989418C,C2202500T,,,A3312401C,T1144409G,,,,G2448800A,G3556607T,,,C1612704T,G3249411A,C3810038G,,,C2596354T,C1458106A,T2469979G,A1817856C,,T4076538C,,,,,,G4368326A,C2695094G,C3717205T,,,,,,,,,G3102133A,G2860213A,G4016840A,,T2465997G,,,,A3889750G,C1703142G,C1167695T,,,,,G3468524C,G3888838T,,T2984928G,G442468A,G688260A,G142799A,C173566T,G973938A,A2058282G,G569088A,C268953T
G591965A,,,G3364142A,G2057593A,G4096875A,C2346071T,A1077981G,,A3339417G,C3049806T,G3362218T,A2521428G,G1023277A,C2315386A,,,C3418386T,T1152805A,,,,C2484329T,G3783058A,,,C1830007A,C3303669A,A4233217G,,,G2640369A,C1549646T,G2523830C,G1867838A,,A4284201G,,,,,,,G2907629A,C3849867T,,,,,,,,,C3203058T,T3015686C,C4117692G,,G2816034A,,,,G3908458A,G1746781A,C1198313G,,,,,G3652797A,A3900023G,,G3161463A,G445696T,G709150A,C163950T,A195233C,C993988A,C2197669T,C595914T,T281526C
G595501A,,,G3574258A,G2068353A,,G2372949A,T1128665C,,G3352933A,G3052353A,C3487707A,T2543395C,C1070687G,A2354791G,,,T3823194C,C1153388T,,,,T2607391C,G3854174A,,,C1889579T,G3458659A,G4269540A,,,A2667578G,C1564799T,C2673255G,G1872211A,,G4376670T,,,,,,,G2964024A,G3883226A,,,,,,,,,G3203190C,A3036095G,G4313577A,,C2982955T,,,,G4093770A,C1847570T,G1358359T,,,,,C3861190A,G4282940A,,C3169149T,C456731T,C735252T,T167150C,C198351A,T1105923C,T2201296C,G649585A,C286485T
G615938A,,,T3606394C,G2110812T,,G2611442A,C1199722T,,T3398940C,A3183210G,G3787156A,G2741209A,C1099797A,G2505085A,,,C4302926G,C1177184A,,,,G2615670A,C3866350T,,,T1894639G,G3567600A,,,,C2771693G,G1625676A,G2909040T,C2057591T,,,,,,,,,G3130682A,T4005862C,,,,,,,,,G3211311A,C3074721G,,,A3143100G,,,,C4285162T,T1850082C,C1418234T,,,,,G4078348A,C4291773G,,C3302308T,C458116T,G754754A,A168945G,G199034T,G1116612A,G2252239A,T681164G,C302245T
G621390A,,,G3715840A,C2131540T,,C2655771A,A1245061G,,C3400230T,G3429876C,T3983049G,G2833329A,C1104944T,G2752122C,,,C4377999A,A1247391C,,,,C2815641G,G3873242A,,,A1939945C,T3629928C,,,,A2952466T,A1652272C,G3071916A,C2063685T,,,,,,,,,G3195557A,C4045645T,,,,,,,,,G3223234A,G3216607A,,,G3304753T,,,,C4348079T,T1985124G,G1421309A,,,,,G4105338A,C4295031T,,C4165205T,G482106A,C760969T,C173460T,C209411A,C1239709A,A2265626G,T684411C,C307190T
C627350G,,,G3793428T,A2143973G,,A2694189G,C1287533T,,C3504418T,C3458422A,C4108043T,G2948230A,G1106464A,C2775361T,,,T4400839C,T1308317C,,,,G2868019C,A3887921G,,,A2067164G,G3727746A,,,,G3023036A,C1654689T,T3105369G,A2063911G,,,,,,,,,G3195975A,G4084599T,,,,,,,,,G3263130A,C3248421A,,,G3792796A,,,,,C2143958T,C1481731T,,,,,C4170662G,C4295427G,,C4330110A,A487463G,A761723C,A173914G,G221190T,C1268776T,C2301394T,G722515C,C307555T
C649345T,,,,G2146024A,,C2887744A,C1479325A,,G3974868A,T3470324C,G4176914T,C3010993T,C1135798T,C2793810A,,,,G1371470A,,,,G2874344A,T3925733G,,,G2194324A,A4047967C,,,,C3333080T,A1660045G,G3195284T,A2173033G,,,,,,,,,C3340615G,G4137657A,,,,,,,,,G3281523C,C3299886T,,,C4139670T,,,,,C2158327T,G1482803C,,,,,,,,,C495322T,G816862T,A184321G,C221591T,C1346702T,T2475888G,C788070A,T314616C
C678440T,,,,G2147429C,,C2929799T,T1530439C,,C4014376A,C3517413T,C4240750T,G3033189A,G1171107C,G2903439A,,,,A1377568G,,,,G2881898C,G4063682T,,,T2220309G,C4051716T,,,,C3346060T,T1698192C,C3197005T,G2181026C,,,,,,,,,G3414791C,C4147496T,,,,,,,,,C3383749T,G3310127C,,,G4257849A,,,,,A2176101G,G1503186C,,,,,,,,,C519872T,C959369T,G184638A,G227466A,T1383672G,A2484801G,C793082G,G317963A
G685955A,,,,G2249789A,,C3042301T,A1557518G,,G4049254A,G3534263C,A4340312G,G3304966A,G1304443A,A2955957C,,,,G1478357T,,,,G2895891T,G4146314T,,,G2242615A,C4229087T,,,,C3396059T,G1791961A,C3455759T,C2251179T,,,,,,,,,A3436296G,G4388153A,,,,,,,,,G3861821A,C3338252T,,,G4260268C,,,,,T2233947C,C1557212T,,,,,,,,,G525205A,G982363T,C204504G,C238202T,G1414044C,T2486454C,G834408A,G320226A
G720863T,,,,C2399887T,,G3142852T,G1624992A,,C4113833T,G3677203A,,C3597249G,G1310756C,G3137736T,,,,G1495836A,,,,C2906135T,C4357123A,,,C2352142T,T4270835C,,,,T3518371C,C1823738T,A3798433G,G2280734A,,,,,,,,,G3451670C,,,,,,,,,,G4006527A,G3349093C,,,A4287195G,,,,,C2255839A,C1564845G,,,,,,,,,G539019A,T988043C,C205771T,C238576A,C1436571T,G2528773A,C844350A,G323785A
G722852A,,,,T2531081A,,G3166706A,C1640244T,,C4123325T,G3771585A,,T3674157A,G1325886T,C3200282T,,,,C1650406A,,,,C3013911T,C4384417T,,,C2461053A,C4292305T,,,,G3665314A,A1897489C,C3805277A,G2300664A,,,,,,,,,G3495658C,,,,,,,,,,C4153422A,T3361668C,,,,,,,,G2281733A,C1675080G,,,,,,,,,T555621G,C1013635T,G207592A,C239882A,G1485541C,G2612300T,G875682A,T331340G
G730087A,,,,G2622402A,,C3178816T,G1707800T,,G4155903T,G3824167C,,T3775409C,C1386936G,T3249025G,,,,A1676880G,,,,G3035518A,C4386709T,,,G2560539A,,,,,C3665467T,C1930745T,G3851686T,G2316510A,,,,,,,,,T3600717G,,,,,,,,,,G4311329A,G3416905A,,,,,,,,G2369118A,C1730926T,,,,,,,,,C563965T,C1027496T,C211548A,C240360T,A1534820G,G2658676A,C917586T,T381278C
C752046T,,,,G2719850A,,C3395434T,G1756802A,,G4244420C,G4121388A,,G3778011A,C1462787A,A3375165C,,,,C1748439T,,,,C3068286T,,,,A2713528C,,,,,C3819949A,C1976092T,C4021166T,T2361492G,,,,,,,,,C3688944T,,,,,,,,,,C4339927T,G3631160A,,,,,,,,G2586790A,G1760345T,,,,,,,,,G573190A,A1049460T,G212165A,C251795T,A1543495G,C2682593T,C918685T,G387911A
C797597T,,,,T2739385C,,T3476583C,C1885612G,,C4301972T,G4176694A,,C3830349T,G1527844A,A3477942G,,,,C1764225T,,,,G3170270A,,,,C2820603T,,,,,A3877066C,C1980196G,C4302518T,C2394922T,,,,,,,,,G3788840T,,,,,,,,,,,T3875222G,,,,,,,,G2593424C,G1770593T,,,,,,,,,G588160T,C1069146T,T217794C,C254160A,A1555872G,A2723847G,A967706G,G389880C
C812502T,,,,C2753041T,,G3526539A,C1899810T,,,G4238120A,,C3979990G,C1640695T,G3587446A,,,,C1802047G,,,,G3262043T,,,,C2847933T,,,,,A4007194C,A2094281G,G4391663A,G2396770C,,,,,,,,,T3894176C,,,,,,,,,,,C3876024G,,,,,,,,G2665304A,T1772498G,,,,,,,,,C609003G,G1107897A,A227697G,C260307T,C1732719G,G2774180C,C1000167T,A397203G
A850985G,,,,C2787989T,,G3546754C,C2020026G,,,C4285318T,,G3993058A,C1650786T,T3612813C,,,,C1827468A,,,,G3521109A,,,,C3041098G,,,,,C4145770A,G2099224A,,G2446461A,,,,,,,,,G4050877C,,,,,,,,,,,C4021272T,,,,,,,,T2847973C,G1789821A,,,,,,,,,G610787A,C1153920T,T232985C,C271188A,A1766556T,G2912516A,A1017292G,A414539G
C865761T,,,,C2815277T,,G3841253A,C2279758T,,,C4299514T,,A4167656G,T1793561G,A3643985C,,,,C1833025T,,,,A3629291G,,,,C3150994G,,,,,C4315859T,G2122866A,,G2507412A,,,,,,,,,G4076546A,,,,,,,,,,,G4141953A,,,,,,,,T2860901C,C1824963T,,,,,,,,,G613957T,A1177815G,C237762T,G293874C,C1826775A,G3229201A,C1043493T,G414606A
A895082G,,,,C2906008T,,G4361089A,C2369187T,,,G4356477A,,G4182387C,T1878221C,A3704770G,,,,G1908598A,,,,C3786474T,,,,G3213615A,,,,,G4337622A,G2145616C,,C2525776T,,,,,,,,,G4141036T,,,,,,,,,,,G4208487A,,,,,,,,C2875883T,A1835884G,,,,,,,,,G622361A,G1220180A,C246359T,C311316A,G1837879T,C3371365T,G1055663A,A415677G
C895120T,,,,G2963892A,,G4411475A,G2369460A,,,G4360524C,,A4205325G,C1881090T,G4050811A,,,,G1925136A,,,,G3873066A,,,,A3241734C,,,,,A4346164G,C2312864T,,C2559151T,,,,,,,,,T4148529G,,,,,,,,,,,G4249012A,,,,,,,,G2889947A,C1848272A,,,,,,,,,C635775T,G1226021T,T247732G,C312539G,A1844722C,G3371401A,G1069305C,T415993G
C910015A,,,,A2990752C,,,G2414870A,,,,,G4254431A,T1901171C,G4115890C,,,,T1926029C,,,,G3903429A,,,,G3295605T,,,,,G4392074T,C2364577G,,G2748087A,,,,,,,,,G4225647A,,,,,,,,,,,C4266036G,,,,,,,,G2911595A,G1875691C,,,,,,,,,C648756T,T1275025A,C254676A,T316058C,C1897045A,G3447463A,T1173430G,C449936G
C952597T,,,,C2996912T,,,G2418554A,,,,,C4290135T,C2047343G,G4120390C,,,,G1977646A,,,,G4165272A,,,,A3504213G,,,,,G4404313A,G2450245A,,C2988815G,,,,,,,,,G4251087A,,,,,,,,,,,G4392120A,,,,,,,,C2927664T,C1902550T,,,,,,,,,A666713C,C1275084T,C255200T,C322687A,A1916707C,G3467315C,C1182226T,G472597A
C987601T,,,,G3032887A,,,C2513411G,,,,,G4301075C,C2119323T,G4186678A,,,,C2003252T,,,,A4254465C,,,,G3626305A,,,,,,C2475787T,,A3086742C,,,,,,,,,G4316114A,,,,,,,,,,,,,,,,,,,A2933223G,C1945383A,,,,,,,,,G667950A,C1283851T,T255950G,C328899T,G1976755T,C3534980G,C1203046T,T480416C
G996219A,,,,G3036413A,,,C2536740T,,,,,G4308395A,C2146523T,G4189210T,,,,G2011568C,,,,T4326176G,,,,C3910829T,,,,,,C2479674T,,T3104336C,,,,,,,,,C4349688T,,,,,,,,,,,,,,,,,,,G2952922T,G2069602A,,,,,,,,,C678934A,G1314261A,C271357A,C331976T,C2002724T,C3584190T,G1205308C,C487388A
T1002342C,,,,A3092402C,,,A2702369G,,,,,,G2239156T,C4359653T,,,,C2034676T,,,,G4384570C,,,,G3939163A,,,,,,G2517405A,,A3218122C,,,,,,,,,G4350446C,,,,,,,,,,,,,,,,,,,G3033922A,C2076037T,,,,,,,,,C686146T,C1368133A,C280519T,C343314T,C2055726T,C3706876G,C1231396T,G494702A
C1009490T,,,,C3338834A,,,G2712566T,,,,,,A2319843G,,,,,C2087652T,,,,,,,,G4118179A,,,,,,T2531069C,,G3391074C,,,,,,,,,C4389202T,,,,,,,,,,,,,,,,,,,G3139540T,C2089861T,,,,,,,,,T701878G,C1372002T,T283436G,T344352G,G2189377A,C3877256T,C1253599T,G500710A
G1022613A,,,,C3394177T,,,A2719938G,,,,,,G2321583A,,,,,C2186236T,,,,,,,,T4144971G,,,,,,G2742591T,,G3422687A,,,,,,,,,,,,,,,,,,,,,,,,,,,,A3231548G,A2136627G,,,,,,,,,A708263G,C1384188A,T284051G,G344414C,C2237320A,G3904490A,G1255177A,G510015A
A1029997G,,,,A3525374G,,,G2730348A,,,,,,C2346763A,,,,,G2275764A,,,,,,,,C4146926T,,,,,,C2742996A,,C3442970T,,,,,,,,,,,,,,,,,,,,,,,,,,,,C3268258T,C2151457T,,,,,,,,,G731750C,C1388517T,G298713A,C345525A,C2347054A,G4021093T,G1335651A,T511040C
C1043136T,,,,C3531656T,,,C2755330T,,,,,,G2411810A,,,,,T2284456G,,,,,,,,T4208009G,,,,,,G2813075A,,G3469694T,,,,,,,,,,,,,,,,,,,,,,,,,,,,G3274951C,A2333854C,,,,,,,,,G740038C,C1391728T,C302889A,G358173C,A2432984G,G4028925T,C1336072T,C533092G
G1048102A,,,,A3531706G,,,G2887243A,,,,,,C2442398T,,,,,G2285558A,,,,,,,,T4212656C,,,,,,C2834601T,,G3574504A,,,,,,,,,,,,,,,,,,,,,,,,,,,,C3360152A,C2454006T,,,,,,,,,C745835G,C1452717T,C307534G,G387604A,G2530997T,G4157578A,C1352604T,C538706G
A1066038G,,,,G3538128A,,,G2911916A,,,,,,C2459699T,,,,,G2309203A,,,,,,,,G4243833A,,,,,,T2880480G,,C3666905T,,,,,,,,,,,,,,,,,,,,,,,,,,,,T3369702A,C2507524G,,,,,,,,,G773021A,C1490140T,G332746A,C398579T,G2631607A,G4164080A,T1391056G,A546602C
A1072342G,,,,A3554354G,,,C3220048T,,,,,,G2484526C,,,,,T2335080C,,,,,,,,G4246930C,,,,,,C2956731T,,C3867404A,,,,,,,,,,,,,,,,,,,,,,,,,,,,C3448567G,G2560425A,,,,,,,,,C801959T,G1515003A,G345719C,G439975A,G2648005C,T4229470C,A1393507G,C559970T
A1083755G,,,,G3629203A,,,G3272697A,,,,,,G2545013A,,,,,C2346929T,,,,,,,,G4294328A,,,,,,C2986216T,,C3868379T,,,,,,,,,,,,,,,,,,,,,,,,,,,,G3472473T,C2652561T,,,,,,,,,A861279C,T1521892C,C347456A,C442072A,G2723440C,G4322905A,C1446484A,G572945A
C1086648A,,,,A3664603T,,,G3488278C,,,,,,G2573553A,,,,,G2452452A,,,,,,,,G4306984A,,,,,,G2990775A,,A3875230G,,,,,,,,,,,,,,,,,,,,,,,,,,,,G3526884A,C2679283T,,,,,,,,,G863975T,G1581727A,G349081A,G442473A,C2736153T,,C1454432T,T584104G
T1111518C,,,,G3784975A,,,G3520485T,,,,,,T2582198G,,,,,T2516271C,,,,,,,,A4315064G,,,,,,G3072437A,,G4073918A,,,,,,,,,,,,,,,,,,,,,,,,,,,,C3622049A,C2754453T,,,,,,,,,T872863G,C1585900T,A353026C,G446427A,G2750052A,,A1478850G,G587601A
C1119739T,,,,G3820722A,,,G3642173A,,,,,,C2605187T,,,,,C2536312T,,,,,,,,G4400239A,,,,,,T3137917C,,C4129917A,,,,,,,,,,,,,,,,,,,,,,,,,,,,C3788280T,C2847965A,,,,,,,,,G892659A,G1676742T,A379417G,C453646T,C2848837A,,T1518463A,C602982T
G1121071A,,,,G3879882A,,,C3651032T,,,,,,A2610122G,,,,,G2591172A,,,,,,,,,,,,,,A3141630C,,C4168771T,,,,,,,,,,,,,,,,,,,,,,,,,,,,G3879961A,G2869984A,,,,,,,,,G904367C,C1686538T,C381053T,G457731A,G2861269A,,G1520669A,G634348A
G1139222A,,,,G3897374A,,,C3653225T,,,,,,G2623273A,,,,,G2656635A,,,,,,,,,,,,,,C3143729T,,G4212976A,,,,,,,,,,,,,,,,,,,,,,,,,,,,C4004368T,T2871558G,,,,,,,,,C905344A,G1690970T,C386956T,C459239A,G2865369T,,C1538651G,T665220C
C1155700T,,,,C3988745G,,,G3665931T,,,,,,C2648929T,,,,,C2688700T,,,,,,,,,,,,,,G3217010T,,C4280072A,,,,,,,,,,,,,,,,,,,,,,,,,,,,C4063257A,G2908128A,,,,,,,,,C907906T,T1714678C,A412842G,C473589T,A2902583G,,G1550755A,C684214T
G1157771C,,,,C4020756G,,,C3769784T,,,,,,C2730205A,,,,,T2700222C,,,,,,,,,,,,,,G3309473A,,G4309617T,,,,,,,,,,,,,,,,,,,,,,,,,,,,C4103911A,A2915666G,,,,,,,,,T991740C,C1728324A,G420243A,G475994A,C2958528T,,C1603185T,C696118T
G1184826T,,,,C4047879T,,,C3894150A,,,,,,G2778196A,,,,,C2712328T,,,,,,,,,,,,,,C3330637G,,G4310449A,,,,,,,,,,,,,,,,,,,,,,,,,,,,G4222343A,G2919268A,,,,,,,,,A1004177C,C1810253T,C443264T,C477648A,A3006766G,,G1608427A,C698131T
T1199019C,,,,C4141864A,,,G3911938A,,,,,,T2782240C,,,,,G2782498A,,,,,,,,,,,,,,C3359036A,,C4324042T,,,,,,,,,,,,,,,,,,,,,,,,,,,,G4337926A,C3130916A,,,,,,,,,T1025135C,C1811964A,G452375A,C508454T,G3040601T,,C1622499T,C706429T
A1228116G,,,,G4157259A,,,C4010994T,,,,,,C2783790T,,,,,C2798595T,,,,,,,,,,,,,,T3367848C,,A4355141C,,,,,,,,,,,,,,,,,,,,,,,,,,,,,T3205461G,,,,,,,,,G1038813A,G1829836A,T453561C,G554742A,G3041643A,,C1673766T,A707844G
G1237403A,,,,G4167642T,,,G4018725A,,,,,,G2815465T,,,,,G2817747A,,,,,,,,,,,,,,C3415624T,,G4376445A,,,,,,,,,,,,,,,,,,,,,,,,,,,,,G3211345A,,,,,,,,,A1058309G,C1840543T,C456189A,C562059T,A3045833C,,G1700470T,C709306A
G1320508A,,,,G4298896A,,,G4084405A,,,,,,A2867432G,,,,,A2895473G,,,,,,,,,,,,,,C3431590A,,T4388730C,,,,,,,,,,,,,,,,,,,,,,,,,,,,,G3295387A,,,,,,,,,C1077102T,C1841538T,C473760T,G564734A,G3087782T,,T1718087G,C709952G
C1320614G,,,,G4325923A,,,G4095404A,,,,,,G2880615A,,,,,G2903050A,,,,,,,,,,,,,,C3504611G,,G4394744C,,,,,,,,,,,,,,,,,,,,,,,,,,,,,T3307644C,,,,,,,,,G1141069T,C1855260T,C482789A,C568389A,C3227252T,,G1718813C,G714884A
C1356648T,,,,C4349129T,,,A4130200G,,,,,,C2880668T,,,,,G2941179A,,,,,,,,,,,,,,G3595027A,,,,,,,,,,,,,,,,,,,,,,,,,,,,,,,G3400894A,,,,,,,,,C1145442G,C1867707T,C492739T,G581672T,C3258046G,,G1823703A,G721200A
C1369389T,,,,A4399888G,,,G4346294C,,,,,,G2887475T,,,,,G2964594A,,,,,,,,,,,,,,G3654876T,,,,,,,,,,,,,,,,,,,,,,,,,,,,,,,G3428230T,,,,,,,,,G1186287T,G1886077A,G497126A,C589404A,G3286906A,,G1827833A,G727605T
G1369735A,,,,,,,,,,,,,G2932819T,,,,,G3010014A,,,,,,,,,,,,,,C3680527A,,,,,,,,,,,,,,,,,,,,,,,,,,,,,,,G3506049A,,,,,,,,,G1192641T,G1907794A,G498932T,G595051T,T3287507C,,C1871069T,G748320A
C1374578T,,,,,,,,,,,,,G3063565A,,,,,C3027548T,,,,,,,,,,,,,,C3847898T,,,,,,,,,,,,,,,,,,,,,,,,,,,,,,,C3519713T,,,,,,,,,C1240578T,G1937727T,C517025A,C601402T,G3370805C,,A1888893C,C789117T
T1374639A,,,,,,,,,,,,,C3139686T,,,,,C3043700T,,,,,,,,,,,,,,G3848194C,,,,,,,,,,,,,,,,,,,,,,,,,,,,,,,G3574690A,,,,,,,,,C1242007T,G1970407T,T526533G,C611424T,C3390795T,,G1908084A,A794122G
G1387211A,,,,,,,,,,,,,A3223856C,,,,,C3069566T,,,,,,,,,,,,,,C3858856T,,,,,,,,,,,,,,,,,,,,,,,,,,,,,,,G3611111A,,,,,,,,,T1242416C,G1970432A,C534342A,G616595T,G3414553A,,A1945801G,A808432T
C1389866T,,,,,,,,,,,,,G3240567A,,,,,A3072285C,,,,,,,,,,,,,,G3896048T,,,,,,,,,,,,,,,,,,,,,,,,,,,,,,,C3619458T,,,,,,,,,T1243724C,G2005758C,C536722T,A625303T,C3421758A,,G2003684A,A810423G
C1417019T,,,,,,,,,,,,,G3242930C,,,,,C3076172T,,,,,,,,,,,,,,A4113001G,,,,,,,,,,,,,,,,,,,,,,,,,,,,,,,A3685008C,,,,,,,,,A1250131G,C2060557T,G540424T,C630300A,G3479573A,,A2012868G,G816409T
G1417793A,,,,,,,,,,,,,G3256848A,,,,,G3208600A,,,,,,,,,,,,,,G4161092A,,,,,,,,,,,,,,,,,,,,,,,,,,,,,,,T3722679C,,,,,,,,,C1255685T,C2115064T,G545800C,G636670A,C3526452A,,C2108164T,A831525C
C1443354T,,,,,,,,,,,,,T3320975C,,,,,C3212723A,,,,,,,,,,,,,,C4183402A,,,,,,,,,,,,,,,,,,,,,,,,,,,,,,,C3785011T,,,,,,,,,A1256176G,C2115776T,C560504T,G637273A,C3602855A,,A2141769C,C834824T
G1560912A,,,,,,,,,,,,,A3346511C,,,,,G3236442A,,,,,,,,,,,,,,G4215426A,,,,,,,,,,,,,,,,,,,,,,,,,,,,,,,C3821559G,,,,,,,,,A1256895C,G2159337T,C562311T,A643928G,C3610650T,,C2180535T,C858137T
C1568178T,,,,,,,,,,,,,G3382910A,,,,,T3244113C,,,,,,,,,,,,,,T4254739C,,,,,,,,,,,,,,,,,,,,,,,,,,,,,,,C3874051T,,,,,,,,,A1275333G,T2199061G,A611543C,G650106T,G3615709T,,A2193581G,G862747T
A1575793G,,,,,,,,,,,,,C3424878T,,,,,C3273107A,,,,,,,,,,,,,,C4286885T,,,,,,,,,,,,,,,,,,,,,,,,,,,,,,,T3925644C,,,,,,,,,A1283821G,A2265993C,A612629C,C660652T,A3678107C,,A2194204G,T865058C
G1580181A,,,,,,,,,,,,,C3436300T,,,,,G3306441A,,,,,,,,,,,,,,A4360964G,,,,,,,,,,,,,,,,,,,,,,,,,,,,,,,C3931072T,,,,,,,,,T1358934G,C2266051T,C626380A,C661759A,A3698626G,,C2271939T,A872261T
C1581377T,,,,,,,,,,,,,G3444109A,,,,,C3312620A,,,,,,,,,,,,,,G4381644A,,,,,,,,,,,,,,,,,,,,,,,,,,,,,,,C3972803T,,,,,,,,,C1377185G,A2276918G,C633147T,G670805T,G3799400A,,G2279228T,T907834C
C1589739T,,,,,,,,,,,,,G3447102T,,,,,C3385218T,,,,,,,,,,,,,,G4398557A,,,,,,,,,,,,,,,,,,,,,,,,,,,,,,,G3985375A,,,,,,,,,T1419373C,T2323880C,C636120A,G679280A,C3800971T,,C2286000T,G912467A
C1601528T,,,,,,,,,,,,,A3456397G,,,,,C3393640T,,,,,,,,,,,,,,,,,,,,,,,,,,,,,,,,,,,,,,,,,,,,,C4090418T,,,,,,,,,A1436284G,C2389698A,G648647T,C680146T,G3886397T,,C2292409T,G942322A
A1604290T,,,,,,,,,,,,,C3478092G,,,,,C3515467T,,,,,,,,,,,,,,,,,,,,,,,,,,,,,,,,,,,,,,,,,,,,,G4231674A,,,,,,,,,C1463143T,G2474271A,G654376A,A682156C,G3902789A,,G2379636A,T949892G
G1647830A,,,,,,,,,,,,,G3483703A,,,,,G3562338T,,,,,,,,,,,,,,,,,,,,,,,,,,,,,,,,,,,,,,,,,,,,,G4251810A,,,,,,,,,G1487674A,G2520466A,T655155C,G687333A,T3984704C,,C2382830A,G950010A
T1691520G,,,,,,,,,,,,,A3513538T,,,,,C3645524T,,,,,,,,,,,,,,,,,,,,,,,,,,,,,,,,,,,,,,,,,,,,,C4268573T,,,,,,,,,C1505806T,T2526709C,G656656A,C698875T,C4002869T,,C2392387T,C952865T
C1721490G,,,,,,,,,,,,,T3534662C,,,,,C3656206A,,,,,,,,,,,,,,,,,,,,,,,,,,,,,,,,,,,,,,,,,,,,,C4314614T,,,,,,,,,G1507920A,C2544466T,C669984T,A705043G,G4050944T,,T2392637C,G971699T
A1731563T,,,,,,,,,,,,,G3559689T,,,,,C3729342T,,,,,,,,,,,,,,,,,,,,,,,,,,,,,,,,,,,,,,,,,,,,,C4376781T,,,,,,,,,C1509093G,G2590122A,T688558A,C708688T,C4134149G,,G2427314C,G1001257A
A1739390G,,,,,,,,,,,,,G3576359A,,,,,A3994101G,,,,,,,,,,,,,,,,,,,,,,,,,,,,,,,,,,,,,,,,,,,,,G4384820A,,,,,,,,,C1545472T,G2614882A,T693742C,G708762T,G4191573T,,G2433547A,A1012060G
T1745446A,,,,,,,,,,,,,G3578190A,,,,,A4033711G,,,,,,,,,,,,,,,,,,,,,,,,,,,,,,,,,,,,,,,,,,,,,,,,,,,,,,A1545720G,T2623603C,T699431G,C721594T,C4235022A,,C2496141T,G1012748A
T1791823C,,,,,,,,,,,,,A3697978G,,,,,C4096636T,,,,,,,,,,,,,,,,,,,,,,,,,,,,,,,,,,,,,,,,,,,,,,,,,,,,,,T1550945G,C2641813T,C704034G,G724695A,T4235425G,,G2535243A,G1031572A
C1826343T,,,,,,,,,,,,,G3784492A,,,,,C4195799A,,,,,,,,,,,,,,,,,,,,,,,,,,,,,,,,,,,,,,,,,,,,,,,,,,,,,,C1555432T,T2641828C,G716126A,C725774T,G4241489A,,G2547295A,G1037299C
G1826624A,,,,,,,,,,,,,G3788150A,,,,,C4222131T,,,,,,,,,,,,,,,,,,,,,,,,,,,,,,,,,,,,,,,,,,,,,,,,,,,,,,C1585032T,G2672906A,A718229G,C726870T,G4281756A,,C2700142A,A1047661C
C1827553G,,,,,,,,,,,,,C3798081T,,,,,C4226275T,,,,,,,,,,,,,,,,,,,,,,,,,,,,,,,,,,,,,,,,,,,,,,,,,,,,,,G1591039A,C2710422T,A719387C,C740285T,C4402976T,,G2701538A,C1067386T
G1832642T,,,,,,,,,,,,,C4074482T,,,,,G4242075A,,,,,,,,,,,,,,,,,,,,,,,,,,,,,,,,,,,,,,,,,,,,,,,,,,,,,,C1601722T,G2819183A,C732691G,G742270T,T4408457C,,C2701977T,G1067609A
G1839329A,,,,,,,,,,,,,G4090667A,,,,,G4292941A,,,,,,,,,,,,,,,,,,,,,,,,,,,,,,,,,,,,,,,,,,,,,,,,,,,,,,T1603637C,C2835261T,C737363A,C745777A,,,C2714317T,C1071539T
C1853974T,,,,,,,,,,,,,A4096171G,,,,,T4301870C,,,,,,,,,,,,,,,,,,,,,,,,,,,,,,,,,,,,,,,,,,,,,,,,,,,,,,C1611024T,G2854864A,C741333A,C755470T,,,C2735139T,C1074474T
G1873954T,,,,,,,,,,,,,C4137950T,,,,,G4305243A,,,,,,,,,,,,,,,,,,,,,,,,,,,,,,,,,,,,,,,,,,,,,,,,,,,,,,G1649265A,C2871717T,T746166G,G758571A,,,G2741028A,C1081629T
C1886263G,,,,,,,,,,,,,G4141505C,,,,,G4328492A,,,,,,,,,,,,,,,,,,,,,,,,,,,,,,,,,,,,,,,,,,,,,,,,,,,,,,C1658030T,C2886640G,C752014T,G775611T,,,G2799248T,C1085567T
G1887284A,,,,,,,,,,,,,C4143738T,,,,,C4396495A,,,,,,,,,,,,,,,,,,,,,,,,,,,,,,,,,,,,,,,,,,,,,,,,,,,,,,G1669296A,G2891366A,A764013C,G822260A,,,A2808328C,C1099228T
G1902156A,,,,,,,,,,,,,G4165481C,,,,,,,,,,,,,,,,,,,,,,,,,,,,,,,,,,,,,,,,,,,,,,,,,,,,,,,,,,,C1678639G,G2927864A,T771378C,C941719T,,,C2889358T,C1125468T
C1907177T,,,,,,,,,,,,,C4168959G,,,,,,,,,,,,,,,,,,,,,,,,,,,,,,,,,,,,,,,,,,,,,,,,,,,,,,,,,,,C1686414T,G2984105A,C774301T,C943868T,,,G2893923A,A1131309G
G1923985A,,,,,,,,,,,,,G4232049C,,,,,,,,,,,,,,,,,,,,,,,,,,,,,,,,,,,,,,,,,,,,,,,,,,,,,,,,,,,C1686737T,T3016608G,C776202G,T958925G,,,T2899273C,A1139698G
G1940307T,,,,,,,,,,,,,G4233767C,,,,,,,,,,,,,,,,,,,,,,,,,,,,,,,,,,,,,,,,,,,,,,,,,,,,,,,,,,,G1710085C,C3029360T,G796515A,G1005061T,,,G2990241T,G1177000A
G1978807T,,,,,,,,,,,,,G4234805A,,,,,,,,,,,,,,,,,,,,,,,,,,,,,,,,,,,,,,,,,,,,,,,,,,,,,,,,,,,C1721987T,G3057309A,C799237T,C1030188A,,,A3000112G,G1183362C
G2013943C,,,,,,,,,,,,,A4246088G,,,,,,,,,,,,,,,,,,,,,,,,,,,,,,,,,,,,,,,,,,,,,,,,,,,,,,,,,,,G1754786A,C3057375T,C806841T,G1032300A,,,G3033934A,G1187902A
G2035937A,,,,,,,,,,,,,C4264825G,,,,,,,,,,,,,,,,,,,,,,,,,,,,,,,,,,,,,,,,,,,,,,,,,,,,,,,,,,,G1757727A,A3137026C,C811642T,C1040256T,,,G3063326A,C1195238T
T2066471C,,,,,,,,,,,,,C4287178T,,,,,,,,,,,,,,,,,,,,,,,,,,,,,,,,,,,,,,,,,,,,,,,,,,,,,,,,,,,C1799921A,G3147243A,G821057A,C1059920T,,,C3071554T,C1202094T
T2083124C,,,,,,,,,,,,,T4306758A,,,,,,,,,,,,,,,,,,,,,,,,,,,,,,,,,,,,,,,,,,,,,,,,,,,,,,,,,,,G1846854A,G3155164A,A826066G,C1081783T,,,G3086520A,C1210022A
G2090306A,,,,,,,,,,,,,C4345707T,,,,,,,,,,,,,,,,,,,,,,,,,,,,,,,,,,,,,,,,,,,,,,,,,,,,,,,,,,,A1849814G,C3346980T,C829407T,C1102289T,,,G3159906A,C1211274T
G2092391T,,,,,,,,,,,,,G4395083C,,,,,,,,,,,,,,,,,,,,,,,,,,,,,,,,,,,,,,,,,,,,,,,,,,,,,,,,,,,G1853565A,A3554298G,A845487G,G1143756T,,,G3195372A,G1215822T
C2096094T,,,,,,,,,,,,,,,,,,,,,,,,,,,,,,,,,,,,,,,,,,,,,,,,,,,,,,,,,,,,,,,,,,,,,,,,G1870194C,C3586551A,T850343C,G1147672T,,,G3206759A,T1237312G
A2096430C,,,,,,,,,,,,,,,,,,,,,,,,,,,,,,,,,,,,,,,,,,,,,,,,,,,,,,,,,,,,,,,,,,,,,,,,C1909456T,G3591488A,G872505A,G1154672T,,,C3291797T,A1240481C
G2177968T,,,,,,,,,,,,,,,,,,,,,,,,,,,,,,,,,,,,,,,,,,,,,,,,,,,,,,,,,,,,,,,,,,,,,,,,C1911301T,C3596407T,C873676G,G1227518A,,,T3432187G,C1241950T
G2185358A,,,,,,,,,,,,,,,,,,,,,,,,,,,,,,,,,,,,,,,,,,,,,,,,,,,,,,,,,,,,,,,,,,,,,,,,C1926500T,C3599099A,G879323C,G1242471T,,,C3437813T,C1243942T
A2249035G,,,,,,,,,,,,,,,,,,,,,,,,,,,,,,,,,,,,,,,,,,,,,,,,,,,,,,,,,,,,,,,,,,,,,,,,G1939763A,C3622618G,G885228A,G1256794T,,,G3465059A,C1250415A
G2255942T,,,,,,,,,,,,,,,,,,,,,,,,,,,,,,,,,,,,,,,,,,,,,,,,,,,,,,,,,,,,,,,,,,,,,,,,C1942121T,A3635117G,T893119G,G1258972T,,,G3513595A,C1286172T
G2309356A,,,,,,,,,,,,,,,,,,,,,,,,,,,,,,,,,,,,,,,,,,,,,,,,,,,,,,,,,,,,,,,,,,,,,,,,G1951438A,G3673210T,G896431A,C1260255T,,,A3514170C,A1288923C
G2348482T,,,,,,,,,,,,,,,,,,,,,,,,,,,,,,,,,,,,,,,,,,,,,,,,,,,,,,,,,,,,,,,,,,,,,,,,G1961730A,C3693548T,G904403A,A1276641G,,,T3538563C,A1289401G
G2374442A,,,,,,,,,,,,,,,,,,,,,,,,,,,,,,,,,,,,,,,,,,,,,,,,,,,,,,,,,,,,,,,,,,,,,,,,G2005152A,C3789077T,A907649C,C1301200A,,,C3609827T,G1321202C
C2397760G,,,,,,,,,,,,,,,,,,,,,,,,,,,,,,,,,,,,,,,,,,,,,,,,,,,,,,,,,,,,,,,,,,,,,,,,T2005607G,C3792262A,A912040C,C1312473T,,,C3636471T,G1330443A
G2450045A,,,,,,,,,,,,,,,,,,,,,,,,,,,,,,,,,,,,,,,,,,,,,,,,,,,,,,,,,,,,,,,,,,,,,,,,A2008140C,C3823494A,C918558T,C1354912T,,,C3702606T,C1333051G
C2451081G,,,,,,,,,,,,,,,,,,,,,,,,,,,,,,,,,,,,,,,,,,,,,,,,,,,,,,,,,,,,,,,,,,,,,,,,G2018883C,G3862148A,G938330T,T1371338G,,,A3713169G,G1344807A
C2503549A,,,,,,,,,,,,,,,,,,,,,,,,,,,,,,,,,,,,,,,,,,,,,,,,,,,,,,,,,,,,,,,,,,,,,,,,C2060377T,A3883278G,C940678G,C1391766T,,,G3772711A,T1349002C
G2508395A,,,,,,,,,,,,,,,,,,,,,,,,,,,,,,,,,,,,,,,,,,,,,,,,,,,,,,,,,,,,,,,,,,,,,,,,T2069546C,A3980437C,G940745A,C1428629T,,,G3865587A,G1355203A
C2509181G,,,,,,,,,,,,,,,,,,,,,,,,,,,,,,,,,,,,,,,,,,,,,,,,,,,,,,,,,,,,,,,,,,,,,,,,C2080594T,C3995060A,A948743C,A1443507G,,,G3871242A,G1369060T
G2528931A,,,,,,,,,,,,,,,,,,,,,,,,,,,,,,,,,,,,,,,,,,,,,,,,,,,,,,,,,,,,,,,,,,,,,,,,A2087453G,A4004907T,A956055G,C1446846T,,,A3896671G,G1375542A
G2530434T,,,,,,,,,,,,,,,,,,,,,,,,,,,,,,,,,,,,,,,,,,,,,,,,,,,,,,,,,,,,,,,,,,,,,,,,A2090366G,G4084010A,G967288A,G1495341A,,,C4030078T,C1377919A
G2538793A,,,,,,,,,,,,,,,,,,,,,,,,,,,,,,,,,,,,,,,,,,,,,,,,,,,,,,,,,,,,,,,,,,,,,,,,C2095234A,G4086697T,C973502T,G1496663T,,,G4048465A,G1388539A
T2544979A,,,,,,,,,,,,,,,,,,,,,,,,,,,,,,,,,,,,,,,,,,,,,,,,,,,,,,,,,,,,,,,,,,,,,,,,C2099631T,C4090238T,G973932C,C1507342T,,,C4069637A,G1400830T
C2553682T,,,,,,,,,,,,,,,,,,,,,,,,,,,,,,,,,,,,,,,,,,,,,,,,,,,,,,,,,,,,,,,,,,,,,,,,C2101921T,C4106075T,C989400T,C1568756A,,,G4093779A,G1410646A
A2569593G,,,,,,,,,,,,,,,,,,,,,,,,,,,,,,,,,,,,,,,,,,,,,,,,,,,,,,,,,,,,,,,,,,,,,,,,G2107050A,C4148162A,T994568G,C1604013T,,,G4146129T,T1414381G
G2573434T,,,,,,,,,,,,,,,,,,,,,,,,,,,,,,,,,,,,,,,,,,,,,,,,,,,,,,,,,,,,,,,,,,,,,,,,C2122443A,G4183288A,C997124T,C1604512T,,,G4170404A,C1425039T
G2602575A,,,,,,,,,,,,,,,,,,,,,,,,,,,,,,,,,,,,,,,,,,,,,,,,,,,,,,,,,,,,,,,,,,,,,,,,G2178941A,C4186864T,G1001291A,G1643148A,,,G4175637C,G1433143A
A2611704C,,,,,,,,,,,,,,,,,,,,,,,,,,,,,,,,,,,,,,,,,,,,,,,,,,,,,,,,,,,,,,,,,,,,,,,,G2186371A,G4192341A,C1010996T,C1660292A,,,C4183664G,A1433787G
C2622508T,,,,,,,,,,,,,,,,,,,,,,,,,,,,,,,,,,,,,,,,,,,,,,,,,,,,,,,,,,,,,,,,,,,,,,,,T2186421G,A4193641G,C1015633T,C1665285A,,,T4191287G,C1435481A
G2643653A,,,,,,,,,,,,,,,,,,,,,,,,,,,,,,,,,,,,,,,,,,,,,,,,,,,,,,,,,,,,,,,,,,,,,,,,T2235807G,G4201352A,C1024413G,A1672097G,,,A4200868C,C1449038T
C2652908G,,,,,,,,,,,,,,,,,,,,,,,,,,,,,,,,,,,,,,,,,,,,,,,,,,,,,,,,,,,,,,,,,,,,,,,,C2246459A,C4220427T,T1032476A,T1674481G,,,C4201724T,C1465317T
G2663210A,,,,,,,,,,,,,,,,,,,,,,,,,,,,,,,,,,,,,,,,,,,,,,,,,,,,,,,,,,,,,,,,,,,,,,,,G2283293C,C4236891A,A1032978G,C1703568T,,,T4207406G,G1505028A
G2688225C,,,,,,,,,,,,,,,,,,,,,,,,,,,,,,,,,,,,,,,,,,,,,,,,,,,,,,,,,,,,,,,,,,,,,,,,C2290062T,C4241843A,C1037024T,G1715216T,,,T4365743G,G1517316C
G2745839A,,,,,,,,,,,,,,,,,,,,,,,,,,,,,,,,,,,,,,,,,,,,,,,,,,,,,,,,,,,,,,,,,,,,,,,,C2304017T,C4244379T,A1039887G,C1719909T,,,A4366945G,A1519924C
A2764206G,,,,,,,,,,,,,,,,,,,,,,,,,,,,,,,,,,,,,,,,,,,,,,,,,,,,,,,,,,,,,,,,,,,,,,,,C2323291T,C4289216T,C1040921T,C1731931A,,,C4382303T,A1532173G
G2773955C,,,,,,,,,,,,,,,,,,,,,,,,,,,,,,,,,,,,,,,,,,,,,,,,,,,,,,,,,,,,,,,,,,,,,,,,C2328420T,T4326465C,T1048808G,C1802964T,,,G4398102A,G1533993T
G2824432A,,,,,,,,,,,,,,,,,,,,,,,,,,,,,,,,,,,,,,,,,,,,,,,,,,,,,,,,,,,,,,,,,,,,,,,,T2350534C,G4358866A,G1064489A,C1829045T,,,C4398204T,A1546130C
A2894642G,,,,,,,,,,,,,,,,,,,,,,,,,,,,,,,,,,,,,,,,,,,,,,,,,,,,,,,,,,,,,,,,,,,,,,,,C2385408A,C4386625T,G1073031T,G1843648T,,,T4408985C,C1546596T
G2897528A,,,,,,,,,,,,,,,,,,,,,,,,,,,,,,,,,,,,,,,,,,,,,,,,,,,,,,,,,,,,,,,,,,,,,,,,C2393590G,C4398223T,A1081882G,G1875067A,,,,C1549838T
G2899890T,,,,,,,,,,,,,,,,,,,,,,,,,,,,,,,,,,,,,,,,,,,,,,,,,,,,,,,,,,,,,,,,,,,,,,,,C2414989G,,C1088804T,C1881982T,,,,G1550928T
T2948650C,,,,,,,,,,,,,,,,,,,,,,,,,,,,,,,,,,,,,,,,,,,,,,,,,,,,,,,,,,,,,,,,,,,,,,,,A2419044G,,T1102273G,C1917642T,,,,C1555342T
T2993523C,,,,,,,,,,,,,,,,,,,,,,,,,,,,,,,,,,,,,,,,,,,,,,,,,,,,,,,,,,,,,,,,,,,,,,,,C2452657A,,G1105739C,G1956085T,,,,C1555736T
A3031285T,,,,,,,,,,,,,,,,,,,,,,,,,,,,,,,,,,,,,,,,,,,,,,,,,,,,,,,,,,,,,,,,,,,,,,,,C2463455T,,G1124532T,G1979299A,,,,A1564506G
C3097349T,,,,,,,,,,,,,,,,,,,,,,,,,,,,,,,,,,,,,,,,,,,,,,,,,,,,,,,,,,,,,,,,,,,,,,,,T2465721C,,A1125894C,G2066227T,,,,C1565739T
G3137681A,,,,,,,,,,,,,,,,,,,,,,,,,,,,,,,,,,,,,,,,,,,,,,,,,,,,,,,,,,,,,,,,,,,,,,,,G2485956A,,C1131396T,G2090754A,,,,A1566144G
C3188428T,,,,,,,,,,,,,,,,,,,,,,,,,,,,,,,,,,,,,,,,,,,,,,,,,,,,,,,,,,,,,,,,,,,,,,,,C2489855T,,G1137518A,G2091389A,,,,A1567479G
G3197917A,,,,,,,,,,,,,,,,,,,,,,,,,,,,,,,,,,,,,,,,,,,,,,,,,,,,,,,,,,,,,,,,,,,,,,,,T2493513C,,G1138636T,C2097435A,,,,A1589420G
C3202629T,,,,,,,,,,,,,,,,,,,,,,,,,,,,,,,,,,,,,,,,,,,,,,,,,,,,,,,,,,,,,,,,,,,,,,,,G2498200T,,C1141176T,C2114845T,,,,T1596656C
G3229692A,,,,,,,,,,,,,,,,,,,,,,,,,,,,,,,,,,,,,,,,,,,,,,,,,,,,,,,,,,,,,,,,,,,,,,,,T2503491G,,C1143126T,C2123181T,,,,A1598857G
G3233605A,,,,,,,,,,,,,,,,,,,,,,,,,,,,,,,,,,,,,,,,,,,,,,,,,,,,,,,,,,,,,,,,,,,,,,,,G2508857A,,A1149058C,G2133877T,,,,G1612514A
G3241244A,,,,,,,,,,,,,,,,,,,,,,,,,,,,,,,,,,,,,,,,,,,,,,,,,,,,,,,,,,,,,,,,,,,,,,,,T2530101A,,A1155494G,C2176348T,,,,A1615163G
G3247089A,,,,,,,,,,,,,,,,,,,,,,,,,,,,,,,,,,,,,,,,,,,,,,,,,,,,,,,,,,,,,,,,,,,,,,,,A2532788G,,C1157089G,C2182945T,,,,G1625336C
G3280132A,,,,,,,,,,,,,,,,,,,,,,,,,,,,,,,,,,,,,,,,,,,,,,,,,,,,,,,,,,,,,,,,,,,,,,,,T2574950C,,G1157219A,C2190367T,,,,T1658863A
A3293423G,,,,,,,,,,,,,,,,,,,,,,,,,,,,,,,,,,,,,,,,,,,,,,,,,,,,,,,,,,,,,,,,,,,,,,,,G2609302C,,C1158720T,C2192763T,,,,G1661723A
C3295124T,,,,,,,,,,,,,,,,,,,,,,,,,,,,,,,,,,,,,,,,,,,,,,,,,,,,,,,,,,,,,,,,,,,,,,,,G2616527T,,A1172771G,G2203692A,,,,C1673680G
G3299413A,,,,,,,,,,,,,,,,,,,,,,,,,,,,,,,,,,,,,,,,,,,,,,,,,,,,,,,,,,,,,,,,,,,,,,,,C2617442A,,G1173047C,G2204881A,,,,T1678778C
A3326150G,,,,,,,,,,,,,,,,,,,,,,,,,,,,,,,,,,,,,,,,,,,,,,,,,,,,,,,,,,,,,,,,,,,,,,,,C2645780T,,G1177819T,G2229209A,,,,C1679883G
G3365841A,,,,,,,,,,,,,,,,,,,,,,,,,,,,,,,,,,,,,,,,,,,,,,,,,,,,,,,,,,,,,,,,,,,,,,,,C2663463A,,G1182145T,G2234456A,,,,G1680083A
G3401850A,,,,,,,,,,,,,,,,,,,,,,,,,,,,,,,,,,,,,,,,,,,,,,,,,,,,,,,,,,,,,,,,,,,,,,,,G2682158A,,C1206334A,G2306915A,,,,C1686313T
G3406798A,,,,,,,,,,,,,,,,,,,,,,,,,,,,,,,,,,,,,,,,,,,,,,,,,,,,,,,,,,,,,,,,,,,,,,,,T2683729C,,G1237743A,C2318144A,,,,C1692670G
C3424462T,,,,,,,,,,,,,,,,,,,,,,,,,,,,,,,,,,,,,,,,,,,,,,,,,,,,,,,,,,,,,,,,,,,,,,,,G2702166T,,T1245045G,C2323688T,,,,G1694058C
C3427632T,,,,,,,,,,,,,,,,,,,,,,,,,,,,,,,,,,,,,,,,,,,,,,,,,,,,,,,,,,,,,,,,,,,,,,,,A2702403G,,T1253707G,C2325372T,,,,T1696370C
C3442240A,,,,,,,,,,,,,,,,,,,,,,,,,,,,,,,,,,,,,,,,,,,,,,,,,,,,,,,,,,,,,,,,,,,,,,,,C2702612A,,T1254136G,G2349801C,,,,A1697309G
A3447480C,,,,,,,,,,,,,,,,,,,,,,,,,,,,,,,,,,,,,,,,,,,,,,,,,,,,,,,,,,,,,,,,,,,,,,,,T2724331C,,A1257355G,G2373583T,,,,G1697726A
C3453382T,,,,,,,,,,,,,,,,,,,,,,,,,,,,,,,,,,,,,,,,,,,,,,,,,,,,,,,,,,,,,,,,,,,,,,,,G2730711A,,G1266130A,A2440802G,,,,C1703193G
G3460765C,,,,,,,,,,,,,,,,,,,,,,,,,,,,,,,,,,,,,,,,,,,,,,,,,,,,,,,,,,,,,,,,,,,,,,,,A2744225G,,C1268760T,G2466760T,,,,C1708095T
C3474597A,,,,,,,,,,,,,,,,,,,,,,,,,,,,,,,,,,,,,,,,,,,,,,,,,,,,,,,,,,,,,,,,,,,,,,,,C2748366A,,C1272843T,G2484734A,,,,T1710243C
G3536008T,,,,,,,,,,,,,,,,,,,,,,,,,,,,,,,,,,,,,,,,,,,,,,,,,,,,,,,,,,,,,,,,,,,,,,,,T2784166G,,C1273368T,G2496846A,,,,G1716872A
G3557634A,,,,,,,,,,,,,,,,,,,,,,,,,,,,,,,,,,,,,,,,,,,,,,,,,,,,,,,,,,,,,,,,,,,,,,,,A2784568G,,G1274955A,G2549490T,,,,C1728407T
C3597682T,,,,,,,,,,,,,,,,,,,,,,,,,,,,,,,,,,,,,,,,,,,,,,,,,,,,,,,,,,,,,,,,,,,,,,,,A2820743G,,C1280079T,G2605942A,,,,C1729178T
A3647591G,,,,,,,,,,,,,,,,,,,,,,,,,,,,,,,,,,,,,,,,,,,,,,,,,,,,,,,,,,,,,,,,,,,,,,,,A2854669G,,T1291650G,C2653268A,,,,C1732305T
C3661802T,,,,,,,,,,,,,,,,,,,,,,,,,,,,,,,,,,,,,,,,,,,,,,,,,,,,,,,,,,,,,,,,,,,,,,,,A2855231G,,A1295399C,G2659647T,,,,G1734398C
G3670118T,,,,,,,,,,,,,,,,,,,,,,,,,,,,,,,,,,,,,,,,,,,,,,,,,,,,,,,,,,,,,,,,,,,,,,,,G2855959A,,G1297084A,G2668377T,,,,T1759230C
G3678091A,,,,,,,,,,,,,,,,,,,,,,,,,,,,,,,,,,,,,,,,,,,,,,,,,,,,,,,,,,,,,,,,,,,,,,,,G2868769A,,C1305129T,A2680787G,,,,C1771565T
G3683237T,,,,,,,,,,,,,,,,,,,,,,,,,,,,,,,,,,,,,,,,,,,,,,,,,,,,,,,,,,,,,,,,,,,,,,,,G2874162A,,C1307140T,G2721475A,,,,G1790815A
C3704261A,,,,,,,,,,,,,,,,,,,,,,,,,,,,,,,,,,,,,,,,,,,,,,,,,,,,,,,,,,,,,,,,,,,,,,,,G2910483T,,T1310963G,G2755156T,,,,T1797375C
C3770325T,,,,,,,,,,,,,,,,,,,,,,,,,,,,,,,,,,,,,,,,,,,,,,,,,,,,,,,,,,,,,,,,,,,,,,,,T2919947C,,G1315186A,C2776401T,,,,G1806205A
G3774506A,,,,,,,,,,,,,,,,,,,,,,,,,,,,,,,,,,,,,,,,,,,,,,,,,,,,,,,,,,,,,,,,,,,,,,,,G2926445A,,C1317045T,G2793772A,,,,G1810542A
A3793634G,,,,,,,,,,,,,,,,,,,,,,,,,,,,,,,,,,,,,,,,,,,,,,,,,,,,,,,,,,,,,,,,,,,,,,,,G2981030C,,C1319586T,G2797514T,,,,G1819985C
G3830566A,,,,,,,,,,,,,,,,,,,,,,,,,,,,,,,,,,,,,,,,,,,,,,,,,,,,,,,,,,,,,,,,,,,,,,,,C2988374T,,T1325990G,C2821795A,,,,C1824487T
A3851084G,,,,,,,,,,,,,,,,,,,,,,,,,,,,,,,,,,,,,,,,,,,,,,,,,,,,,,,,,,,,,,,,,,,,,,,,C2998287G,,C1329168T,G2858167A,,,,G1834363A
G3864041A,,,,,,,,,,,,,,,,,,,,,,,,,,,,,,,,,,,,,,,,,,,,,,,,,,,,,,,,,,,,,,,,,,,,,,,,G3001754T,,C1334310T,G2862497T,,,,T1836454C
C3899654A,,,,,,,,,,,,,,,,,,,,,,,,,,,,,,,,,,,,,,,,,,,,,,,,,,,,,,,,,,,,,,,,,,,,,,,,C3004427A,,G1358592A,G2912722A,,,,G1846080A
G3913737A,,,,,,,,,,,,,,,,,,,,,,,,,,,,,,,,,,,,,,,,,,,,,,,,,,,,,,,,,,,,,,,,,,,,,,,,C3035033T,,G1365895A,C2940079A,,,,G1865906A
G3920109T,,,,,,,,,,,,,,,,,,,,,,,,,,,,,,,,,,,,,,,,,,,,,,,,,,,,,,,,,,,,,,,,,,,,,,,,C3037048T,,C1373735A,G2945655A,,,,G1886745T
C3921094T,,,,,,,,,,,,,,,,,,,,,,,,,,,,,,,,,,,,,,,,,,,,,,,,,,,,,,,,,,,,,,,,,,,,,,,,G3051911A,,C1388427T,G2947235A,,,,C1904204G
G3974142A,,,,,,,,,,,,,,,,,,,,,,,,,,,,,,,,,,,,,,,,,,,,,,,,,,,,,,,,,,,,,,,,,,,,,,,,T3098714C,,C1395587T,G2985534A,,,,C1904740T
G3984926A,,,,,,,,,,,,,,,,,,,,,,,,,,,,,,,,,,,,,,,,,,,,,,,,,,,,,,,,,,,,,,,,,,,,,,,,C3106231T,,G1396792T,G3024592A,,,,T1904816C
C4003645T,,,,,,,,,,,,,,,,,,,,,,,,,,,,,,,,,,,,,,,,,,,,,,,,,,,,,,,,,,,,,,,,,,,,,,,,T3108299G,,G1415259A,G3025013A,,,,C1904982A
C4014431T,,,,,,,,,,,,,,,,,,,,,,,,,,,,,,,,,,,,,,,,,,,,,,,,,,,,,,,,,,,,,,,,,,,,,,,,G3115746A,,T1416977C,C3056818A,,,,T1912317C
G4022652A,,,,,,,,,,,,,,,,,,,,,,,,,,,,,,,,,,,,,,,,,,,,,,,,,,,,,,,,,,,,,,,,,,,,,,,,T3148511G,,A1429541G,G3106036T,,,,T1919886C
A4040517G,,,,,,,,,,,,,,,,,,,,,,,,,,,,,,,,,,,,,,,,,,,,,,,,,,,,,,,,,,,,,,,,,,,,,,,,G3151813A,,C1430596T,G3107087A,,,,C1950172T
C4069797T,,,,,,,,,,,,,,,,,,,,,,,,,,,,,,,,,,,,,,,,,,,,,,,,,,,,,,,,,,,,,,,,,,,,,,,,T3157540C,,C1434990T,G3142481A,,,,C1952606T
G4077177A,,,,,,,,,,,,,,,,,,,,,,,,,,,,,,,,,,,,,,,,,,,,,,,,,,,,,,,,,,,,,,,,,,,,,,,,G3158512A,,C1436780G,G3144735A,,,,C1952724G
G4081987C,,,,,,,,,,,,,,,,,,,,,,,,,,,,,,,,,,,,,,,,,,,,,,,,,,,,,,,,,,,,,,,,,,,,,,,,G3159164A,,G1440409A,C3179507T,,,,C1969154A
G4081996C,,,,,,,,,,,,,,,,,,,,,,,,,,,,,,,,,,,,,,,,,,,,,,,,,,,,,,,,,,,,,,,,,,,,,,,,A3214120G,,C1444492T,C3227878T,,,,C1969204T
T4083360G,,,,,,,,,,,,,,,,,,,,,,,,,,,,,,,,,,,,,,,,,,,,,,,,,,,,,,,,,,,,,,,,,,,,,,,,A3265806G,,C1463776T,G3227960T,,,,A1971609G
G4085200C,,,,,,,,,,,,,,,,,,,,,,,,,,,,,,,,,,,,,,,,,,,,,,,,,,,,,,,,,,,,,,,,,,,,,,,,G3286789A,,C1467505T,C3247581A,,,,T1973114C
G4093719A,,,,,,,,,,,,,,,,,,,,,,,,,,,,,,,,,,,,,,,,,,,,,,,,,,,,,,,,,,,,,,,,,,,,,,,,T3297989C,,C1502798T,G3285201A,,,,A1973138G
G4096190A,,,,,,,,,,,,,,,,,,,,,,,,,,,,,,,,,,,,,,,,,,,,,,,,,,,,,,,,,,,,,,,,,,,,,,,,G3309071A,,G1506094A,G3286392A,,,,G2002663A
C4106154T,,,,,,,,,,,,,,,,,,,,,,,,,,,,,,,,,,,,,,,,,,,,,,,,,,,,,,,,,,,,,,,,,,,,,,,,C3309916A,,C1513250T,G3300062A,,,,C2016256T
G4115029A,,,,,,,,,,,,,,,,,,,,,,,,,,,,,,,,,,,,,,,,,,,,,,,,,,,,,,,,,,,,,,,,,,,,,,,,C3320271T,,A1515388C,G3361394A,,,,C2054026A
T4126087G,,,,,,,,,,,,,,,,,,,,,,,,,,,,,,,,,,,,,,,,,,,,,,,,,,,,,,,,,,,,,,,,,,,,,,,,A3345427G,,C1516704T,C3370174A,,,,C2060962T
G4133907A,,,,,,,,,,,,,,,,,,,,,,,,,,,,,,,,,,,,,,,,,,,,,,,,,,,,,,,,,,,,,,,,,,,,,,,,G3391138A,,G1518078A,G3408464A,,,,T2069383C
G4163558C,,,,,,,,,,,,,,,,,,,,,,,,,,,,,,,,,,,,,,,,,,,,,,,,,,,,,,,,,,,,,,,,,,,,,,,,T3399945G,,T1534767G,C3420658A,,,,A2070327G
G4187063A,,,,,,,,,,,,,,,,,,,,,,,,,,,,,,,,,,,,,,,,,,,,,,,,,,,,,,,,,,,,,,,,,,,,,,,,G3416432A,,C1536424T,G3449865A,,,,G2076692A
A4241042G,,,,,,,,,,,,,,,,,,,,,,,,,,,,,,,,,,,,,,,,,,,,,,,,,,,,,,,,,,,,,,,,,,,,,,,,G3416630A,,G1540364A,G3455582A,,,,T2078567C
C4245969T,,,,,,,,,,,,,,,,,,,,,,,,,,,,,,,,,,,,,,,,,,,,,,,,,,,,,,,,,,,,,,,,,,,,,,,,C3433326T,,C1561245T,G3462106A,,,,C2084450T
C4276306T,,,,,,,,,,,,,,,,,,,,,,,,,,,,,,,,,,,,,,,,,,,,,,,,,,,,,,,,,,,,,,,,,,,,,,,,T3496002G,,G1570300T,G3469397A,,,,A2093412T
C4280441A,,,,,,,,,,,,,,,,,,,,,,,,,,,,,,,,,,,,,,,,,,,,,,,,,,,,,,,,,,,,,,,,,,,,,,,,C3499247T,,G1570380A,C3472530T,,,,C2093618A
G4281272A,,,,,,,,,,,,,,,,,,,,,,,,,,,,,,,,,,,,,,,,,,,,,,,,,,,,,,,,,,,,,,,,,,,,,,,,G3506470A,,C1575188T,G3497045A,,,,T2096450C
G4296381T,,,,,,,,,,,,,,,,,,,,,,,,,,,,,,,,,,,,,,,,,,,,,,,,,,,,,,,,,,,,,,,,,,,,,,,,C3591661T,,C1577475A,G3498309A,,,,C2119821T
C4307344G,,,,,,,,,,,,,,,,,,,,,,,,,,,,,,,,,,,,,,,,,,,,,,,,,,,,,,,,,,,,,,,,,,,,,,,,G3630235A,,C1583387T,G3498595A,,,,C2123847T
G4314843A,,,,,,,,,,,,,,,,,,,,,,,,,,,,,,,,,,,,,,,,,,,,,,,,,,,,,,,,,,,,,,,,,,,,,,,,T3651849G,,C1584108T,G3575709A,,,,G2124303C
G4357773A,,,,,,,,,,,,,,,,,,,,,,,,,,,,,,,,,,,,,,,,,,,,,,,,,,,,,,,,,,,,,,,,,,,,,,,,C3656289G,,G1588861A,G3597331A,,,,G2125968C
C4357946T,,,,,,,,,,,,,,,,,,,,,,,,,,,,,,,,,,,,,,,,,,,,,,,,,,,,,,,,,,,,,,,,,,,,,,,,G3658226A,,G1595934C,G3612540A,,,,C2128540G
A4390380G,,,,,,,,,,,,,,,,,,,,,,,,,,,,,,,,,,,,,,,,,,,,,,,,,,,,,,,,,,,,,,,,,,,,,,,,C3684169A,,A1608935G,C3625413A,,,,G2129750T
G4398732A,,,,,,,,,,,,,,,,,,,,,,,,,,,,,,,,,,,,,,,,,,,,,,,,,,,,,,,,,,,,,,,,,,,,,,,,C3705776T,,C1610350T,G3644565T,,,,T2148068C
A4401400G,,,,,,,,,,,,,,,,,,,,,,,,,,,,,,,,,,,,,,,,,,,,,,,,,,,,,,,,,,,,,,,,,,,,,,,,G3778148A,,C1613708T,G3702750T,,,,G2149049A
G4410386T,,,,,,,,,,,,,,,,,,,,,,,,,,,,,,,,,,,,,,,,,,,,,,,,,,,,,,,,,,,,,,,,,,,,,,,,T3780715C,,G1614979C,C3720541T,,,,C2154707G
,,,,,,,,,,,,,,,,,,,,,,,,,,,,,,,,,,,,,,,,,,,,,,,,,,,,,,,,,,,,,,,,,,,,,,,,C3790652T,,C1620192T,C3792663A,,,,T2159502C
,,,,,,,,,,,,,,,,,,,,,,,,,,,,,,,,,,,,,,,,,,,,,,,,,,,,,,,,,,,,,,,,,,,,,,,,G3790693T,,C1624388T,G3798461A,,,,C2161877T
,,,,,,,,,,,,,,,,,,,,,,,,,,,,,,,,,,,,,,,,,,,,,,,,,,,,,,,,,,,,,,,,,,,,,,,,G3835102T,,T1627489C,G3807382A,,,,C2171499G
,,,,,,,,,,,,,,,,,,,,,,,,,,,,,,,,,,,,,,,,,,,,,,,,,,,,,,,,,,,,,,,,,,,,,,,,G3840932A,,G1649476T,G3830815A,,,,T2175382C
,,,,,,,,,,,,,,,,,,,,,,,,,,,,,,,,,,,,,,,,,,,,,,,,,,,,,,,,,,,,,,,,,,,,,,,,C3864816T,,G1656971T,C3833720A,,,,G2184017C
,,,,,,,,,,,,,,,,,,,,,,,,,,,,,,,,,,,,,,,,,,,,,,,,,,,,,,,,,,,,,,,,,,,,,,,,A3866953G,,C1678309T,G3978220A,,,,T2185102C
,,,,,,,,,,,,,,,,,,,,,,,,,,,,,,,,,,,,,,,,,,,,,,,,,,,,,,,,,,,,,,,,,,,,,,,,T3870238G,,A1690140C,G3985342A,,,,G2187717A
,,,,,,,,,,,,,,,,,,,,,,,,,,,,,,,,,,,,,,,,,,,,,,,,,,,,,,,,,,,,,,,,,,,,,,,,G3872171A,,C1699495T,G4000124A,,,,C2205429G
,,,,,,,,,,,,,,,,,,,,,,,,,,,,,,,,,,,,,,,,,,,,,,,,,,,,,,,,,,,,,,,,,,,,,,,,A3875633G,,A1708170G,C4017095T,,,,G2235472A
,,,,,,,,,,,,,,,,,,,,,,,,,,,,,,,,,,,,,,,,,,,,,,,,,,,,,,,,,,,,,,,,,,,,,,,,G3882025A,,C1714913T,C4019001T,,,,A2247508T
,,,,,,,,,,,,,,,,,,,,,,,,,,,,,,,,,,,,,,,,,,,,,,,,,,,,,,,,,,,,,,,,,,,,,,,,C3902782G,,C1734985T,G4027800T,,,,C2257214T
,,,,,,,,,,,,,,,,,,,,,,,,,,,,,,,,,,,,,,,,,,,,,,,,,,,,,,,,,,,,,,,,,,,,,,,,G3909589A,,G1761299T,G4070103A,,,,C2260673G
,,,,,,,,,,,,,,,,,,,,,,,,,,,,,,,,,,,,,,,,,,,,,,,,,,,,,,,,,,,,,,,,,,,,,,,,C3919261T,,G1761813C,G4071303A,,,,G2261476A
,,,,,,,,,,,,,,,,,,,,,,,,,,,,,,,,,,,,,,,,,,,,,,,,,,,,,,,,,,,,,,,,,,,,,,,,A3923267C,,C1791504T,G4074512A,,,,C2267329T
,,,,,,,,,,,,,,,,,,,,,,,,,,,,,,,,,,,,,,,,,,,,,,,,,,,,,,,,,,,,,,,,,,,,,,,,C3956535T,,G1791537A,C4096498A,,,,T2269796C
,,,,,,,,,,,,,,,,,,,,,,,,,,,,,,,,,,,,,,,,,,,,,,,,,,,,,,,,,,,,,,,,,,,,,,,,G3986987T,,C1799774T,G4098824A,,,,T2275820G
,,,,,,,,,,,,,,,,,,,,,,,,,,,,,,,,,,,,,,,,,,,,,,,,,,,,,,,,,,,,,,,,,,,,,,,,G4006943A,,T1824531C,G4131023A,,,,A2282095C
,,,,,,,,,,,,,,,,,,,,,,,,,,,,,,,,,,,,,,,,,,,,,,,,,,,,,,,,,,,,,,,,,,,,,,,,C4008252T,,C1826523T,G4136746A,,,,G2296230A
,,,,,,,,,,,,,,,,,,,,,,,,,,,,,,,,,,,,,,,,,,,,,,,,,,,,,,,,,,,,,,,,,,,,,,,,T4008863C,,G1827492C,G4155179A,,,,G2296634T
,,,,,,,,,,,,,,,,,,,,,,,,,,,,,,,,,,,,,,,,,,,,,,,,,,,,,,,,,,,,,,,,,,,,,,,,G4011992A,,C1867937T,G4162382A,,,,A2297109G
,,,,,,,,,,,,,,,,,,,,,,,,,,,,,,,,,,,,,,,,,,,,,,,,,,,,,,,,,,,,,,,,,,,,,,,,T4041899G,,G1882533A,G4166096A,,,,T2298548A
,,,,,,,,,,,,,,,,,,,,,,,,,,,,,,,,,,,,,,,,,,,,,,,,,,,,,,,,,,,,,,,,,,,,,,,,C4080434T,,C1886993T,C4176813A,,,,C2305018T
,,,,,,,,,,,,,,,,,,,,,,,,,,,,,,,,,,,,,,,,,,,,,,,,,,,,,,,,,,,,,,,,,,,,,,,,G4086604A,,G1890146C,G4180897A,,,,G2305205C
,,,,,,,,,,,,,,,,,,,,,,,,,,,,,,,,,,,,,,,,,,,,,,,,,,,,,,,,,,,,,,,,,,,,,,,,C4113005T,,C1896923T,C4205160A,,,,G2308217A
,,,,,,,,,,,,,,,,,,,,,,,,,,,,,,,,,,,,,,,,,,,,,,,,,,,,,,,,,,,,,,,,,,,,,,,,C4119114G,,G1900919A,G4210592A,,,,G2309820C
,,,,,,,,,,,,,,,,,,,,,,,,,,,,,,,,,,,,,,,,,,,,,,,,,,,,,,,,,,,,,,,,,,,,,,,,G4123724A,,C1908737T,G4216210A,,,,G2318273T
,,,,,,,,,,,,,,,,,,,,,,,,,,,,,,,,,,,,,,,,,,,,,,,,,,,,,,,,,,,,,,,,,,,,,,,,A4128879G,,A1910450G,C4227348T,,,,G2318549A
,,,,,,,,,,,,,,,,,,,,,,,,,,,,,,,,,,,,,,,,,,,,,,,,,,,,,,,,,,,,,,,,,,,,,,,,G4134401A,,C1916605T,C4250245T,,,,A2328273G
,,,,,,,,,,,,,,,,,,,,,,,,,,,,,,,,,,,,,,,,,,,,,,,,,,,,,,,,,,,,,,,,,,,,,,,,T4144371C,,A1918281C,G4315767A,,,,A2332128G
,,,,,,,,,,,,,,,,,,,,,,,,,,,,,,,,,,,,,,,,,,,,,,,,,,,,,,,,,,,,,,,,,,,,,,,,G4189191T,,G1923599T,G4316218A,,,,G2333724A
,,,,,,,,,,,,,,,,,,,,,,,,,,,,,,,,,,,,,,,,,,,,,,,,,,,,,,,,,,,,,,,,,,,,,,,,T4192797C,,A1927528C,G4365783A,,,,G2361455A
,,,,,,,,,,,,,,,,,,,,,,,,,,,,,,,,,,,,,,,,,,,,,,,,,,,,,,,,,,,,,,,,,,,,,,,,C4200686T,,C1934970T,G4384280A,,,,G2369128C
,,,,,,,,,,,,,,,,,,,,,,,,,,,,,,,,,,,,,,,,,,,,,,,,,,,,,,,,,,,,,,,,,,,,,,,,C4201535T,,A1942672G,G4389812A,,,,G2378822A
,,,,,,,,,,,,,,,,,,,,,,,,,,,,,,,,,,,,,,,,,,,,,,,,,,,,,,,,,,,,,,,,,,,,,,,,C4205237T,,A1955359C,G4406599A,,,,T2379532C
,,,,,,,,,,,,,,,,,,,,,,,,,,,,,,,,,,,,,,,,,,,,,,,,,,,,,,,,,,,,,,,,,,,,,,,,C4208331A,,C1959947T,C4410891T,,,,T2405863C
,,,,,,,,,,,,,,,,,,,,,,,,,,,,,,,,,,,,,,,,,,,,,,,,,,,,,,,,,,,,,,,,,,,,,,,,A4239843C,,C1959986T,,,,,T2415576C
,,,,,,,,,,,,,,,,,,,,,,,,,,,,,,,,,,,,,,,,,,,,,,,,,,,,,,,,,,,,,,,,,,,,,,,,C4245147T,,C1965815T,,,,,G2427896T
,,,,,,,,,,,,,,,,,,,,,,,,,,,,,,,,,,,,,,,,,,,,,,,,,,,,,,,,,,,,,,,,,,,,,,,,G4271348A,,G1970346A,,,,,T2428213C
,,,,,,,,,,,,,,,,,,,,,,,,,,,,,,,,,,,,,,,,,,,,,,,,,,,,,,,,,,,,,,,,,,,,,,,,C4275241A,,C1971401T,,,,,A2435954G
,,,,,,,,,,,,,,,,,,,,,,,,,,,,,,,,,,,,,,,,,,,,,,,,,,,,,,,,,,,,,,,,,,,,,,,,C4293133G,,C1974133T,,,,,C2438682T
,,,,,,,,,,,,,,,,,,,,,,,,,,,,,,,,,,,,,,,,,,,,,,,,,,,,,,,,,,,,,,,,,,,,,,,,C4306059T,,C1974388T,,,,,G2448407A
,,,,,,,,,,,,,,,,,,,,,,,,,,,,,,,,,,,,,,,,,,,,,,,,,,,,,,,,,,,,,,,,,,,,,,,,T4319352C,,C1980859T,,,,,G2449412A
,,,,,,,,,,,,,,,,,,,,,,,,,,,,,,,,,,,,,,,,,,,,,,,,,,,,,,,,,,,,,,,,,,,,,,,,C4327103T,,G2007098T,,,,,G2453885A
,,,,,,,,,,,,,,,,,,,,,,,,,,,,,,,,,,,,,,,,,,,,,,,,,,,,,,,,,,,,,,,,,,,,,,,,A4328644G,,G2007872C,,,,,T2459865C
,,,,,,,,,,,,,,,,,,,,,,,,,,,,,,,,,,,,,,,,,,,,,,,,,,,,,,,,,,,,,,,,,,,,,,,,G4357657A,,C2010704T,,,,,C2464208T
,,,,,,,,,,,,,,,,,,,,,,,,,,,,,,,,,,,,,,,,,,,,,,,,,,,,,,,,,,,,,,,,,,,,,,,,A4361250G,,T2017422C,,,,,C2469396T
,,,,,,,,,,,,,,,,,,,,,,,,,,,,,,,,,,,,,,,,,,,,,,,,,,,,,,,,,,,,,,,,,,,,,,,,T4386746C,,G2018860A,,,,,G2475305A
,,,,,,,,,,,,,,,,,,,,,,,,,,,,,,,,,,,,,,,,,,,,,,,,,,,,,,,,,,,,,,,,,,,,,,,,G4399422A,,G2022098C,,,,,G2486576A
,,,,,,,,,,,,,,,,,,,,,,,,,,,,,,,,,,,,,,,,,,,,,,,,,,,,,,,,,,,,,,,,,,,,,,,,,,C2035938A,,,,,A2502069G
,,,,,,,,,,,,,,,,,,,,,,,,,,,,,,,,,,,,,,,,,,,,,,,,,,,,,,,,,,,,,,,,,,,,,,,,,,C2086202G,,,,,G2515135T
,,,,,,,,,,,,,,,,,,,,,,,,,,,,,,,,,,,,,,,,,,,,,,,,,,,,,,,,,,,,,,,,,,,,,,,,,,A2098345C,,,,,A2539831C
,,,,,,,,,,,,,,,,,,,,,,,,,,,,,,,,,,,,,,,,,,,,,,,,,,,,,,,,,,,,,,,,,,,,,,,,,,G2120842C,,,,,G2556298C
,,,,,,,,,,,,,,,,,,,,,,,,,,,,,,,,,,,,,,,,,,,,,,,,,,,,,,,,,,,,,,,,,,,,,,,,,,C2123242T,,,,,G2565689A
,,,,,,,,,,,,,,,,,,,,,,,,,,,,,,,,,,,,,,,,,,,,,,,,,,,,,,,,,,,,,,,,,,,,,,,,,,C2133817T,,,,,G2569448A
,,,,,,,,,,,,,,,,,,,,,,,,,,,,,,,,,,,,,,,,,,,,,,,,,,,,,,,,,,,,,,,,,,,,,,,,,,G2134602A,,,,,C2577116G
,,,,,,,,,,,,,,,,,,,,,,,,,,,,,,,,,,,,,,,,,,,,,,,,,,,,,,,,,,,,,,,,,,,,,,,,,,G2138547A,,,,,A2653314G
,,,,,,,,,,,,,,,,,,,,,,,,,,,,,,,,,,,,,,,,,,,,,,,,,,,,,,,,,,,,,,,,,,,,,,,,,,C2152688T,,,,,A2656466T
,,,,,,,,,,,,,,,,,,,,,,,,,,,,,,,,,,,,,,,,,,,,,,,,,,,,,,,,,,,,,,,,,,,,,,,,,,A2153410G,,,,,T2662080G
,,,,,,,,,,,,,,,,,,,,,,,,,,,,,,,,,,,,,,,,,,,,,,,,,,,,,,,,,,,,,,,,,,,,,,,,,,T2174215C,,,,,T2662776G
,,,,,,,,,,,,,,,,,,,,,,,,,,,,,,,,,,,,,,,,,,,,,,,,,,,,,,,,,,,,,,,,,,,,,,,,,,G2175153A,,,,,T2675648C
,,,,,,,,,,,,,,,,,,,,,,,,,,,,,,,,,,,,,,,,,,,,,,,,,,,,,,,,,,,,,,,,,,,,,,,,,,C2183443A,,,,,G2702921A
,,,,,,,,,,,,,,,,,,,,,,,,,,,,,,,,,,,,,,,,,,,,,,,,,,,,,,,,,,,,,,,,,,,,,,,,,,T2189489G,,,,,G2710207A
,,,,,,,,,,,,,,,,,,,,,,,,,,,,,,,,,,,,,,,,,,,,,,,,,,,,,,,,,,,,,,,,,,,,,,,,,,A2191261G,,,,,G2729237A
,,,,,,,,,,,,,,,,,,,,,,,,,,,,,,,,,,,,,,,,,,,,,,,,,,,,,,,,,,,,,,,,,,,,,,,,,,C2203033A,,,,,C2729765T
,,,,,,,,,,,,,,,,,,,,,,,,,,,,,,,,,,,,,,,,,,,,,,,,,,,,,,,,,,,,,,,,,,,,,,,,,,G2204199C,,,,,C2736789T
,,,,,,,,,,,,,,,,,,,,,,,,,,,,,,,,,,,,,,,,,,,,,,,,,,,,,,,,,,,,,,,,,,,,,,,,,,G2204623A,,,,,A2746391G
,,,,,,,,,,,,,,,,,,,,,,,,,,,,,,,,,,,,,,,,,,,,,,,,,,,,,,,,,,,,,,,,,,,,,,,,,,G2240773A,,,,,C2772670G
,,,,,,,,,,,,,,,,,,,,,,,,,,,,,,,,,,,,,,,,,,,,,,,,,,,,,,,,,,,,,,,,,,,,,,,,,,T2245063G,,,,,C2774534T
,,,,,,,,,,,,,,,,,,,,,,,,,,,,,,,,,,,,,,,,,,,,,,,,,,,,,,,,,,,,,,,,,,,,,,,,,,C2247935T,,,,,G2809468C
,,,,,,,,,,,,,,,,,,,,,,,,,,,,,,,,,,,,,,,,,,,,,,,,,,,,,,,,,,,,,,,,,,,,,,,,,,A2248823G,,,,,C2815003G
,,,,,,,,,,,,,,,,,,,,,,,,,,,,,,,,,,,,,,,,,,,,,,,,,,,,,,,,,,,,,,,,,,,,,,,,,,T2252997G,,,,,T2821013C
,,,,,,,,,,,,,,,,,,,,,,,,,,,,,,,,,,,,,,,,,,,,,,,,,,,,,,,,,,,,,,,,,,,,,,,,,,C2261553T,,,,,A2831140G
,,,,,,,,,,,,,,,,,,,,,,,,,,,,,,,,,,,,,,,,,,,,,,,,,,,,,,,,,,,,,,,,,,,,,,,,,,C2269261T,,,,,C2845390T
,,,,,,,,,,,,,,,,,,,,,,,,,,,,,,,,,,,,,,,,,,,,,,,,,,,,,,,,,,,,,,,,,,,,,,,,,,G2274477T,,,,,C2852114T
,,,,,,,,,,,,,,,,,,,,,,,,,,,,,,,,,,,,,,,,,,,,,,,,,,,,,,,,,,,,,,,,,,,,,,,,,,G2280092A,,,,,C2877192A
,,,,,,,,,,,,,,,,,,,,,,,,,,,,,,,,,,,,,,,,,,,,,,,,,,,,,,,,,,,,,,,,,,,,,,,,,,A2287790C,,,,,T2880538C
,,,,,,,,,,,,,,,,,,,,,,,,,,,,,,,,,,,,,,,,,,,,,,,,,,,,,,,,,,,,,,,,,,,,,,,,,,G2292549A,,,,,T2880835G
,,,,,,,,,,,,,,,,,,,,,,,,,,,,,,,,,,,,,,,,,,,,,,,,,,,,,,,,,,,,,,,,,,,,,,,,,,A2293847G,,,,,A2887133G
,,,,,,,,,,,,,,,,,,,,,,,,,,,,,,,,,,,,,,,,,,,,,,,,,,,,,,,,,,,,,,,,,,,,,,,,,,G2303524T,,,,,G2895348A
,,,,,,,,,,,,,,,,,,,,,,,,,,,,,,,,,,,,,,,,,,,,,,,,,,,,,,,,,,,,,,,,,,,,,,,,,,C2305184A,,,,,C2900167T
,,,,,,,,,,,,,,,,,,,,,,,,,,,,,,,,,,,,,,,,,,,,,,,,,,,,,,,,,,,,,,,,,,,,,,,,,,C2307439T,,,,,A2916179G
,,,,,,,,,,,,,,,,,,,,,,,,,,,,,,,,,,,,,,,,,,,,,,,,,,,,,,,,,,,,,,,,,,,,,,,,,,G2313023A,,,,,A2928637G
,,,,,,,,,,,,,,,,,,,,,,,,,,,,,,,,,,,,,,,,,,,,,,,,,,,,,,,,,,,,,,,,,,,,,,,,,,G2327067T,,,,,C2939584A
,,,,,,,,,,,,,,,,,,,,,,,,,,,,,,,,,,,,,,,,,,,,,,,,,,,,,,,,,,,,,,,,,,,,,,,,,,C2336329T,,,,,C2946840A
,,,,,,,,,,,,,,,,,,,,,,,,,,,,,,,,,,,,,,,,,,,,,,,,,,,,,,,,,,,,,,,,,,,,,,,,,,G2380244A,,,,,G2947285A
,,,,,,,,,,,,,,,,,,,,,,,,,,,,,,,,,,,,,,,,,,,,,,,,,,,,,,,,,,,,,,,,,,,,,,,,,,C2383599T,,,,,G2952452A
,,,,,,,,,,,,,,,,,,,,,,,,,,,,,,,,,,,,,,,,,,,,,,,,,,,,,,,,,,,,,,,,,,,,,,,,,,G2385615T,,,,,G2962815C
,,,,,,,,,,,,,,,,,,,,,,,,,,,,,,,,,,,,,,,,,,,,,,,,,,,,,,,,,,,,,,,,,,,,,,,,,,G2386883A,,,,,G2963720A
,,,,,,,,,,,,,,,,,,,,,,,,,,,,,,,,,,,,,,,,,,,,,,,,,,,,,,,,,,,,,,,,,,,,,,,,,,G2403490C,,,,,A3014746C
,,,,,,,,,,,,,,,,,,,,,,,,,,,,,,,,,,,,,,,,,,,,,,,,,,,,,,,,,,,,,,,,,,,,,,,,,,G2406193C,,,,,C3022008T
,,,,,,,,,,,,,,,,,,,,,,,,,,,,,,,,,,,,,,,,,,,,,,,,,,,,,,,,,,,,,,,,,,,,,,,,,,C2414272T,,,,,C3026187T
,,,,,,,,,,,,,,,,,,,,,,,,,,,,,,,,,,,,,,,,,,,,,,,,,,,,,,,,,,,,,,,,,,,,,,,,,,A2414434C,,,,,T3026468C
,,,,,,,,,,,,,,,,,,,,,,,,,,,,,,,,,,,,,,,,,,,,,,,,,,,,,,,,,,,,,,,,,,,,,,,,,,G2415149C,,,,,T3030094C
,,,,,,,,,,,,,,,,,,,,,,,,,,,,,,,,,,,,,,,,,,,,,,,,,,,,,,,,,,,,,,,,,,,,,,,,,,G2421349A,,,,,T3039261C
,,,,,,,,,,,,,,,,,,,,,,,,,,,,,,,,,,,,,,,,,,,,,,,,,,,,,,,,,,,,,,,,,,,,,,,,,,G2429729T,,,,,A3047816G
,,,,,,,,,,,,,,,,,,,,,,,,,,,,,,,,,,,,,,,,,,,,,,,,,,,,,,,,,,,,,,,,,,,,,,,,,,G2431607C,,,,,C3048079T
,,,,,,,,,,,,,,,,,,,,,,,,,,,,,,,,,,,,,,,,,,,,,,,,,,,,,,,,,,,,,,,,,,,,,,,,,,T2438422G,,,,,C3048771T
,,,,,,,,,,,,,,,,,,,,,,,,,,,,,,,,,,,,,,,,,,,,,,,,,,,,,,,,,,,,,,,,,,,,,,,,,,A2442862C,,,,,A3061003G
,,,,,,,,,,,,,,,,,,,,,,,,,,,,,,,,,,,,,,,,,,,,,,,,,,,,,,,,,,,,,,,,,,,,,,,,,,G2450895T,,,,,T3067009C
,,,,,,,,,,,,,,,,,,,,,,,,,,,,,,,,,,,,,,,,,,,,,,,,,,,,,,,,,,,,,,,,,,,,,,,,,,G2451275A,,,,,T3067812C
,,,,,,,,,,,,,,,,,,,,,,,,,,,,,,,,,,,,,,,,,,,,,,,,,,,,,,,,,,,,,,,,,,,,,,,,,,G2470347T,,,,,G3070714A
,,,,,,,,,,,,,,,,,,,,,,,,,,,,,,,,,,,,,,,,,,,,,,,,,,,,,,,,,,,,,,,,,,,,,,,,,,G2478401A,,,,,C3071504G
,,,,,,,,,,,,,,,,,,,,,,,,,,,,,,,,,,,,,,,,,,,,,,,,,,,,,,,,,,,,,,,,,,,,,,,,,,G2501377A,,,,,C3076640A
,,,,,,,,,,,,,,,,,,,,,,,,,,,,,,,,,,,,,,,,,,,,,,,,,,,,,,,,,,,,,,,,,,,,,,,,,,C2512754A,,,,,G3093116C
,,,,,,,,,,,,,,,,,,,,,,,,,,,,,,,,,,,,,,,,,,,,,,,,,,,,,,,,,,,,,,,,,,,,,,,,,,A2513847G,,,,,C3099495T
,,,,,,,,,,,,,,,,,,,,,,,,,,,,,,,,,,,,,,,,,,,,,,,,,,,,,,,,,,,,,,,,,,,,,,,,,,A2528278C,,,,,G3100986T
,,,,,,,,,,,,,,,,,,,,,,,,,,,,,,,,,,,,,,,,,,,,,,,,,,,,,,,,,,,,,,,,,,,,,,,,,,C2541694A,,,,,G3109627C
,,,,,,,,,,,,,,,,,,,,,,,,,,,,,,,,,,,,,,,,,,,,,,,,,,,,,,,,,,,,,,,,,,,,,,,,,,C2545215A,,,,,G3113904T
,,,,,,,,,,,,,,,,,,,,,,,,,,,,,,,,,,,,,,,,,,,,,,,,,,,,,,,,,,,,,,,,,,,,,,,,,,G2546994T,,,,,C3132584T
,,,,,,,,,,,,,,,,,,,,,,,,,,,,,,,,,,,,,,,,,,,,,,,,,,,,,,,,,,,,,,,,,,,,,,,,,,A2549303C,,,,,G3147196A
,,,,,,,,,,,,,,,,,,,,,,,,,,,,,,,,,,,,,,,,,,,,,,,,,,,,,,,,,,,,,,,,,,,,,,,,,,G2558668A,,,,,G3148454A
,,,,,,,,,,,,,,,,,,,,,,,,,,,,,,,,,,,,,,,,,,,,,,,,,,,,,,,,,,,,,,,,,,,,,,,,,,G2578652C,,,,,T3152703G
,,,,,,,,,,,,,,,,,,,,,,,,,,,,,,,,,,,,,,,,,,,,,,,,,,,,,,,,,,,,,,,,,,,,,,,,,,T2588440G,,,,,C3155260A
,,,,,,,,,,,,,,,,,,,,,,,,,,,,,,,,,,,,,,,,,,,,,,,,,,,,,,,,,,,,,,,,,,,,,,,,,,C2592048T,,,,,C3159466T
,,,,,,,,,,,,,,,,,,,,,,,,,,,,,,,,,,,,,,,,,,,,,,,,,,,,,,,,,,,,,,,,,,,,,,,,,,A2595295C,,,,,C3169415A
,,,,,,,,,,,,,,,,,,,,,,,,,,,,,,,,,,,,,,,,,,,,,,,,,,,,,,,,,,,,,,,,,,,,,,,,,,G2603380A,,,,,G3169986T
,,,,,,,,,,,,,,,,,,,,,,,,,,,,,,,,,,,,,,,,,,,,,,,,,,,,,,,,,,,,,,,,,,,,,,,,,,T2621157C,,,,,A3173162G
,,,,,,,,,,,,,,,,,,,,,,,,,,,,,,,,,,,,,,,,,,,,,,,,,,,,,,,,,,,,,,,,,,,,,,,,,,G2647342A,,,,,G3178523A
,,,,,,,,,,,,,,,,,,,,,,,,,,,,,,,,,,,,,,,,,,,,,,,,,,,,,,,,,,,,,,,,,,,,,,,,,,G2661345A,,,,,G3180309T
,,,,,,,,,,,,,,,,,,,,,,,,,,,,,,,,,,,,,,,,,,,,,,,,,,,,,,,,,,,,,,,,,,,,,,,,,,T2663297C,,,,,T3199583C
,,,,,,,,,,,,,,,,,,,,,,,,,,,,,,,,,,,,,,,,,,,,,,,,,,,,,,,,,,,,,,,,,,,,,,,,,,C2666885T,,,,,C3209573G
,,,,,,,,,,,,,,,,,,,,,,,,,,,,,,,,,,,,,,,,,,,,,,,,,,,,,,,,,,,,,,,,,,,,,,,,,,A2691958C,,,,,G3223382A
,,,,,,,,,,,,,,,,,,,,,,,,,,,,,,,,,,,,,,,,,,,,,,,,,,,,,,,,,,,,,,,,,,,,,,,,,,G2724174A,,,,,C3229906T
,,,,,,,,,,,,,,,,,,,,,,,,,,,,,,,,,,,,,,,,,,,,,,,,,,,,,,,,,,,,,,,,,,,,,,,,,,A2728454G,,,,,A3232112G
,,,,,,,,,,,,,,,,,,,,,,,,,,,,,,,,,,,,,,,,,,,,,,,,,,,,,,,,,,,,,,,,,,,,,,,,,,G2730359C,,,,,C3234662T
,,,,,,,,,,,,,,,,,,,,,,,,,,,,,,,,,,,,,,,,,,,,,,,,,,,,,,,,,,,,,,,,,,,,,,,,,,A2759363G,,,,,G3241414A
,,,,,,,,,,,,,,,,,,,,,,,,,,,,,,,,,,,,,,,,,,,,,,,,,,,,,,,,,,,,,,,,,,,,,,,,,,G2764924A,,,,,G3243146A
,,,,,,,,,,,,,,,,,,,,,,,,,,,,,,,,,,,,,,,,,,,,,,,,,,,,,,,,,,,,,,,,,,,,,,,,,,C2766211A,,,,,T3243880G
,,,,,,,,,,,,,,,,,,,,,,,,,,,,,,,,,,,,,,,,,,,,,,,,,,,,,,,,,,,,,,,,,,,,,,,,,,C2770542T,,,,,G3262800A
,,,,,,,,,,,,,,,,,,,,,,,,,,,,,,,,,,,,,,,,,,,,,,,,,,,,,,,,,,,,,,,,,,,,,,,,,,C2771112T,,,,,C3268321T
,,,,,,,,,,,,,,,,,,,,,,,,,,,,,,,,,,,,,,,,,,,,,,,,,,,,,,,,,,,,,,,,,,,,,,,,,,C2772868A,,,,,A3279471G
,,,,,,,,,,,,,,,,,,,,,,,,,,,,,,,,,,,,,,,,,,,,,,,,,,,,,,,,,,,,,,,,,,,,,,,,,,G2775540A,,,,,C3281753T
,,,,,,,,,,,,,,,,,,,,,,,,,,,,,,,,,,,,,,,,,,,,,,,,,,,,,,,,,,,,,,,,,,,,,,,,,,C2781628T,,,,,C3292609G
,,,,,,,,,,,,,,,,,,,,,,,,,,,,,,,,,,,,,,,,,,,,,,,,,,,,,,,,,,,,,,,,,,,,,,,,,,G2789267T,,,,,T3298383G
,,,,,,,,,,,,,,,,,,,,,,,,,,,,,,,,,,,,,,,,,,,,,,,,,,,,,,,,,,,,,,,,,,,,,,,,,,G2789841A,,,,,G3316941A
,,,,,,,,,,,,,,,,,,,,,,,,,,,,,,,,,,,,,,,,,,,,,,,,,,,,,,,,,,,,,,,,,,,,,,,,,,T2793444C,,,,,G3332282A
,,,,,,,,,,,,,,,,,,,,,,,,,,,,,,,,,,,,,,,,,,,,,,,,,,,,,,,,,,,,,,,,,,,,,,,,,,G2799361A,,,,,A3337480G
,,,,,,,,,,,,,,,,,,,,,,,,,,,,,,,,,,,,,,,,,,,,,,,,,,,,,,,,,,,,,,,,,,,,,,,,,,G2822737A,,,,,G3337675A
,,,,,,,,,,,,,,,,,,,,,,,,,,,,,,,,,,,,,,,,,,,,,,,,,,,,,,,,,,,,,,,,,,,,,,,,,,A2832776C,,,,,T3354342G
,,,,,,,,,,,,,,,,,,,,,,,,,,,,,,,,,,,,,,,,,,,,,,,,,,,,,,,,,,,,,,,,,,,,,,,,,,A2833478G,,,,,T3357966C
,,,,,,,,,,,,,,,,,,,,,,,,,,,,,,,,,,,,,,,,,,,,,,,,,,,,,,,,,,,,,,,,,,,,,,,,,,C2842238A,,,,,C3424064T
,,,,,,,,,,,,,,,,,,,,,,,,,,,,,,,,,,,,,,,,,,,,,,,,,,,,,,,,,,,,,,,,,,,,,,,,,,G2867759A,,,,,T3434914A
,,,,,,,,,,,,,,,,,,,,,,,,,,,,,,,,,,,,,,,,,,,,,,,,,,,,,,,,,,,,,,,,,,,,,,,,,,G2871227A,,,,,A3441797G
,,,,,,,,,,,,,,,,,,,,,,,,,,,,,,,,,,,,,,,,,,,,,,,,,,,,,,,,,,,,,,,,,,,,,,,,,,C2909916T,,,,,G3450231A
,,,,,,,,,,,,,,,,,,,,,,,,,,,,,,,,,,,,,,,,,,,,,,,,,,,,,,,,,,,,,,,,,,,,,,,,,,G2913373A,,,,,G3459524C
,,,,,,,,,,,,,,,,,,,,,,,,,,,,,,,,,,,,,,,,,,,,,,,,,,,,,,,,,,,,,,,,,,,,,,,,,,C2919994T,,,,,C3460286G
,,,,,,,,,,,,,,,,,,,,,,,,,,,,,,,,,,,,,,,,,,,,,,,,,,,,,,,,,,,,,,,,,,,,,,,,,,G2931372A,,,,,C3476197T
,,,,,,,,,,,,,,,,,,,,,,,,,,,,,,,,,,,,,,,,,,,,,,,,,,,,,,,,,,,,,,,,,,,,,,,,,,T2948000C,,,,,G3478468A
,,,,,,,,,,,,,,,,,,,,,,,,,,,,,,,,,,,,,,,,,,,,,,,,,,,,,,,,,,,,,,,,,,,,,,,,,,C2949204T,,,,,C3500009T
,,,,,,,,,,,,,,,,,,,,,,,,,,,,,,,,,,,,,,,,,,,,,,,,,,,,,,,,,,,,,,,,,,,,,,,,,,G2950574T,,,,,C3505007T
,,,,,,,,,,,,,,,,,,,,,,,,,,,,,,,,,,,,,,,,,,,,,,,,,,,,,,,,,,,,,,,,,,,,,,,,,,T2952062C,,,,,C3506626G
,,,,,,,,,,,,,,,,,,,,,,,,,,,,,,,,,,,,,,,,,,,,,,,,,,,,,,,,,,,,,,,,,,,,,,,,,,T2952738A,,,,,A3507667T
,,,,,,,,,,,,,,,,,,,,,,,,,,,,,,,,,,,,,,,,,,,,,,,,,,,,,,,,,,,,,,,,,,,,,,,,,,G2955128A,,,,,G3518168C
,,,,,,,,,,,,,,,,,,,,,,,,,,,,,,,,,,,,,,,,,,,,,,,,,,,,,,,,,,,,,,,,,,,,,,,,,,T2955392C,,,,,G3524803A
,,,,,,,,,,,,,,,,,,,,,,,,,,,,,,,,,,,,,,,,,,,,,,,,,,,,,,,,,,,,,,,,,,,,,,,,,,G2958245T,,,,,C3525977T
,,,,,,,,,,,,,,,,,,,,,,,,,,,,,,,,,,,,,,,,,,,,,,,,,,,,,,,,,,,,,,,,,,,,,,,,,,G2967747T,,,,,G3531230A
,,,,,,,,,,,,,,,,,,,,,,,,,,,,,,,,,,,,,,,,,,,,,,,,,,,,,,,,,,,,,,,,,,,,,,,,,,T2968348G,,,,,T3534919C
,,,,,,,,,,,,,,,,,,,,,,,,,,,,,,,,,,,,,,,,,,,,,,,,,,,,,,,,,,,,,,,,,,,,,,,,,,T2968593G,,,,,A3542458G
,,,,,,,,,,,,,,,,,,,,,,,,,,,,,,,,,,,,,,,,,,,,,,,,,,,,,,,,,,,,,,,,,,,,,,,,,,C2982028T,,,,,C3549835T
,,,,,,,,,,,,,,,,,,,,,,,,,,,,,,,,,,,,,,,,,,,,,,,,,,,,,,,,,,,,,,,,,,,,,,,,,,G2999030A,,,,,G3562936A
,,,,,,,,,,,,,,,,,,,,,,,,,,,,,,,,,,,,,,,,,,,,,,,,,,,,,,,,,,,,,,,,,,,,,,,,,,C3004837T,,,,,G3572853T
,,,,,,,,,,,,,,,,,,,,,,,,,,,,,,,,,,,,,,,,,,,,,,,,,,,,,,,,,,,,,,,,,,,,,,,,,,T3008474C,,,,,G3577779A
,,,,,,,,,,,,,,,,,,,,,,,,,,,,,,,,,,,,,,,,,,,,,,,,,,,,,,,,,,,,,,,,,,,,,,,,,,C3009027T,,,,,T3579466C
,,,,,,,,,,,,,,,,,,,,,,,,,,,,,,,,,,,,,,,,,,,,,,,,,,,,,,,,,,,,,,,,,,,,,,,,,,T3035390G,,,,,G3584203C
,,,,,,,,,,,,,,,,,,,,,,,,,,,,,,,,,,,,,,,,,,,,,,,,,,,,,,,,,,,,,,,,,,,,,,,,,,C3035643G,,,,,G3591413A
,,,,,,,,,,,,,,,,,,,,,,,,,,,,,,,,,,,,,,,,,,,,,,,,,,,,,,,,,,,,,,,,,,,,,,,,,,T3035681C,,,,,G3598221A
,,,,,,,,,,,,,,,,,,,,,,,,,,,,,,,,,,,,,,,,,,,,,,,,,,,,,,,,,,,,,,,,,,,,,,,,,,G3044874T,,,,,C3598424G
,,,,,,,,,,,,,,,,,,,,,,,,,,,,,,,,,,,,,,,,,,,,,,,,,,,,,,,,,,,,,,,,,,,,,,,,,,A3046916C,,,,,C3610416T
,,,,,,,,,,,,,,,,,,,,,,,,,,,,,,,,,,,,,,,,,,,,,,,,,,,,,,,,,,,,,,,,,,,,,,,,,,A3059346G,,,,,A3612694G
,,,,,,,,,,,,,,,,,,,,,,,,,,,,,,,,,,,,,,,,,,,,,,,,,,,,,,,,,,,,,,,,,,,,,,,,,,C3061622T,,,,,C3613600T
,,,,,,,,,,,,,,,,,,,,,,,,,,,,,,,,,,,,,,,,,,,,,,,,,,,,,,,,,,,,,,,,,,,,,,,,,,A3063828C,,,,,T3617083G
,,,,,,,,,,,,,,,,,,,,,,,,,,,,,,,,,,,,,,,,,,,,,,,,,,,,,,,,,,,,,,,,,,,,,,,,,,G3065880A,,,,,T3619321C
,,,,,,,,,,,,,,,,,,,,,,,,,,,,,,,,,,,,,,,,,,,,,,,,,,,,,,,,,,,,,,,,,,,,,,,,,,T3068795G,,,,,C3633758T
,,,,,,,,,,,,,,,,,,,,,,,,,,,,,,,,,,,,,,,,,,,,,,,,,,,,,,,,,,,,,,,,,,,,,,,,,,G3083059C,,,,,G3643467A
,,,,,,,,,,,,,,,,,,,,,,,,,,,,,,,,,,,,,,,,,,,,,,,,,,,,,,,,,,,,,,,,,,,,,,,,,,A3096005C,,,,,G3655482A
,,,,,,,,,,,,,,,,,,,,,,,,,,,,,,,,,,,,,,,,,,,,,,,,,,,,,,,,,,,,,,,,,,,,,,,,,,G3101444T,,,,,A3663753G
,,,,,,,,,,,,,,,,,,,,,,,,,,,,,,,,,,,,,,,,,,,,,,,,,,,,,,,,,,,,,,,,,,,,,,,,,,C3114739T,,,,,C3667352T
,,,,,,,,,,,,,,,,,,,,,,,,,,,,,,,,,,,,,,,,,,,,,,,,,,,,,,,,,,,,,,,,,,,,,,,,,,C3131218T,,,,,C3692821A
,,,,,,,,,,,,,,,,,,,,,,,,,,,,,,,,,,,,,,,,,,,,,,,,,,,,,,,,,,,,,,,,,,,,,,,,,,G3140047A,,,,,C3693456A
,,,,,,,,,,,,,,,,,,,,,,,,,,,,,,,,,,,,,,,,,,,,,,,,,,,,,,,,,,,,,,,,,,,,,,,,,,C3155322T,,,,,C3718433A
,,,,,,,,,,,,,,,,,,,,,,,,,,,,,,,,,,,,,,,,,,,,,,,,,,,,,,,,,,,,,,,,,,,,,,,,,,G3157369A,,,,,A3727055G
,,,,,,,,,,,,,,,,,,,,,,,,,,,,,,,,,,,,,,,,,,,,,,,,,,,,,,,,,,,,,,,,,,,,,,,,,,C3157671T,,,,,G3770449A
,,,,,,,,,,,,,,,,,,,,,,,,,,,,,,,,,,,,,,,,,,,,,,,,,,,,,,,,,,,,,,,,,,,,,,,,,,G3174869A,,,,,C3772336T
,,,,,,,,,,,,,,,,,,,,,,,,,,,,,,,,,,,,,,,,,,,,,,,,,,,,,,,,,,,,,,,,,,,,,,,,,,C3175295G,,,,,C3806895T
,,,,,,,,,,,,,,,,,,,,,,,,,,,,,,,,,,,,,,,,,,,,,,,,,,,,,,,,,,,,,,,,,,,,,,,,,,G3179636A,,,,,G3810361A
,,,,,,,,,,,,,,,,,,,,,,,,,,,,,,,,,,,,,,,,,,,,,,,,,,,,,,,,,,,,,,,,,,,,,,,,,,C3182040T,,,,,G3820115C
,,,,,,,,,,,,,,,,,,,,,,,,,,,,,,,,,,,,,,,,,,,,,,,,,,,,,,,,,,,,,,,,,,,,,,,,,,C3184462A,,,,,A3820301G
,,,,,,,,,,,,,,,,,,,,,,,,,,,,,,,,,,,,,,,,,,,,,,,,,,,,,,,,,,,,,,,,,,,,,,,,,,C3187814A,,,,,G3834511C
,,,,,,,,,,,,,,,,,,,,,,,,,,,,,,,,,,,,,,,,,,,,,,,,,,,,,,,,,,,,,,,,,,,,,,,,,,C3198080T,,,,,A3839398G
,,,,,,,,,,,,,,,,,,,,,,,,,,,,,,,,,,,,,,,,,,,,,,,,,,,,,,,,,,,,,,,,,,,,,,,,,,C3225566T,,,,,T3854387C
,,,,,,,,,,,,,,,,,,,,,,,,,,,,,,,,,,,,,,,,,,,,,,,,,,,,,,,,,,,,,,,,,,,,,,,,,,C3228978T,,,,,T3857275G
,,,,,,,,,,,,,,,,,,,,,,,,,,,,,,,,,,,,,,,,,,,,,,,,,,,,,,,,,,,,,,,,,,,,,,,,,,G3235618A,,,,,G3885466A
,,,,,,,,,,,,,,,,,,,,,,,,,,,,,,,,,,,,,,,,,,,,,,,,,,,,,,,,,,,,,,,,,,,,,,,,,,A3247496G,,,,,A3886511G
,,,,,,,,,,,,,,,,,,,,,,,,,,,,,,,,,,,,,,,,,,,,,,,,,,,,,,,,,,,,,,,,,,,,,,,,,,G3247626A,,,,,A3896158G
,,,,,,,,,,,,,,,,,,,,,,,,,,,,,,,,,,,,,,,,,,,,,,,,,,,,,,,,,,,,,,,,,,,,,,,,,,G3266342T,,,,,T3898794G
,,,,,,,,,,,,,,,,,,,,,,,,,,,,,,,,,,,,,,,,,,,,,,,,,,,,,,,,,,,,,,,,,,,,,,,,,,A3271760C,,,,,T3904329C
,,,,,,,,,,,,,,,,,,,,,,,,,,,,,,,,,,,,,,,,,,,,,,,,,,,,,,,,,,,,,,,,,,,,,,,,,,C3274835G,,,,,A3910879G
,,,,,,,,,,,,,,,,,,,,,,,,,,,,,,,,,,,,,,,,,,,,,,,,,,,,,,,,,,,,,,,,,,,,,,,,,,C3282499A,,,,,C3926238A
,,,,,,,,,,,,,,,,,,,,,,,,,,,,,,,,,,,,,,,,,,,,,,,,,,,,,,,,,,,,,,,,,,,,,,,,,,C3286669G,,,,,T3987779C
,,,,,,,,,,,,,,,,,,,,,,,,,,,,,,,,,,,,,,,,,,,,,,,,,,,,,,,,,,,,,,,,,,,,,,,,,,C3287589T,,,,,C4001221G
,,,,,,,,,,,,,,,,,,,,,,,,,,,,,,,,,,,,,,,,,,,,,,,,,,,,,,,,,,,,,,,,,,,,,,,,,,G3292044A,,,,,C4012894G
,,,,,,,,,,,,,,,,,,,,,,,,,,,,,,,,,,,,,,,,,,,,,,,,,,,,,,,,,,,,,,,,,,,,,,,,,,A3297159G,,,,,A4022890T
,,,,,,,,,,,,,,,,,,,,,,,,,,,,,,,,,,,,,,,,,,,,,,,,,,,,,,,,,,,,,,,,,,,,,,,,,,A3300827G,,,,,G4026635A
,,,,,,,,,,,,,,,,,,,,,,,,,,,,,,,,,,,,,,,,,,,,,,,,,,,,,,,,,,,,,,,,,,,,,,,,,,G3304991A,,,,,C4039853T
,,,,,,,,,,,,,,,,,,,,,,,,,,,,,,,,,,,,,,,,,,,,,,,,,,,,,,,,,,,,,,,,,,,,,,,,,,T3314728G,,,,,A4049550G
,,,,,,,,,,,,,,,,,,,,,,,,,,,,,,,,,,,,,,,,,,,,,,,,,,,,,,,,,,,,,,,,,,,,,,,,,,G3316595T,,,,,A4053461T
,,,,,,,,,,,,,,,,,,,,,,,,,,,,,,,,,,,,,,,,,,,,,,,,,,,,,,,,,,,,,,,,,,,,,,,,,,A3319841G,,,,,G4069621A
,,,,,,,,,,,,,,,,,,,,,,,,,,,,,,,,,,,,,,,,,,,,,,,,,,,,,,,,,,,,,,,,,,,,,,,,,,G3324231C,,,,,G4076955A
,,,,,,,,,,,,,,,,,,,,,,,,,,,,,,,,,,,,,,,,,,,,,,,,,,,,,,,,,,,,,,,,,,,,,,,,,,G3327073A,,,,,C4077725T
,,,,,,,,,,,,,,,,,,,,,,,,,,,,,,,,,,,,,,,,,,,,,,,,,,,,,,,,,,,,,,,,,,,,,,,,,,C3342191A,,,,,T4103168A
,,,,,,,,,,,,,,,,,,,,,,,,,,,,,,,,,,,,,,,,,,,,,,,,,,,,,,,,,,,,,,,,,,,,,,,,,,G3360233A,,,,,G4107977A
,,,,,,,,,,,,,,,,,,,,,,,,,,,,,,,,,,,,,,,,,,,,,,,,,,,,,,,,,,,,,,,,,,,,,,,,,,C3362216G,,,,,A4108708G
,,,,,,,,,,,,,,,,,,,,,,,,,,,,,,,,,,,,,,,,,,,,,,,,,,,,,,,,,,,,,,,,,,,,,,,,,,T3364438G,,,,,A4128947G
,,,,,,,,,,,,,,,,,,,,,,,,,,,,,,,,,,,,,,,,,,,,,,,,,,,,,,,,,,,,,,,,,,,,,,,,,,C3367184T,,,,,G4137103A
,,,,,,,,,,,,,,,,,,,,,,,,,,,,,,,,,,,,,,,,,,,,,,,,,,,,,,,,,,,,,,,,,,,,,,,,,,C3402510T,,,,,T4143502G
,,,,,,,,,,,,,,,,,,,,,,,,,,,,,,,,,,,,,,,,,,,,,,,,,,,,,,,,,,,,,,,,,,,,,,,,,,C3412710T,,,,,G4172322A
,,,,,,,,,,,,,,,,,,,,,,,,,,,,,,,,,,,,,,,,,,,,,,,,,,,,,,,,,,,,,,,,,,,,,,,,,,G3417385A,,,,,C4174253T
,,,,,,,,,,,,,,,,,,,,,,,,,,,,,,,,,,,,,,,,,,,,,,,,,,,,,,,,,,,,,,,,,,,,,,,,,,C3424868A,,,,,G4181569A
,,,,,,,,,,,,,,,,,,,,,,,,,,,,,,,,,,,,,,,,,,,,,,,,,,,,,,,,,,,,,,,,,,,,,,,,,,A3429470C,,,,,C4197017A
,,,,,,,,,,,,,,,,,,,,,,,,,,,,,,,,,,,,,,,,,,,,,,,,,,,,,,,,,,,,,,,,,,,,,,,,,,G3440038A,,,,,G4208142A
,,,,,,,,,,,,,,,,,,,,,,,,,,,,,,,,,,,,,,,,,,,,,,,,,,,,,,,,,,,,,,,,,,,,,,,,,,A3445279C,,,,,G4210720A
,,,,,,,,,,,,,,,,,,,,,,,,,,,,,,,,,,,,,,,,,,,,,,,,,,,,,,,,,,,,,,,,,,,,,,,,,,G3448540A,,,,,G4218499A
,,,,,,,,,,,,,,,,,,,,,,,,,,,,,,,,,,,,,,,,,,,,,,,,,,,,,,,,,,,,,,,,,,,,,,,,,,C3450589A,,,,,C4251542T
,,,,,,,,,,,,,,,,,,,,,,,,,,,,,,,,,,,,,,,,,,,,,,,,,,,,,,,,,,,,,,,,,,,,,,,,,,G3455887T,,,,,C4251932A
,,,,,,,,,,,,,,,,,,,,,,,,,,,,,,,,,,,,,,,,,,,,,,,,,,,,,,,,,,,,,,,,,,,,,,,,,,A3456275C,,,,,C4266174G
,,,,,,,,,,,,,,,,,,,,,,,,,,,,,,,,,,,,,,,,,,,,,,,,,,,,,,,,,,,,,,,,,,,,,,,,,,G3465072C,,,,,C4287466T
,,,,,,,,,,,,,,,,,,,,,,,,,,,,,,,,,,,,,,,,,,,,,,,,,,,,,,,,,,,,,,,,,,,,,,,,,,G3470461A,,,,,T4290331A
,,,,,,,,,,,,,,,,,,,,,,,,,,,,,,,,,,,,,,,,,,,,,,,,,,,,,,,,,,,,,,,,,,,,,,,,,,C3473482T,,,,,C4291142A
,,,,,,,,,,,,,,,,,,,,,,,,,,,,,,,,,,,,,,,,,,,,,,,,,,,,,,,,,,,,,,,,,,,,,,,,,,A3479661G,,,,,C4303791A
,,,,,,,,,,,,,,,,,,,,,,,,,,,,,,,,,,,,,,,,,,,,,,,,,,,,,,,,,,,,,,,,,,,,,,,,,,T3489839G,,,,,T4311950C
,,,,,,,,,,,,,,,,,,,,,,,,,,,,,,,,,,,,,,,,,,,,,,,,,,,,,,,,,,,,,,,,,,,,,,,,,,A3492156C,,,,,C4327044T
,,,,,,,,,,,,,,,,,,,,,,,,,,,,,,,,,,,,,,,,,,,,,,,,,,,,,,,,,,,,,,,,,,,,,,,,,,A3512287G,,,,,A4339116G
,,,,,,,,,,,,,,,,,,,,,,,,,,,,,,,,,,,,,,,,,,,,,,,,,,,,,,,,,,,,,,,,,,,,,,,,,,G3525049A,,,,,A4341639G
,,,,,,,,,,,,,,,,,,,,,,,,,,,,,,,,,,,,,,,,,,,,,,,,,,,,,,,,,,,,,,,,,,,,,,,,,,C3526551A,,,,,G4347219A
,,,,,,,,,,,,,,,,,,,,,,,,,,,,,,,,,,,,,,,,,,,,,,,,,,,,,,,,,,,,,,,,,,,,,,,,,,G3541842A,,,,,G4353970T
,,,,,,,,,,,,,,,,,,,,,,,,,,,,,,,,,,,,,,,,,,,,,,,,,,,,,,,,,,,,,,,,,,,,,,,,,,G3542596A,,,,,A4356840G
,,,,,,,,,,,,,,,,,,,,,,,,,,,,,,,,,,,,,,,,,,,,,,,,,,,,,,,,,,,,,,,,,,,,,,,,,,C3564633G,,,,,A4368175G
,,,,,,,,,,,,,,,,,,,,,,,,,,,,,,,,,,,,,,,,,,,,,,,,,,,,,,,,,,,,,,,,,,,,,,,,,,A3567218G,,,,,A4370399G
,,,,,,,,,,,,,,,,,,,,,,,,,,,,,,,,,,,,,,,,,,,,,,,,,,,,,,,,,,,,,,,,,,,,,,,,,,C3579122T,,,,,A4371384G
,,,,,,,,,,,,,,,,,,,,,,,,,,,,,,,,,,,,,,,,,,,,,,,,,,,,,,,,,,,,,,,,,,,,,,,,,,C3588550T,,,,,G4371926A
,,,,,,,,,,,,,,,,,,,,,,,,,,,,,,,,,,,,,,,,,,,,,,,,,,,,,,,,,,,,,,,,,,,,,,,,,,C3594599T,,,,,G4372201A
,,,,,,,,,,,,,,,,,,,,,,,,,,,,,,,,,,,,,,,,,,,,,,,,,,,,,,,,,,,,,,,,,,,,,,,,,,G3603631T,,,,,A4383513C
,,,,,,,,,,,,,,,,,,,,,,,,,,,,,,,,,,,,,,,,,,,,,,,,,,,,,,,,,,,,,,,,,,,,,,,,,,A3616681G,,,,,T4409754C
,,,,,,,,,,,,,,,,,,,,,,,,,,,,,,,,,,,,,,,,,,,,,,,,,,,,,,,,,,,,,,,,,,,,,,,,,,G3619430A,,,,,G4409775A
,,,,,,,,,,,,,,,,,,,,,,,,,,,,,,,,,,,,,,,,,,,,,,,,,,,,,,,,,,,,,,,,,,,,,,,,,,A3631360G,,,,,G4410091A
,,,,,,,,,,,,,,,,,,,,,,,,,,,,,,,,,,,,,,,,,,,,,,,,,,,,,,,,,,,,,,,,,,,,,,,,,,T3634808G,,,,,
,,,,,,,,,,,,,,,,,,,,,,,,,,,,,,,,,,,,,,,,,,,,,,,,,,,,,,,,,,,,,,,,,,,,,,,,,,C3635935G,,,,,
,,,,,,,,,,,,,,,,,,,,,,,,,,,,,,,,,,,,,,,,,,,,,,,,,,,,,,,,,,,,,,,,,,,,,,,,,,A3650505T,,,,,
,,,,,,,,,,,,,,,,,,,,,,,,,,,,,,,,,,,,,,,,,,,,,,,,,,,,,,,,,,,,,,,,,,,,,,,,,,G3660842A,,,,,
,,,,,,,,,,,,,,,,,,,,,,,,,,,,,,,,,,,,,,,,,,,,,,,,,,,,,,,,,,,,,,,,,,,,,,,,,,C3666497T,,,,,
,,,,,,,,,,,,,,,,,,,,,,,,,,,,,,,,,,,,,,,,,,,,,,,,,,,,,,,,,,,,,,,,,,,,,,,,,,C3667883A,,,,,
,,,,,,,,,,,,,,,,,,,,,,,,,,,,,,,,,,,,,,,,,,,,,,,,,,,,,,,,,,,,,,,,,,,,,,,,,,G3696423A,,,,,
,,,,,,,,,,,,,,,,,,,,,,,,,,,,,,,,,,,,,,,,,,,,,,,,,,,,,,,,,,,,,,,,,,,,,,,,,,G3703500A,,,,,
,,,,,,,,,,,,,,,,,,,,,,,,,,,,,,,,,,,,,,,,,,,,,,,,,,,,,,,,,,,,,,,,,,,,,,,,,,T3719655A,,,,,
,,,,,,,,,,,,,,,,,,,,,,,,,,,,,,,,,,,,,,,,,,,,,,,,,,,,,,,,,,,,,,,,,,,,,,,,,,C3725218T,,,,,
,,,,,,,,,,,,,,,,,,,,,,,,,,,,,,,,,,,,,,,,,,,,,,,,,,,,,,,,,,,,,,,,,,,,,,,,,,G3743205C,,,,,
,,,,,,,,,,,,,,,,,,,,,,,,,,,,,,,,,,,,,,,,,,,,,,,,,,,,,,,,,,,,,,,,,,,,,,,,,,C3768072T,,,,,
,,,,,,,,,,,,,,,,,,,,,,,,,,,,,,,,,,,,,,,,,,,,,,,,,,,,,,,,,,,,,,,,,,,,,,,,,,G3769180A,,,,,
,,,,,,,,,,,,,,,,,,,,,,,,,,,,,,,,,,,,,,,,,,,,,,,,,,,,,,,,,,,,,,,,,,,,,,,,,,G3774487A,,,,,
,,,,,,,,,,,,,,,,,,,,,,,,,,,,,,,,,,,,,,,,,,,,,,,,,,,,,,,,,,,,,,,,,,,,,,,,,,A3787467C,,,,,
,,,,,,,,,,,,,,,,,,,,,,,,,,,,,,,,,,,,,,,,,,,,,,,,,,,,,,,,,,,,,,,,,,,,,,,,,,G3793068T,,,,,
,,,,,,,,,,,,,,,,,,,,,,,,,,,,,,,,,,,,,,,,,,,,,,,,,,,,,,,,,,,,,,,,,,,,,,,,,,C3812032G,,,,,
,,,,,,,,,,,,,,,,,,,,,,,,,,,,,,,,,,,,,,,,,,,,,,,,,,,,,,,,,,,,,,,,,,,,,,,,,,C3817296A,,,,,
,,,,,,,,,,,,,,,,,,,,,,,,,,,,,,,,,,,,,,,,,,,,,,,,,,,,,,,,,,,,,,,,,,,,,,,,,,C3817814T,,,,,
,,,,,,,,,,,,,,,,,,,,,,,,,,,,,,,,,,,,,,,,,,,,,,,,,,,,,,,,,,,,,,,,,,,,,,,,,,G3827636A,,,,,
,,,,,,,,,,,,,,,,,,,,,,,,,,,,,,,,,,,,,,,,,,,,,,,,,,,,,,,,,,,,,,,,,,,,,,,,,,T3834001G,,,,,
,,,,,,,,,,,,,,,,,,,,,,,,,,,,,,,,,,,,,,,,,,,,,,,,,,,,,,,,,,,,,,,,,,,,,,,,,,G3837064A,,,,,
,,,,,,,,,,,,,,,,,,,,,,,,,,,,,,,,,,,,,,,,,,,,,,,,,,,,,,,,,,,,,,,,,,,,,,,,,,G3854279A,,,,,
,,,,,,,,,,,,,,,,,,,,,,,,,,,,,,,,,,,,,,,,,,,,,,,,,,,,,,,,,,,,,,,,,,,,,,,,,,G3860696A,,,,,
,,,,,,,,,,,,,,,,,,,,,,,,,,,,,,,,,,,,,,,,,,,,,,,,,,,,,,,,,,,,,,,,,,,,,,,,,,C3865541T,,,,,
,,,,,,,,,,,,,,,,,,,,,,,,,,,,,,,,,,,,,,,,,,,,,,,,,,,,,,,,,,,,,,,,,,,,,,,,,,A3868110G,,,,,
,,,,,,,,,,,,,,,,,,,,,,,,,,,,,,,,,,,,,,,,,,,,,,,,,,,,,,,,,,,,,,,,,,,,,,,,,,A3878040G,,,,,
,,,,,,,,,,,,,,,,,,,,,,,,,,,,,,,,,,,,,,,,,,,,,,,,,,,,,,,,,,,,,,,,,,,,,,,,,,T3881683C,,,,,
,,,,,,,,,,,,,,,,,,,,,,,,,,,,,,,,,,,,,,,,,,,,,,,,,,,,,,,,,,,,,,,,,,,,,,,,,,G3882707T,,,,,
,,,,,,,,,,,,,,,,,,,,,,,,,,,,,,,,,,,,,,,,,,,,,,,,,,,,,,,,,,,,,,,,,,,,,,,,,,C3893211T,,,,,
,,,,,,,,,,,,,,,,,,,,,,,,,,,,,,,,,,,,,,,,,,,,,,,,,,,,,,,,,,,,,,,,,,,,,,,,,,G3900139A,,,,,
,,,,,,,,,,,,,,,,,,,,,,,,,,,,,,,,,,,,,,,,,,,,,,,,,,,,,,,,,,,,,,,,,,,,,,,,,,C3905923T,,,,,
,,,,,,,,,,,,,,,,,,,,,,,,,,,,,,,,,,,,,,,,,,,,,,,,,,,,,,,,,,,,,,,,,,,,,,,,,,A3911389G,,,,,
,,,,,,,,,,,,,,,,,,,,,,,,,,,,,,,,,,,,,,,,,,,,,,,,,,,,,,,,,,,,,,,,,,,,,,,,,,G3912041A,,,,,
,,,,,,,,,,,,,,,,,,,,,,,,,,,,,,,,,,,,,,,,,,,,,,,,,,,,,,,,,,,,,,,,,,,,,,,,,,G3919736T,,,,,
,,,,,,,,,,,,,,,,,,,,,,,,,,,,,,,,,,,,,,,,,,,,,,,,,,,,,,,,,,,,,,,,,,,,,,,,,,C3991333A,,,,,
,,,,,,,,,,,,,,,,,,,,,,,,,,,,,,,,,,,,,,,,,,,,,,,,,,,,,,,,,,,,,,,,,,,,,,,,,,C3993047T,,,,,
,,,,,,,,,,,,,,,,,,,,,,,,,,,,,,,,,,,,,,,,,,,,,,,,,,,,,,,,,,,,,,,,,,,,,,,,,,T4018680C,,,,,
,,,,,,,,,,,,,,,,,,,,,,,,,,,,,,,,,,,,,,,,,,,,,,,,,,,,,,,,,,,,,,,,,,,,,,,,,,C4022147T,,,,,
,,,,,,,,,,,,,,,,,,,,,,,,,,,,,,,,,,,,,,,,,,,,,,,,,,,,,,,,,,,,,,,,,,,,,,,,,,C4022163T,,,,,
,,,,,,,,,,,,,,,,,,,,,,,,,,,,,,,,,,,,,,,,,,,,,,,,,,,,,,,,,,,,,,,,,,,,,,,,,,C4029027T,,,,,
,,,,,,,,,,,,,,,,,,,,,,,,,,,,,,,,,,,,,,,,,,,,,,,,,,,,,,,,,,,,,,,,,,,,,,,,,,G4030666C,,,,,
,,,,,,,,,,,,,,,,,,,,,,,,,,,,,,,,,,,,,,,,,,,,,,,,,,,,,,,,,,,,,,,,,,,,,,,,,,C4070302A,,,,,
,,,,,,,,,,,,,,,,,,,,,,,,,,,,,,,,,,,,,,,,,,,,,,,,,,,,,,,,,,,,,,,,,,,,,,,,,,C4086748G,,,,,
,,,,,,,,,,,,,,,,,,,,,,,,,,,,,,,,,,,,,,,,,,,,,,,,,,,,,,,,,,,,,,,,,,,,,,,,,,T4090980C,,,,,
,,,,,,,,,,,,,,,,,,,,,,,,,,,,,,,,,,,,,,,,,,,,,,,,,,,,,,,,,,,,,,,,,,,,,,,,,,T4100209C,,,,,
,,,,,,,,,,,,,,,,,,,,,,,,,,,,,,,,,,,,,,,,,,,,,,,,,,,,,,,,,,,,,,,,,,,,,,,,,,G4109312A,,,,,
,,,,,,,,,,,,,,,,,,,,,,,,,,,,,,,,,,,,,,,,,,,,,,,,,,,,,,,,,,,,,,,,,,,,,,,,,,C4112211T,,,,,
,,,,,,,,,,,,,,,,,,,,,,,,,,,,,,,,,,,,,,,,,,,,,,,,,,,,,,,,,,,,,,,,,,,,,,,,,,G4122786A,,,,,
,,,,,,,,,,,,,,,,,,,,,,,,,,,,,,,,,,,,,,,,,,,,,,,,,,,,,,,,,,,,,,,,,,,,,,,,,,C4141126T,,,,,
,,,,,,,,,,,,,,,,,,,,,,,,,,,,,,,,,,,,,,,,,,,,,,,,,,,,,,,,,,,,,,,,,,,,,,,,,,A4145696G,,,,,
,,,,,,,,,,,,,,,,,,,,,,,,,,,,,,,,,,,,,,,,,,,,,,,,,,,,,,,,,,,,,,,,,,,,,,,,,,A4162310C,,,,,
,,,,,,,,,,,,,,,,,,,,,,,,,,,,,,,,,,,,,,,,,,,,,,,,,,,,,,,,,,,,,,,,,,,,,,,,,,G4163703A,,,,,
,,,,,,,,,,,,,,,,,,,,,,,,,,,,,,,,,,,,,,,,,,,,,,,,,,,,,,,,,,,,,,,,,,,,,,,,,,T4173568C,,,,,
,,,,,,,,,,,,,,,,,,,,,,,,,,,,,,,,,,,,,,,,,,,,,,,,,,,,,,,,,,,,,,,,,,,,,,,,,,C4174350T,,,,,
,,,,,,,,,,,,,,,,,,,,,,,,,,,,,,,,,,,,,,,,,,,,,,,,,,,,,,,,,,,,,,,,,,,,,,,,,,C4175644A,,,,,
,,,,,,,,,,,,,,,,,,,,,,,,,,,,,,,,,,,,,,,,,,,,,,,,,,,,,,,,,,,,,,,,,,,,,,,,,,C4178700G,,,,,
,,,,,,,,,,,,,,,,,,,,,,,,,,,,,,,,,,,,,,,,,,,,,,,,,,,,,,,,,,,,,,,,,,,,,,,,,,C4178780A,,,,,
,,,,,,,,,,,,,,,,,,,,,,,,,,,,,,,,,,,,,,,,,,,,,,,,,,,,,,,,,,,,,,,,,,,,,,,,,,C4188742A,,,,,
,,,,,,,,,,,,,,,,,,,,,,,,,,,,,,,,,,,,,,,,,,,,,,,,,,,,,,,,,,,,,,,,,,,,,,,,,,A4188978C,,,,,
,,,,,,,,,,,,,,,,,,,,,,,,,,,,,,,,,,,,,,,,,,,,,,,,,,,,,,,,,,,,,,,,,,,,,,,,,,G4191147A,,,,,
,,,,,,,,,,,,,,,,,,,,,,,,,,,,,,,,,,,,,,,,,,,,,,,,,,,,,,,,,,,,,,,,,,,,,,,,,,G4191174A,,,,,
,,,,,,,,,,,,,,,,,,,,,,,,,,,,,,,,,,,,,,,,,,,,,,,,,,,,,,,,,,,,,,,,,,,,,,,,,,G4198576A,,,,,
,,,,,,,,,,,,,,,,,,,,,,,,,,,,,,,,,,,,,,,,,,,,,,,,,,,,,,,,,,,,,,,,,,,,,,,,,,G4204828A,,,,,
,,,,,,,,,,,,,,,,,,,,,,,,,,,,,,,,,,,,,,,,,,,,,,,,,,,,,,,,,,,,,,,,,,,,,,,,,,G4213412C,,,,,
,,,,,,,,,,,,,,,,,,,,,,,,,,,,,,,,,,,,,,,,,,,,,,,,,,,,,,,,,,,,,,,,,,,,,,,,,,G4213478A,,,,,
,,,,,,,,,,,,,,,,,,,,,,,,,,,,,,,,,,,,,,,,,,,,,,,,,,,,,,,,,,,,,,,,,,,,,,,,,,G4238778A,,,,,
,,,,,,,,,,,,,,,,,,,,,,,,,,,,,,,,,,,,,,,,,,,,,,,,,,,,,,,,,,,,,,,,,,,,,,,,,,G4240153A,,,,,
,,,,,,,,,,,,,,,,,,,,,,,,,,,,,,,,,,,,,,,,,,,,,,,,,,,,,,,,,,,,,,,,,,,,,,,,,,C4248073T,,,,,
,,,,,,,,,,,,,,,,,,,,,,,,,,,,,,,,,,,,,,,,,,,,,,,,,,,,,,,,,,,,,,,,,,,,,,,,,,G4266344A,,,,,
,,,,,,,,,,,,,,,,,,,,,,,,,,,,,,,,,,,,,,,,,,,,,,,,,,,,,,,,,,,,,,,,,,,,,,,,,,A4267649G,,,,,
,,,,,,,,,,,,,,,,,,,,,,,,,,,,,,,,,,,,,,,,,,,,,,,,,,,,,,,,,,,,,,,,,,,,,,,,,,C4272216T,,,,,
,,,,,,,,,,,,,,,,,,,,,,,,,,,,,,,,,,,,,,,,,,,,,,,,,,,,,,,,,,,,,,,,,,,,,,,,,,T4281911A,,,,,
,,,,,,,,,,,,,,,,,,,,,,,,,,,,,,,,,,,,,,,,,,,,,,,,,,,,,,,,,,,,,,,,,,,,,,,,,,C4284514A,,,,,
,,,,,,,,,,,,,,,,,,,,,,,,,,,,,,,,,,,,,,,,,,,,,,,,,,,,,,,,,,,,,,,,,,,,,,,,,,T4308411G,,,,,
,,,,,,,,,,,,,,,,,,,,,,,,,,,,,,,,,,,,,,,,,,,,,,,,,,,,,,,,,,,,,,,,,,,,,,,,,,G4331184A,,,,,
,,,,,,,,,,,,,,,,,,,,,,,,,,,,,,,,,,,,,,,,,,,,,,,,,,,,,,,,,,,,,,,,,,,,,,,,,,G4333011A,,,,,
,,,,,,,,,,,,,,,,,,,,,,,,,,,,,,,,,,,,,,,,,,,,,,,,,,,,,,,,,,,,,,,,,,,,,,,,,,G4368292C,,,,,
,,,,,,,,,,,,,,,,,,,,,,,,,,,,,,,,,,,,,,,,,,,,,,,,,,,,,,,,,,,,,,,,,,,,,,,,,,A4371708G,,,,,
,,,,,,,,,,,,,,,,,,,,,,,,,,,,,,,,,,,,,,,,,,,,,,,,,,,,,,,,,,,,,,,,,,,,,,,,,,G4391382A,,,,,
,,,,,,,,,,,,,,,,,,,,,,,,,,,,,,,,,,,,,,,,,,,,,,,,,,,,,,,,,,,,,,,,,,,,,,,,,,G4404561A,,,,,
