1,1.1,1.1.1,1.1.1.1,1.1.2,1.1.3,1.1.3.1,1.1.3.2,1.1.3.3,1.2.1,1.2.2,1.2.2.1,2,2.1,2.2,2.2.1,2.2.1.1,2.2.2,3,3.1.1,3.1.2,3.1.2.1,3.1.2.2,4,4.1,4.1.1,4.1.1.1,4.1.1.2,4.1.1.3,4.1.1.3.1,4.1.2,4.1.2.1,4.1.2.1.1,4.1.3,4.1.4,4.2,4.2.1,4.2.1.1,4.2.2,4.2.2.1,4.2.2.2,4.3,4.3.1,4.3.1.1,4.3.2,4.3.2.1,4.3.3,4.3.4,4.3.4.1,4.3.4.2,4.3.4.2.1,4.4,4.4.1,4.4.1.1,4.4.1.1.1,4.4.1.2,4.5,4.6,4.6.1,4.6.1.1,4.6.1.2,4.6.2,4.6.2.1,4.6.2.2,4.6.3,4.6.4,4.6.5,4.7,4.8,4.8.1,4.8.2,4.8.3,4.9.1,5,6,7,8,9,bov,cap,oryg
2953.0,15203.0,7053.0,542751.0,759.0,1805.0,3647.0,1031.0,8825.0,5275.0,2541.0,1331.0,4519.0,4151.0,1929.0,17301.0,82695.0,19687.0,7021.0,540915.0,4337.0,98103.0,8755.0,181546.0,6675.0,12549.0,540726.0,3383.0,12807.0,7511.0,10877.0,9225.0,8727.0,385.0,540804.0,5531.0,40039.0,3961.0,1263.0,163.0,1107.0,20707.0,546249.0,28137.0,540750.0,661.0,1009.0,69951.0,24347.0,5121.0,28289.0,93011.0,36163.0,28207.0,540798.0,2965.0,35865.0,2205.0,943.0,11361.0,15209.0,540765.0,1689.0,8723.0,1011.0,17037.0,2141.0,25115.0,132687.0,10175.0,41673.0,26863.0,1145.0,387.0,11565.0,1135,569.0,7607.0,3149.0,1297.0,659.0
8407.0,35849.0,23809.0,59785.0,7109.0,26665.0,11577.0,3263.0,14629.0,38795.0,10101.0,7739.0,4963.0,7299.0,15985.0,20849.0,90221.0,20877.0,9085.0,186085.0,121251.0,149907.0,23461.0,263576.0,36329.0,33715.0,9069.0,5463.0,18455.0,13267.0,52073.0,55109.0,32241.0,2879.0,11437.0,13481.0,51851.0,58393.0,9729.0,15735.0,75063.0,65421.0,143089.0,41517.0,30675.0,8945.0,49207.0,126665.0,48093.0,36009.0,67149.0,128845.0,80089.0,44519.0,8893.0,7279.0,43945.0,6929.0,2847.0,25933.0,16961.0,68515.0,43677.0,8997.0,2347.0,36217.0,140593.0,88295.0,138237.0,32007.0,60991.0,33287.0,2385.0,1227.0,12015.0,1413,1375.0,12863.0,3803.0,3175.0,755.0
8447.0,49567.0,35409.0,77845.0,21849.0,35723.0,38881.0,5739.0,26593.0,53561.0,19555.0,9717.0,11393.0,15237.0,17841.0,27101.0,549834.0,30205.0,16821.0,189955.0,236047.0,273633.0,25757.0,284834.0,59519.0,62975.0,20839.0,540877.0,18943.0,36597.0,53273.0,70497.0,76857.0,4131.0,11767.0,25211.0,74813.0,78365.0,23925.0,19257.0,80901.0,87247.0,158703.0,543981.0,30887.0,18913.0,58133.0,157313.0,103097.0,77497.0,150097.0,134783.0,101827.0,46673.0,13361.0,29373.0,99307.0,15907.0,27415.0,27057.0,17777.0,96405.0,59653.0,12189.0,2423.0,73587.0,161419.0,544437.0,148513.0,39229.0,542961.0,37473.0,540939.0,3295.0,17109.0,1605,1421.0,18377.0,23129.0,4325.0,540600.0
9713.0,51913.0,36981.0,88643.0,24809.0,36651.0,38997.0,13287.0,36755.0,60389.0,541620.0,15989.0,36107.0,22509.0,26779.0,65259.0,240123.0,43589.0,19975.0,194189.0,334875.0,278285.0,36835.0,369004.0,84265.0,73629.0,25009.0,13225.0,19745.0,44641.0,53659.0,78293.0,91423.0,12305.0,16865.0,27289.0,97045.0,81905.0,44327.0,48603.0,92919.0,95823.0,172901.0,119799.0,41743.0,30855.0,65543.0,227269.0,135147.0,97177.0,212861.0,148363.0,128739.0,86621.0,17365.0,29523.0,174995.0,39855.0,32433.0,105475.0,29103.0,105881.0,64809.0,13179.0,14347.0,175905.0,164573.0,290967.0,269691.0,54127.0,82089.0,75661.0,32629.0,3559.0,17305.0,1751,540631.0,19429.0,28719.0,5057.0,2473.0
14915.0,86695.0,39919.0,89939.0,45077.0,40445.0,49143.0,20985.0,67155.0,78401.0,67425.0,25527.0,44267.0,26181.0,28017.0,549915.0,498479.0,54073.0,21837.0,199311.0,461417.0,290937.0,43067.0,422760.0,94655.0,106705.0,51293.0,19627.0,40907.0,61799.0,103223.0,110991.0,92213.0,23027.0,39129.0,40507.0,124441.0,106773.0,63109.0,177759.0,100521.0,98721.0,179103.0,132633.0,542697.0,33621.0,100667.0,310389.0,151929.0,120857.0,334873.0,159997.0,138185.0,117935.0,20869.0,43421.0,189865.0,41573.0,32595.0,107693.0,64213.0,106525.0,103473.0,15351.0,16819.0,548613.0,182553.0,396337.0,344727.0,66511.0,82919.0,88797.0,35675.0,5123.0,17941.0,1881,3419.0,21013.0,33907.0,5711.0,3875.0
17549.0,92105.0,59013.0,544674.0,56367.0,60601.0,53127.0,23457.0,543165.0,78515.0,106357.0,64651.0,58853.0,27159.0,45403.0,253221.0,,88173.0,22069.0,239363.0,504929.0,439377.0,54669.0,,110167.0,107773.0,66583.0,33735.0,42153.0,81103.0,109369.0,124703.0,96329.0,541473.0,58963.0,44605.0,200183.0,109669.0,181347.0,232613.0,114111.0,139783.0,188035.0,132779.0,63111.0,47977.0,112973.0,319371.0,154503.0,129107.0,352855.0,208991.0,219195.0,160071.0,26167.0,47497.0,198509.0,289741.0,33633.0,121687.0,70779.0,123539.0,110009.0,17341.0,25609.0,203419.0,,403483.0,559248.0,79779.0,83463.0,92433.0,48243.0,6425.0,541221.0,2837,540660.0,21757.0,34043.0,6853.0,5431.0
18481.0,188405.0,64891.0,121119.0,60943.0,70717.0,58537.0,31685.0,544929.0,80543.0,108941.0,69721.0,60691.0,39485.0,46175.0,346967.0,,112753.0,33583.0,247681.0,,495355.0,71183.0,,110819.0,152569.0,71597.0,34969.0,104251.0,86511.0,135837.0,132395.0,107783.0,29497.0,67265.0,51971.0,210289.0,110445.0,195489.0,244819.0,126843.0,145889.0,199511.0,143777.0,79349.0,55187.0,140151.0,446433.0,165455.0,138469.0,523353.0,223279.0,249257.0,248421.0,61417.0,55471.0,200255.0,370633.0,50389.0,175507.0,101543.0,156201.0,115175.0,18195.0,26291.0,203881.0,,502259.0,492403.0,103139.0,95165.0,93851.0,61209.0,6661.0,20755.0,3275,4401.0,27605.0,37697.0,8473.0,5677.0
20645.0,222643.0,106767.0,144027.0,68321.0,94663.0,58961.0,36407.0,545760.0,103455.0,116305.0,83125.0,76875.0,41097.0,56317.0,421737.0,,121405.0,34925.0,302317.0,,,79029.0,,545058.0,233511.0,71965.0,42777.0,110047.0,101029.0,141371.0,162405.0,110429.0,42603.0,75271.0,53843.0,269289.0,124445.0,273555.0,551445.0,149305.0,177273.0,209557.0,149187.0,543954.0,87743.0,168769.0,,241049.0,166659.0,536327.0,268421.0,253501.0,340153.0,125903.0,60419.0,226679.0,389939.0,52159.0,195035.0,134127.0,187259.0,125741.0,31793.0,32467.0,228455.0,,520393.0,560940.0,110125.0,96203.0,117717.0,68035.0,7687.0,24529.0,540675,5381.0,28913.0,46659.0,12433.0,5707.0
541338.0,226095.0,124303.0,186407.0,69079.0,103171.0,61317.0,41373.0,140397.0,106007.0,124597.0,88419.0,77063.0,43331.0,88909.0,448471.0,,128977.0,38549.0,336919.0,,,84631.0,,156619.0,240895.0,109727.0,46571.0,119581.0,113349.0,251693.0,547753.0,113967.0,47859.0,81831.0,543150.0,269545.0,136259.0,296369.0,330023.0,162865.0,240179.0,549003.0,150521.0,100925.0,97201.0,214643.0,,551004.0,210705.0,,272171.0,256405.0,379579.0,127001.0,66605.0,234309.0,,59473.0,236397.0,168987.0,346339.0,136557.0,40423.0,35925.0,263973.0,,,,133855.0,116355.0,141463.0,107473.0,7741.0,32975.0,6179,540744.0,34791.0,48083.0,13815.0,6103.0
24315.0,560115.0,127071.0,199125.0,69315.0,104463.0,65109.0,44167.0,182085.0,120831.0,126195.0,89103.0,543696.0,50801.0,91093.0,528273.0,,130387.0,41537.0,371635.0,,,103051.0,,176227.0,260155.0,132149.0,542862.0,545496.0,146341.0,346067.0,206849.0,125127.0,51361.0,98579.0,71855.0,322211.0,141867.0,304503.0,332743.0,231327.0,250307.0,246185.0,163061.0,544689.0,136591.0,220159.0,,383767.0,216531.0,,288727.0,265053.0,388891.0,137779.0,83681.0,244647.0,,72147.0,285203.0,172361.0,367955.0,143059.0,46197.0,36843.0,265433.0,,,,138479.0,121285.0,154295.0,111049.0,9507.0,542292.0,6325,6585.0,35239.0,77709.0,15783.0,540754.0
34687.0,495451.0,153179.0,214243.0,69567.0,107743.0,84095.0,48315.0,184213.0,131007.0,131343.0,206221.0,86941.0,59553.0,99115.0,,,135139.0,43029.0,459471.0,,,107487.0,,182115.0,263649.0,546096.0,72963.0,135177.0,149327.0,387239.0,238319.0,132765.0,54167.0,102811.0,543372.0,343585.0,186451.0,555217.0,369553.0,262931.0,307167.0,257097.0,173205.0,119623.0,142009.0,222753.0,,399611.0,216881.0,,346507.0,286981.0,413793.0,142195.0,88117.0,255131.0,,73129.0,290833.0,183229.0,407685.0,546738.0,59289.0,37687.0,274983.0,,,,180591.0,140791.0,180007.0,131665.0,10079.0,53053.0,7441,9759.0,51287.0,88877.0,20057.0,6875.0
541962.0,519561.0,170055.0,233313.0,84037.0,140095.0,91113.0,54639.0,216677.0,134187.0,144903.0,210391.0,100539.0,61855.0,106263.0,,,143415.0,45419.0,496551.0,,,110371.0,,246401.0,316935.0,160889.0,100565.0,149849.0,153879.0,,273557.0,148243.0,54837.0,113181.0,91153.0,354029.0,188807.0,377165.0,383543.0,263427.0,335771.0,294001.0,175455.0,119649.0,149051.0,253091.0,,,551859.0,,352279.0,295713.0,531733.0,147753.0,107859.0,257183.0,,76957.0,372311.0,208295.0,430221.0,154619.0,66193.0,40973.0,284339.0,,,,181285.0,146543.0,185529.0,142623.0,11633.0,53353.0,9425,10619.0,53117.0,89369.0,21085.0,7591.0
41739.0,524811.0,216637.0,244553.0,87521.0,156689.0,116415.0,54723.0,243973.0,138985.0,147439.0,217243.0,118805.0,63959.0,109491.0,,,145611.0,542544.0,,,,150265.0,,248133.0,553890.0,174271.0,114331.0,150891.0,547050.0,,281375.0,162917.0,61571.0,135863.0,93079.0,401551.0,201177.0,418053.0,401837.0,297251.0,381339.0,324065.0,197719.0,128141.0,161853.0,259747.0,,,291789.0,,362109.0,553971.0,,149545.0,129065.0,266289.0,,84143.0,557223.0,211061.0,479435.0,175387.0,67147.0,57259.0,324017.0,,,,188753.0,176309.0,548412.0,163183.0,12601.0,59589.0,9547,10667.0,57037.0,90357.0,24737.0,540840.0
43239.0,535167.0,237421.0,551778.0,98479.0,181601.0,120533.0,58293.0,551697.0,159281.0,165573.0,223643.0,142859.0,67207.0,112965.0,,,151177.0,52833.0,,,,152391.0,,271363.0,362263.0,198413.0,122569.0,188601.0,170045.0,,303173.0,166951.0,85357.0,144275.0,93361.0,429315.0,202189.0,,442113.0,359539.0,392649.0,373491.0,210801.0,133835.0,164223.0,261723.0,,,299063.0,,373621.0,357305.0,,174753.0,545694.0,274757.0,,105495.0,439775.0,214897.0,498045.0,191537.0,77075.0,562222.0,337963.0,,,,194633.0,176385.0,203357.0,191157.0,541218.0,59713.0,10163,10925.0,64843.0,95141.0,541578.0,13751.0
44911.0,539497.0,251159.0,284493.0,104969.0,207153.0,129719.0,59059.0,284789.0,165307.0,204505.0,248821.0,146141.0,69779.0,131245.0,,,184433.0,52903.0,,,,160393.0,,274723.0,368747.0,227571.0,123029.0,200205.0,179977.0,,352515.0,172127.0,89295.0,154673.0,98637.0,437669.0,210403.0,,458575.0,386315.0,444015.0,398093.0,240781.0,156321.0,177227.0,282843.0,,,369477.0,,389893.0,387171.0,,184065.0,170125.0,299515.0,,106739.0,457571.0,215785.0,521671.0,193845.0,83529.0,76495.0,338499.0,,,,207107.0,202689.0,236147.0,198047.0,18065.0,59895.0,10427,11491.0,73597.0,95683.0,541731.0,15531.0
46023.0,,253185.0,285089.0,131499.0,210349.0,140801.0,59243.0,289555.0,179971.0,221407.0,267823.0,192283.0,79013.0,140339.0,,,190903.0,53867.0,,,,169559.0,,275861.0,370793.0,250237.0,124667.0,229569.0,186279.0,,356263.0,175967.0,92855.0,170067.0,545172.0,440087.0,217625.0,,536967.0,422229.0,463737.0,456447.0,250629.0,175603.0,194247.0,287309.0,,,379725.0,,422579.0,420291.0,,228047.0,191145.0,319047.0,,119477.0,498011.0,299631.0,528739.0,198375.0,104677.0,85853.0,355665.0,,,,234497.0,215927.0,270273.0,200697.0,18811.0,60351.0,10499,11579.0,78921.0,106555.0,36007.0,19579.0
48119.0,,553981.0,295177.0,145357.0,242939.0,151647.0,65073.0,322983.0,189611.0,243387.0,303339.0,199995.0,543642.0,156071.0,,,214233.0,63403.0,,,,170193.0,,284309.0,389987.0,340987.0,124965.0,246587.0,199747.0,,358143.0,178641.0,99049.0,181387.0,547455.0,451181.0,242105.0,,537801.0,432173.0,505245.0,486129.0,258137.0,198289.0,220789.0,309199.0,,,388755.0,,445957.0,426503.0,,550098.0,205447.0,343143.0,,144387.0,,306011.0,,549889.0,108943.0,90595.0,359249.0,,,,265193.0,217109.0,342189.0,231575.0,19771.0,62103.0,11817,12427.0,543864.0,112607.0,37233.0,19873.0
542394.0,,357623.0,296661.0,155099.0,316899.0,167087.0,76129.0,336053.0,203359.0,250033.0,308129.0,201049.0,82447.0,160283.0,,,549165.0,64145.0,,,,186069.0,,316131.0,414395.0,346847.0,136543.0,250457.0,223513.0,,370391.0,185313.0,100103.0,182705.0,175863.0,481071.0,551311.0,,,457897.0,509211.0,494579.0,552426.0,220507.0,229075.0,345467.0,,,556530.0,,489647.0,428485.0,,244613.0,206187.0,352287.0,,161055.0,,314623.0,,256641.0,124239.0,91773.0,375023.0,,,,269415.0,252605.0,358893.0,233493.0,21029.0,62949.0,13077,13737.0,86921.0,140725.0,46005.0,20339.0
49541.0,,371371.0,302813.0,165027.0,316971.0,181023.0,77349.0,336629.0,209105.0,258503.0,312883.0,204705.0,88403.0,188115.0,,,238471.0,66845.0,,,,192143.0,,321451.0,444449.0,356225.0,136661.0,254677.0,232753.0,,441223.0,189637.0,113535.0,195911.0,175911.0,513775.0,304985.0,,,475001.0,531379.0,527241.0,315915.0,222487.0,249391.0,376459.0,,,434031.0,,495641.0,441529.0,,247675.0,548940.0,382283.0,,179059.0,,343753.0,,262853.0,146039.0,96475.0,391665.0,,,,284111.0,295907.0,362941.0,239241.0,25165.0,64313.0,13269,14363.0,88511.0,149485.0,47107.0,20383.0
51487.0,,396379.0,552594.0,169723.0,355119.0,183649.0,82755.0,555078.0,242549.0,267051.0,318827.0,224945.0,91493.0,194649.0,,,261151.0,75129.0,,,,200607.0,,327503.0,512959.0,376661.0,145701.0,296947.0,235313.0,,558096.0,201425.0,114491.0,196297.0,179293.0,,334687.0,,,526501.0,,,321023.0,225919.0,289981.0,402137.0,,,439641.0,,502805.0,453583.0,,258805.0,215741.0,413803.0,,195003.0,,411891.0,,271367.0,146893.0,98737.0,459491.0,,,,313175.0,356941.0,415519.0,246095.0,28523.0,64499.0,13531,14445.0,93333.0,167163.0,49469.0,20479.0
53861.0,,411675.0,311039.0,192017.0,385051.0,195389.0,85683.0,412537.0,272793.0,278701.0,325501.0,225381.0,92483.0,197661.0,,,261305.0,77163.0,,,,225871.0,,342905.0,518073.0,381327.0,546690.0,300603.0,247699.0,,457847.0,207679.0,121073.0,226109.0,191277.0,,353835.0,,,536829.0,,,327353.0,231901.0,291285.0,422997.0,,,494031.0,,505919.0,488143.0,,263821.0,221157.0,438469.0,,212347.0,,423021.0,,553534.0,154985.0,104003.0,481501.0,,,,316013.0,358295.0,425141.0,255943.0,29321.0,64513.0,14233,16503.0,95409.0,173305.0,49825.0,22135.0
55137.0,,448907.0,326389.0,194885.0,399931.0,222611.0,543999.0,415273.0,277779.0,285109.0,340693.0,230875.0,98349.0,200495.0,,,266173.0,93027.0,,,,229085.0,,357509.0,527591.0,557205.0,546783.0,309847.0,271057.0,,485247.0,230887.0,140857.0,237783.0,191843.0,,359289.0,,,,,,340059.0,266097.0,301597.0,450695.0,,,535651.0,,527747.0,491387.0,,287335.0,221745.0,446033.0,,214313.0,,430649.0,,342037.0,163893.0,109873.0,494621.0,,,,338383.0,420741.0,454465.0,284649.0,32681.0,67953.0,14427,16943.0,95593.0,179425.0,57197.0,22331.0
542712.0,,452679.0,330375.0,224995.0,400117.0,244955.0,87637.0,487899.0,278273.0,285365.0,346375.0,241379.0,100167.0,205991.0,,,319513.0,100053.0,,,,243139.0,,369327.0,,428567.0,155811.0,321967.0,277457.0,,500177.0,237367.0,141153.0,238789.0,548673.0,,392791.0,,,,,,415427.0,267207.0,302759.0,485381.0,,,539445.0,,,497535.0,,303555.0,234729.0,459819.0,,249237.0,,478595.0,,356219.0,166719.0,112047.0,495131.0,,,,338511.0,442961.0,476439.0,296343.0,39239.0,72737.0,15945,16963.0,544416.0,182233.0,57961.0,24111.0
60429.0,,463363.0,340919.0,230663.0,438623.0,252105.0,88025.0,491883.0,284185.0,288467.0,357219.0,244605.0,100321.0,227421.0,,,353939.0,112993.0,,,,253623.0,,401673.0,,450503.0,158069.0,323903.0,336159.0,,518911.0,246787.0,150749.0,550720.0,204557.0,,413347.0,,,,,,416605.0,274143.0,348979.0,534247.0,,,,,,507211.0,,331055.0,273765.0,470049.0,,266137.0,,507121.0,,367555.0,174831.0,127559.0,560605.0,,,,358599.0,448363.0,,324867.0,43367.0,80743.0,16769,17801.0,101747.0,182715.0,61903.0,25501.0
67927.0,,511043.0,343213.0,234251.0,558807.0,255837.0,89575.0,539321.0,327687.0,306763.0,379799.0,264473.0,107575.0,231937.0,,,354173.0,116899.0,,,,276685.0,,406105.0,,507855.0,547665.0,331835.0,342795.0,,521127.0,267319.0,153395.0,269711.0,208823.0,,428499.0,,,,,,455635.0,298403.0,352615.0,537027.0,,,,,,533021.0,,343565.0,294947.0,476569.0,,277103.0,,515765.0,,398935.0,185311.0,129509.0,518601.0,,,,413233.0,558327.0,,345685.0,46191.0,81091.0,17107,18027.0,101887.0,210697.0,63265.0,27839.0
68485.0,,516227.0,367793.0,240279.0,460397.0,273867.0,92329.0,,352071.0,337925.0,388301.0,266261.0,111913.0,257659.0,,,384519.0,121065.0,,,,286721.0,,414791.0,,509335.0,183991.0,358349.0,365939.0,,530307.0,304707.0,546873.0,272279.0,211271.0,,451549.0,,,,,,516209.0,311675.0,380519.0,,,,,,,537045.0,,554133.0,320591.0,481969.0,,290353.0,,561285.0,,430505.0,191229.0,135473.0,538545.0,,,,413893.0,456863.0,,356913.0,49861.0,82389.0,17541,19885.0,109839.0,212711.0,66071.0,28897.0
68995.0,,528593.0,371551.0,242925.0,462973.0,276049.0,97473.0,,358177.0,339589.0,410723.0,279999.0,115309.0,265107.0,,,385243.0,122367.0,,,,290299.0,,425495.0,,519121.0,189893.0,394631.0,374543.0,,,309957.0,167165.0,276603.0,211855.0,,493267.0,,,,,,521879.0,324565.0,435587.0,,,,,,,,,381503.0,330465.0,482065.0,,298757.0,,534887.0,,439519.0,192811.0,141351.0,,,,,418755.0,461141.0,,362563.0,49973.0,82391.0,17655,20837.0,545083.0,232055.0,67427.0,29007.0
71085.0,,,397337.0,246561.0,475397.0,280863.0,122725.0,,405549.0,368681.0,413717.0,286009.0,120705.0,268407.0,,,389159.0,123301.0,,,,295539.0,,439241.0,,,548439.0,400289.0,403945.0,,,318865.0,178067.0,278453.0,223057.0,,498003.0,,,,,,524481.0,330537.0,460737.0,,,,,,,,,381507.0,351089.0,490835.0,,552498.0,,,,477827.0,199419.0,142697.0,,,,,428915.0,477697.0,,366359.0,53137.0,84489.0,18267,541357.0,545262.0,240185.0,69571.0,541803.0
543375.0,,,557028.0,250711.0,500331.0,284631.0,132039.0,,412765.0,375157.0,415777.0,293547.0,124941.0,282797.0,,,409267.0,123415.0,,,,552393.0,,464323.0,,,196999.0,408139.0,467579.0,,,323245.0,189011.0,302683.0,229431.0,,524549.0,,,,,,534941.0,357603.0,472435.0,,,,,,,,,394017.0,370595.0,502913.0,,345637.0,,,,479825.0,207861.0,145695.0,,,,,452003.0,478779.0,,389079.0,53597.0,87237.0,20879,24121.0,121347.0,250805.0,73199.0,34147.0
73137.0,,,441397.0,251923.0,,287131.0,137981.0,,414485.0,375485.0,431315.0,309561.0,131041.0,288377.0,,,422455.0,545445.0,,,,304717.0,,473017.0,,,224799.0,427787.0,518111.0,,,327021.0,190791.0,309873.0,230117.0,,535861.0,,,,,,,364125.0,477059.0,,,,,,,,,394039.0,373321.0,528525.0,,366155.0,,,,500043.0,213753.0,164605.0,,,,,474023.0,524367.0,,389787.0,55161.0,90699.0,21317,24543.0,135047.0,267821.0,79787.0,35899.0
75599.0,,,460539.0,257335.0,,290143.0,145915.0,,557188.0,391675.0,464865.0,312309.0,545889.0,307355.0,,,469353.0,140121.0,,,,320235.0,,474721.0,,,232567.0,440535.0,522795.0,,,340729.0,198363.0,314905.0,250709.0,,,,,,,,,555747.0,489413.0,,,,,,,,,395149.0,378343.0,,,386487.0,,,,524689.0,227233.0,547509.0,,,,,498235.0,525601.0,,408007.0,55351.0,93189.0,21573,24667.0,136347.0,268263.0,83443.0,36631.0
76335.0,,,465789.0,260083.0,,320695.0,150971.0,,420113.0,424003.0,486383.0,336427.0,134939.0,338017.0,,,527115.0,141245.0,,,,321167.0,,475695.0,,,233283.0,448943.0,,,,363087.0,201187.0,553470.0,251249.0,,,,,,,,,393259.0,494361.0,,,,,,,,,396731.0,395827.0,,,408287.0,,,,532467.0,227565.0,172921.0,,,,,501357.0,526043.0,,509401.0,58475.0,94001.0,22179,26279.0,150189.0,551517.0,83929.0,38655.0
76851.0,,,,261639.0,,325315.0,155885.0,,432853.0,427749.0,501665.0,347667.0,135121.0,341261.0,,,536059.0,141331.0,,,,345571.0,,477567.0,,,239135.0,462053.0,,,,371579.0,201535.0,357803.0,251291.0,,,,,,,,,393325.0,498953.0,,,,,,,,,402403.0,400137.0,,,465693.0,,,,,244749.0,180467.0,,,,,510115.0,526091.0,,530075.0,59287.0,94115.0,22233,27791.0,153793.0,276111.0,89049.0,39375.0
79757.0,,,,261939.0,,330403.0,180135.0,,485525.0,429191.0,510923.0,362503.0,138943.0,343613.0,,,539009.0,143517.0,,,,352155.0,,482175.0,,,251767.0,494593.0,,,,411959.0,202097.0,555465.0,264555.0,,,,,,,,,412919.0,505557.0,,,,,,,,,405067.0,407643.0,,,505837.0,,,,,261637.0,180639.0,,,,,,,,,60403.0,101227.0,23051,27845.0,163109.0,280993.0,97675.0,39435.0
83093.0,,,,262149.0,,354773.0,186955.0,,490527.0,434463.0,519097.0,370067.0,142967.0,357031.0,,,,151283.0,,,,353005.0,,496299.0,,,267509.0,495145.0,,,,413607.0,207225.0,381917.0,265589.0,,,,,,,,,422031.0,507021.0,,,,,,,,,418021.0,409031.0,,,521305.0,,,,,263613.0,183279.0,,,,,,,,,63681.0,117255.0,23115,28521.0,168087.0,303533.0,98255.0,40069.0
84159.0,,,,274187.0,,360463.0,190115.0,,494783.0,436711.0,531377.0,372885.0,157845.0,363417.0,,,,158357.0,,,,353977.0,,506825.0,,,270599.0,517581.0,,,,419543.0,219467.0,393203.0,274391.0,,,,,,,,,424849.0,537321.0,,,,,,,,,474087.0,412607.0,,,521619.0,,,,,551170.0,190073.0,,,,,,,,,64361.0,119887.0,25483,29997.0,172065.0,304785.0,103321.0,40577.0
88829.0,,,,293565.0,,374191.0,198283.0,,502453.0,455315.0,,408307.0,158651.0,385781.0,,,,166449.0,,,,355973.0,,533507.0,,,273249.0,522967.0,,,,434629.0,223943.0,393457.0,278095.0,,,,,,,,,426927.0,,,,,,,,,,489509.0,413931.0,,,524941.0,,,,,272083.0,190795.0,,,,,,,,,66015.0,120511.0,25713,30063.0,175121.0,304995.0,103927.0,40925.0
89105.0,,,,310799.0,,386445.0,199475.0,,503685.0,463033.0,,444379.0,160767.0,393873.0,,,,167275.0,,,,554646.0,,562029.0,,,287941.0,525673.0,,,,453761.0,233687.0,427479.0,551712.0,,,,,,,,,431925.0,,,,,,,,,,507801.0,415677.0,,,,,,,,275095.0,204199.0,,,,,,,,,67873.0,124015.0,25987,30223.0,181047.0,310519.0,107583.0,41403.0
90115.0,,,,321827.0,,389523.0,208515.0,,508089.0,469489.0,,454937.0,168287.0,400221.0,,,,547764.0,,,,370407.0,,537191.0,,,301491.0,,,,,558552.0,238257.0,466309.0,282969.0,,,,,,,,,444821.0,,,,,,,,,,528211.0,422255.0,,,,,,,,278223.0,211629.0,,,,,,,,,68861.0,125343.0,26517,30299.0,187309.0,320797.0,112751.0,42531.0
92907.0,,,,333693.0,,391033.0,214855.0,,519641.0,503449.0,,463579.0,178713.0,557088.0,,,,182191.0,,,,373235.0,,,,,314323.0,,,,,468927.0,243991.0,466855.0,289093.0,,,,,,,,,457085.0,,,,,,,,,,531357.0,449089.0,,,,,,,,289621.0,215319.0,,,,,,,,,70129.0,128421.0,26615,31739.0,188159.0,325769.0,545046.0,46415.0
98895.0,,,,336207.0,,419441.0,231975.0,,526985.0,510895.0,,463869.0,186585.0,430257.0,,,,200931.0,,,,377447.0,,,,,332941.0,,,,,476185.0,244535.0,472665.0,292879.0,,,,,,,,,465091.0,,,,,,,,,,,475911.0,,,,,,,,317507.0,216769.0,,,,,,,,,543354.0,130869.0,27359,32083.0,189879.0,328949.0,118397.0,47271.0
100623.0,,,,338127.0,,430069.0,234031.0,,,561222.0,,470325.0,199543.0,443175.0,,,,204461.0,,,,389915.0,,,,,346271.0,,,,,489597.0,255167.0,491451.0,552141.0,,,,,,,,,478177.0,,,,,,,,,,,476039.0,,,,,,,,318469.0,217061.0,,,,,,,,,74773.0,135311.0,28571,32937.0,211945.0,334297.0,122123.0,542353.0
104219.0,,,,342773.0,,435829.0,248119.0,,,524705.0,,485965.0,200979.0,446551.0,,,,213967.0,,,,402235.0,,,,,349439.0,,,,,506717.0,255887.0,527057.0,299525.0,,,,,,,,,495021.0,,,,,,,,,,,491465.0,,,,,,,,326695.0,219207.0,,,,,,,,,75001.0,141407.0,29243,34459.0,216143.0,341085.0,124371.0,48543.0
106215.0,,,,345511.0,,438461.0,277939.0,,,526685.0,,487819.0,219697.0,450791.0,,,,215843.0,,,,434999.0,,,,,374035.0,,,,,528793.0,258961.0,537787.0,307659.0,,,,,,,,,498007.0,,,,,,,,,,,506133.0,,,,,,,,349449.0,224117.0,,,,,,,,,75379.0,143569.0,29911,37619.0,224347.0,358265.0,127499.0,50719.0
109869.0,,,,357367.0,,471767.0,289633.0,,,533435.0,,509743.0,230961.0,459269.0,,,,220849.0,,,,448841.0,,,,,387685.0,,,,,531053.0,261873.0,,310105.0,,,,,,,,,506011.0,,,,,,,,,,,514943.0,,,,,,,,351189.0,225643.0,,,,,,,,,76469.0,147661.0,31093,39629.0,225877.0,397541.0,129207.0,50729.0
109871.0,,,,364111.0,,533997.0,289671.0,,,533939.0,,511629.0,231351.0,495005.0,,,,224449.0,,,,464777.0,,,,,395487.0,,,,,532189.0,282501.0,,314173.0,,,,,,,,,507145.0,,,,,,,,,,,520309.0,,,,,,,,353223.0,227315.0,,,,,,,,,78025.0,148341.0,31271,39809.0,226825.0,417049.0,130889.0,50875.0
111717.0,,,,367205.0,,540515.0,295507.0,,,,,514527.0,234177.0,502713.0,,,,225205.0,,,,475663.0,,,,,399309.0,,,,,537839.0,289517.0,,337385.0,,,,,,,,,517109.0,,,,,,,,,,,522375.0,,,,,,,,355079.0,549729.0,,,,,,,,,79675.0,154577.0,32161,40299.0,233623.0,417057.0,143243.0,50929.0
116259.0,,,,368039.0,,,296083.0,,,,,520843.0,250005.0,503311.0,,,,235243.0,,,,479209.0,,,,,406937.0,,,,,539507.0,300009.0,,366921.0,,,,,,,,,520575.0,,,,,,,,,,,537845.0,,,,,,,,358111.0,234373.0,,,,,,,,,81221.0,546732.0,32237,41259.0,236323.0,426351.0,144031.0,54151.0
120455.0,,,,372843.0,,,308479.0,,,,,525339.0,258455.0,512225.0,,,,237479.0,,,,509405.0,,,,,557649.0,,,,,,303511.0,,379327.0,,,,,,,,,528817.0,,,,,,,,,,,,,,,,,,,360161.0,550143.0,,,,,,,,,82083.0,155391.0,32337,42197.0,244035.0,428827.0,146381.0,57113.0
121627.0,,,,373367.0,,,311543.0,,,,,526873.0,262027.0,512631.0,,,,237607.0,,,,520849.0,,,,,448437.0,,,,,,304051.0,,555652.0,,,,,,,,,532707.0,,,,,,,,,,,,,,,,,,,360885.0,252071.0,,,,,,,,,82253.0,159095.0,34493,42599.0,245787.0,557847.0,146631.0,58231.0
122397.0,,,,380127.0,,,331561.0,,,,,527827.0,268123.0,533873.0,,,,244191.0,,,,529617.0,,,,,480157.0,,,,,,309033.0,,396011.0,,,,,,,,,532817.0,,,,,,,,,,,,,,,,,,,363147.0,252883.0,,,,,,,,,543756.0,165961.0,35759,43099.0,250537.0,442769.0,149069.0,59263.0
123411.0,,,,412711.0,,,332805.0,,,,,,272791.0,,,,,245867.0,,,,536895.0,,,,,482593.0,,,,,,310795.0,,418921.0,,,,,,,,,537471.0,,,,,,,,,,,,,,,,,,,372983.0,254523.0,,,,,,,,,84199.0,166495.0,36193,43253.0,266751.0,459555.0,152121.0,60315.0
124843.0,,,,419319.0,,,333705.0,,,,,,283477.0,,,,,246925.0,,,,,,,,,502981.0,,,,,,336649.0,,422913.0,,,,,,,,,,,,,,,,,,,,,,,,,,,,386015.0,260715.0,,,,,,,,,86237.0,168165.0,36265,43263.0,272567.0,476215.0,152323.0,61189.0
125683.0,,,,435649.0,,,334993.0,,,,,,283775.0,,,,,249397.0,,,,,,,,,506593.0,,,,,,336715.0,,425783.0,,,,,,,,,,,,,,,,,,,,,,,,,,,,556308.0,262713.0,,,,,,,,,87109.0,168495.0,542008,43395.0,287255.0,479375.0,162075.0,62353.0
127449.0,,,,557818.0,,,338483.0,,,,,,287225.0,,,,,254463.0,,,,,,,,,506927.0,,,,,,345187.0,,429091.0,,,,,,,,,,,,,,,,,,,,,,,,,,,,403199.0,285613.0,,,,,,,,,90255.0,547341.0,38715,44967.0,297639.0,491433.0,162119.0,542940.0
128215.0,,,,436335.0,,,354691.0,,,,,,295077.0,,,,,266331.0,,,,,,,,,514861.0,,,,,,347821.0,,441441.0,,,,,,,,,,,,,,,,,,,,,,,,,,,,404145.0,300481.0,,,,,,,,,91305.0,177393.0,39423,47239.0,310781.0,492511.0,163927.0,65187.0
130435.0,,,,437279.0,,,358163.0,,,,,,298953.0,,,,,277419.0,,,,,,,,,515473.0,,,,,,353829.0,,453979.0,,,,,,,,,,,,,,,,,,,,,,,,,,,,415445.0,552720.0,,,,,,,,,92095.0,181397.0,42697,48727.0,323023.0,508277.0,168855.0,65967.0
131305.0,,,,438927.0,,,396299.0,,,,,,301267.0,,,,,278637.0,,,,,,,,,519553.0,,,,,,363545.0,,474913.0,,,,,,,,,,,,,,,,,,,,,,,,,,,,416835.0,314309.0,,,,,,,,,544332.0,184881.0,43425,52773.0,324263.0,509235.0,169219.0,66659.0
132855.0,,,,448813.0,,,403807.0,,,,,,304751.0,,,,,278793.0,,,,,,,,,519995.0,,,,,,366561.0,,475051.0,,,,,,,,,,,,,,,,,,,,,,,,,,,,426499.0,324917.0,,,,,,,,,99347.0,185839.0,43705,53087.0,334197.0,517619.0,176497.0,68409.0
133279.0,,,,453651.0,,,431333.0,,,,,,312495.0,,,,,281957.0,,,,,,,,,525923.0,,,,,,367213.0,,475913.0,,,,,,,,,,,,,,,,,,,,,,,,,,,,429485.0,328587.0,,,,,,,,,105643.0,192849.0,43927,53139.0,335739.0,529207.0,177609.0,70097.0
135771.0,,,,464541.0,,,434917.0,,,,,,316083.0,,,,,285713.0,,,,,,,,,527623.0,,,,,,378047.0,,497731.0,,,,,,,,,,,,,,,,,,,,,,,,,,,,435887.0,338337.0,,,,,,,,,105985.0,193437.0,44205,53707.0,337705.0,,180075.0,71613.0
136831.0,,,,469029.0,,,450589.0,,,,,,317015.0,,,,,287239.0,,,,,,,,,528693.0,,,,,,385817.0,,504511.0,,,,,,,,,,,,,,,,,,,,,,,,,,,,447849.0,349447.0,,,,,,,,,107157.0,204435.0,46157,54771.0,349611.0,,185361.0,72091.0
136995.0,,,,476639.0,,,451749.0,,,,,,319861.0,,,,,300327.0,,,,,,,,,538921.0,,,,,,386299.0,,509841.0,,,,,,,,,,,,,,,,,,,,,,,,,,,,464975.0,352415.0,,,,,,,,,109521.0,205773.0,542313,55287.0,351243.0,,185649.0,74149.0
139377.0,,,,478429.0,,,452061.0,,,,,,320559.0,,,,,308893.0,,,,,,,,,,,,,,,555831.0,,515513.0,,,,,,,,,,,,,,,,,,,,,,,,,,,,476647.0,352571.0,,,,,,,,,111107.0,206311.0,47167,55519.0,351767.0,,187713.0,77811.0
141677.0,,,,487169.0,,,453843.0,,,,,,321973.0,,,,,311491.0,,,,,,,,,,,,,,,395887.0,,523985.0,,,,,,,,,,,,,,,,,,,,,,,,,,,,489169.0,357675.0,,,,,,,,,111203.0,209391.0,50503,57231.0,356885.0,,189167.0,81937.0
546195.0,,,,491377.0,,,462815.0,,,,,,324437.0,,,,,318141.0,,,,,,,,,,,,,,,408935.0,,527993.0,,,,,,,,,,,,,,,,,,,,,,,,,,,,496227.0,358731.0,,,,,,,,,111597.0,211333.0,51455,57597.0,363757.0,,195903.0,83913.0
144431.0,,,,494585.0,,,478169.0,,,,,,334973.0,,,,,325443.0,,,,,,,,,,,,,,,411663.0,,528093.0,,,,,,,,,,,,,,,,,,,,,,,,,,,,501157.0,359203.0,,,,,,,,,121031.0,222063.0,53269,57833.0,369475.0,,196377.0,85483.0
145813.0,,,,506129.0,,,480323.0,,,,,,341613.0,,,,,329771.0,,,,,,,,,,,,,,,415311.0,,529309.0,,,,,,,,,,,,,,,,,,,,,,,,,,,,516689.0,384849.0,,,,,,,,,122649.0,222289.0,54589,62161.0,373965.0,,548496.0,85747.0
148649.0,,,,508227.0,,,560040.0,,,,,,342203.0,,,,,331247.0,,,,,,,,,,,,,,,416535.0,,533247.0,,,,,,,,,,,,,,,,,,,,,,,,,,,,531107.0,394385.0,,,,,,,,,125105.0,224771.0,54757,67743.0,555310.0,,204019.0,86815.0
149821.0,,,,509741.0,,,491093.0,,,,,,554037.0,,,,,332765.0,,,,,,,,,,,,,,,422085.0,,535817.0,,,,,,,,,,,,,,,,,,,,,,,,,,,,,395155.0,,,,,,,,,126877.0,226277.0,55107,68599.0,374639.0,,207553.0,87041.0
159957.0,,,,526619.0,,,498927.0,,,,,,345543.0,,,,,342237.0,,,,,,,,,,,,,,,424197.0,,537413.0,,,,,,,,,,,,,,,,,,,,,,,,,,,,,406899.0,,,,,,,,,129411.0,226415.0,57261,68997.0,379465.0,,209885.0,87259.0
159975.0,,,,529589.0,,,500143.0,,,,,,352043.0,,,,,343975.0,,,,,,,,,,,,,,,432877.0,,538135.0,,,,,,,,,,,,,,,,,,,,,,,,,,,,,408683.0,,,,,,,,,131933.0,228295.0,58569,69461.0,397257.0,,209969.0,87355.0
164465.0,,,,532615.0,,,504553.0,,,,,,353857.0,,,,,345877.0,,,,,,,,,,,,,,,444099.0,,,,,,,,,,,,,,,,,,,,,,,,,,,,,,,420203.0,,,,,,,,,139625.0,229403.0,60035,71263.0,401625.0,,223935.0,87995.0
166149.0,,,,538865.0,,,532205.0,,,,,,353863.0,,,,,355909.0,,,,,,,,,,,,,,,452279.0,,,,,,,,,,,,,,,,,,,,,,,,,,,,,,,422439.0,,,,,,,,,140271.0,232049.0,60639,72313.0,405759.0,,224511.0,88873.0
166193.0,,,,,,,,,,,,,354727.0,,,,,554628.0,,,,,,,,,,,,,,,455797.0,,,,,,,,,,,,,,,,,,,,,,,,,,,,,,,423785.0,,,,,,,,,144659.0,235121.0,60895,73099.0,405833.0,,229951.0,89801.0
166861.0,,,,,,,,,,,,,360835.0,,,,,361709.0,,,,,,,,,,,,,,,472233.0,,,,,,,,,,,,,,,,,,,,,,,,,,,,,,,433055.0,,,,,,,,,144951.0,238813.0,63343,73933.0,416969.0,,232473.0,92373.0
166873.0,,,,,,,,,,,,,376761.0,,,,,364187.0,,,,,,,,,,,,,,,472269.0,,,,,,,,,,,,,,,,,,,,,,,,,,,,,,,434813.0,,,,,,,,,150289.0,243267.0,64531,75051.0,418877.0,,235167.0,97823.0
168329.0,,,,,,,,,,,,,386035.0,,,,,555141.0,,,,,,,,,,,,,,,559359.0,,,,,,,,,,,,,,,,,,,,,,,,,,,,,,,441473.0,,,,,,,,,150483.0,243269.0,65375,75691.0,422005.0,,239953.0,98413.0
168679.0,,,,,,,,,,,,,396789.0,,,,,372161.0,,,,,,,,,,,,,,,478211.0,,,,,,,,,,,,,,,,,,,,,,,,,,,,,,,446345.0,,,,,,,,,150535.0,246219.0,65685,76613.0,422787.0,,245909.0,100163.0
172447.0,,,,,,,,,,,,,399155.0,,,,,374367.0,,,,,,,,,,,,,,,502311.0,,,,,,,,,,,,,,,,,,,,,,,,,,,,,,,447517.0,,,,,,,,,150733.0,550629.0,66199,77213.0,430529.0,,247079.0,100403.0
172503.0,,,,,,,,,,,,,399451.0,,,,,377625.0,,,,,,,,,,,,,,,508775.0,,,,,,,,,,,,,,,,,,,,,,,,,,,,,,,456477.0,,,,,,,,,151685.0,257969.0,66571,78155.0,435817.0,,257081.0,101163.0
176119.0,,,,,,,,,,,,,401453.0,,,,,378025.0,,,,,,,,,,,,,,,511729.0,,,,,,,,,,,,,,,,,,,,,,,,,,,,,,,461407.0,,,,,,,,,152403.0,258025.0,68463,78257.0,445151.0,,261359.0,103129.0
190597.0,,,,,,,,,,,,,410329.0,,,,,378531.0,,,,,,,,,,,,,,,515809.0,,,,,,,,,,,,,,,,,,,,,,,,,,,,,,,464547.0,,,,,,,,,152457.0,263777.0,68637,79035.0,446295.0,,265537.0,103381.0
191285.0,,,,,,,,,,,,,413643.0,,,,,394791.0,,,,,,,,,,,,,,,520891.0,,,,,,,,,,,,,,,,,,,,,,,,,,,,,,,469149.0,,,,,,,,,152593.0,267981.0,75071,79867.0,446975.0,,267413.0,105211.0
192099.0,,,,,,,,,,,,,417885.0,,,,,395365.0,,,,,,,,,,,,,,,524895.0,,,,,,,,,,,,,,,,,,,,,,,,,,,,,,,475791.0,,,,,,,,,154613.0,276181.0,75215,81299.0,455425.0,,267499.0,105811.0
192679.0,,,,,,,,,,,,,423249.0,,,,,398571.0,,,,,,,,,,,,,,,561894.0,,,,,,,,,,,,,,,,,,,,,,,,,,,,,,,482163.0,,,,,,,,,155387.0,276185.0,76721,81449.0,458509.0,,276895.0,106133.0
192807.0,,,,,,,,,,,,,424851.0,,,,,399547.0,,,,,,,,,,,,,,,562008.0,,,,,,,,,,,,,,,,,,,,,,,,,,,,,,,482301.0,,,,,,,,,164683.0,551604.0,77603,82607.0,559060.0,,277859.0,107067.0
193937.0,,,,,,,,,,,,,425919.0,,,,,562394.0,,,,,,,,,,,,,,,538671.0,,,,,,,,,,,,,,,,,,,,,,,,,,,,,,,485201.0,,,,,,,,,167221.0,284147.0,78077,83175.0,466595.0,,278845.0,111587.0
195631.0,,,,,,,,,,,,,426321.0,,,,,408527.0,,,,,,,,,,,,,,,,,,,,,,,,,,,,,,,,,,,,,,,,,,,,,,486721.0,,,,,,,,,172681.0,292143.0,78275,83309.0,477367.0,,279781.0,112037.0
196041.0,,,,,,,,,,,,,427599.0,,,,,409303.0,,,,,,,,,,,,,,,,,,,,,,,,,,,,,,,,,,,,,,,,,,,,,,499735.0,,,,,,,,,175085.0,303267.0,79665,83579.0,559588.0,,552048.0,114915.0
200573.0,,,,,,,,,,,,,430287.0,,,,,418179.0,,,,,,,,,,,,,,,,,,,,,,,,,,,,,,,,,,,,,,,,,,,,,,517909.0,,,,,,,,,547710.0,309427.0,80475,84339.0,559890.0,,291375.0,115847.0
206379.0,,,,,,,,,,,,,430937.0,,,,,419241.0,,,,,,,,,,,,,,,,,,,,,,,,,,,,,,,,,,,,,,,,,,,,,,520661.0,,,,,,,,,181325.0,310257.0,80563,85839.0,488953.0,,292553.0,115861.0
210311.0,,,,,,,,,,,,,433901.0,,,,,434195.0,,,,,,,,,,,,,,,,,,,,,,,,,,,,,,,,,,,,,,,,,,,,,,522675.0,,,,,,,,,183645.0,312441.0,80773,86617.0,495029.0,,292585.0,116285.0
211739.0,,,,,,,,,,,,,436777.0,,,,,439787.0,,,,,,,,,,,,,,,,,,,,,,,,,,,,,,,,,,,,,,,,,,,,,,528631.0,,,,,,,,,183939.0,317989.0,82489,87163.0,505103.0,,297051.0,118639.0
212729.0,,,,,,,,,,,,,439467.0,,,,,450979.0,,,,,,,,,,,,,,,,,,,,,,,,,,,,,,,,,,,,,,,,,,,,,,535877.0,,,,,,,,,184091.0,321045.0,84533,87169.0,512783.0,,297727.0,122253.0
213601.0,,,,,,,,,,,,,441679.0,,,,,452455.0,,,,,,,,,,,,,,,,,,,,,,,,,,,,,,,,,,,,,,,,,,,,,,536933.0,,,,,,,,,188455.0,322019.0,85199,88933.0,518365.0,,552672.0,123773.0
219457.0,,,,,,,,,,,,,441967.0,,,,,462275.0,,,,,,,,,,,,,,,,,,,,,,,,,,,,,,,,,,,,,,,,,,,,,,,,,,,,,,,188483.0,323417.0,85905,89351.0,518405.0,,311315.0,123891.0
224309.0,,,,,,,,,,,,,458397.0,,,,,487993.0,,,,,,,,,,,,,,,,,,,,,,,,,,,,,,,,,,,,,,,,,,,,,,,,,,,,,,,189197.0,323419.0,86565,89515.0,519219.0,,312777.0,125943.0
224335.0,,,,,,,,,,,,,461811.0,,,,,492881.0,,,,,,,,,,,,,,,,,,,,,,,,,,,,,,,,,,,,,,,,,,,,,,,,,,,,,,,189817.0,327753.0,88187,89681.0,524209.0,,331239.0,126655.0
224459.0,,,,,,,,,,,,,464493.0,,,,,500299.0,,,,,,,,,,,,,,,,,,,,,,,,,,,,,,,,,,,,,,,,,,,,,,,,,,,,,,,193291.0,332505.0,88443,91331.0,539329.0,,331427.0,128139.0
225147.0,,,,,,,,,,,,,464969.0,,,,,513369.0,,,,,,,,,,,,,,,,,,,,,,,,,,,,,,,,,,,,,,,,,,,,,,,,,,,,,,,194107.0,346091.0,88613,91597.0,540061.0,,331491.0,130641.0
226101.0,,,,,,,,,,,,,466257.0,,,,,516651.0,,,,,,,,,,,,,,,,,,,,,,,,,,,,,,,,,,,,,,,,,,,,,,,,,,,,,,,195665.0,347921.0,90375,92079.0,,,333001.0,130665.0
228093.0,,,,,,,,,,,,,497823.0,,,,,517189.0,,,,,,,,,,,,,,,,,,,,,,,,,,,,,,,,,,,,,,,,,,,,,,,,,,,,,,,195965.0,350301.0,90961,93273.0,,,335579.0,131175.0
230345.0,,,,,,,,,,,,,499763.0,,,,,519305.0,,,,,,,,,,,,,,,,,,,,,,,,,,,,,,,,,,,,,,,,,,,,,,,,,,,,,,,196799.0,352593.0,91477,93741.0,,,336399.0,131597.0
232077.0,,,,,,,,,,,,,500227.0,,,,,525753.0,,,,,,,,,,,,,,,,,,,,,,,,,,,,,,,,,,,,,,,,,,,,,,,,,,,,,,,548589.0,354615.0,544170,96053.0,,,344067.0,132557.0
232231.0,,,,,,,,,,,,,505593.0,,,,,526975.0,,,,,,,,,,,,,,,,,,,,,,,,,,,,,,,,,,,,,,,,,,,,,,,,,,,,,,,201789.0,355311.0,92903,101975.0,,,344599.0,133115.0
234331.0,,,,,,,,,,,,,506069.0,,,,,527389.0,,,,,,,,,,,,,,,,,,,,,,,,,,,,,,,,,,,,,,,,,,,,,,,,,,,,,,,203383.0,360187.0,94455,545089.0,,,355005.0,134193.0
235055.0,,,,,,,,,,,,,506395.0,,,,,529911.0,,,,,,,,,,,,,,,,,,,,,,,,,,,,,,,,,,,,,,,,,,,,,,,,,,,,,,,204691.0,366235.0,95455,114845.0,,,355705.0,137591.0
237297.0,,,,,,,,,,,,,509437.0,,,,,538395.0,,,,,,,,,,,,,,,,,,,,,,,,,,,,,,,,,,,,,,,,,,,,,,,,,,,,,,,205757.0,370721.0,95877,115101.0,,,356425.0,138345.0
239193.0,,,,,,,,,,,,,509861.0,,,,,,,,,,,,,,,,,,,,,,,,,,,,,,,,,,,,,,,,,,,,,,,,,,,,,,,,,,,,205807.0,372401.0,96115,117187.0,,,367145.0,139441.0
244323.0,,,,,,,,,,,,,517987.0,,,,,,,,,,,,,,,,,,,,,,,,,,,,,,,,,,,,,,,,,,,,,,,,,,,,,,,,,,,,208779.0,375853.0,98725,122803.0,,,368503.0,143495.0
247255.0,,,,,,,,,,,,,561192.0,,,,,,,,,,,,,,,,,,,,,,,,,,,,,,,,,,,,,,,,,,,,,,,,,,,,,,,,,,,,210385.0,375861.0,99079,125713.0,,,372985.0,546303.0
249561.0,,,,,,,,,,,,,518331.0,,,,,,,,,,,,,,,,,,,,,,,,,,,,,,,,,,,,,,,,,,,,,,,,,,,,,,,,,,,,214537.0,385697.0,99955,126047.0,,,376713.0,144855.0
251671.0,,,,,,,,,,,,,519873.0,,,,,,,,,,,,,,,,,,,,,,,,,,,,,,,,,,,,,,,,,,,,,,,,,,,,,,,,,,,,214943.0,387153.0,100525,127113.0,,,377919.0,145339.0
550740.0,,,,,,,,,,,,,561414.0,,,,,,,,,,,,,,,,,,,,,,,,,,,,,,,,,,,,,,,,,,,,,,,,,,,,,,,,,,,,220523.0,388273.0,101821,129617.0,,,379303.0,146239.0
254579.0,,,,,,,,,,,,,524937.0,,,,,,,,,,,,,,,,,,,,,,,,,,,,,,,,,,,,,,,,,,,,,,,,,,,,,,,,,,,,227135.0,556959.0,102465,132563.0,,,380323.0,147267.0
254863.0,,,,,,,,,,,,,527587.0,,,,,,,,,,,,,,,,,,,,,,,,,,,,,,,,,,,,,,,,,,,,,,,,,,,,,,,,,,,,227531.0,438919.0,102893,134583.0,,,388889.0,147419.0
255463.0,,,,,,,,,,,,,532123.0,,,,,,,,,,,,,,,,,,,,,,,,,,,,,,,,,,,,,,,,,,,,,,,,,,,,,,,,,,,,228035.0,443029.0,104087,140013.0,,,393227.0,147515.0
255507.0,,,,,,,,,,,,,538185.0,,,,,,,,,,,,,,,,,,,,,,,,,,,,,,,,,,,,,,,,,,,,,,,,,,,,,,,,,,,,229839.0,443739.0,104147,140589.0,,,394557.0,149805.0
265189.0,,,,,,,,,,,,,,,,,,,,,,,,,,,,,,,,,,,,,,,,,,,,,,,,,,,,,,,,,,,,,,,,,,,,,,,,,235345.0,444259.0,107091,141509.0,,,406317.0,150259.0
266213.0,,,,,,,,,,,,,,,,,,,,,,,,,,,,,,,,,,,,,,,,,,,,,,,,,,,,,,,,,,,,,,,,,,,,,,,,,235629.0,444607.0,107269,148565.0,,,424253.0,150473.0
274107.0,,,,,,,,,,,,,,,,,,,,,,,,,,,,,,,,,,,,,,,,,,,,,,,,,,,,,,,,,,,,,,,,,,,,,,,,,237695.0,447911.0,108005,150549.0,,,425031.0,150777.0
275111.0,,,,,,,,,,,,,,,,,,,,,,,,,,,,,,,,,,,,,,,,,,,,,,,,,,,,,,,,,,,,,,,,,,,,,,,,,239115.0,449643.0,108775,152565.0,,,428719.0,151725.0
281973.0,,,,,,,,,,,,,,,,,,,,,,,,,,,,,,,,,,,,,,,,,,,,,,,,,,,,,,,,,,,,,,,,,,,,,,,,,239419.0,454765.0,109589,152885.0,,,433909.0,155737.0
287457.0,,,,,,,,,,,,,,,,,,,,,,,,,,,,,,,,,,,,,,,,,,,,,,,,,,,,,,,,,,,,,,,,,,,,,,,,,240735.0,457801.0,110063,153061.0,,,433985.0,156103.0
290375.0,,,,,,,,,,,,,,,,,,,,,,,,,,,,,,,,,,,,,,,,,,,,,,,,,,,,,,,,,,,,,,,,,,,,,,,,,242111.0,465117.0,111113,154691.0,,,437331.0,156175.0
293283.0,,,,,,,,,,,,,,,,,,,,,,,,,,,,,,,,,,,,,,,,,,,,,,,,,,,,,,,,,,,,,,,,,,,,,,,,,246137.0,465621.0,111565,157609.0,,,446143.0,160069.0
299981.0,,,,,,,,,,,,,,,,,,,,,,,,,,,,,,,,,,,,,,,,,,,,,,,,,,,,,,,,,,,,,,,,,,,,,,,,,550398.0,469387.0,111973,158893.0,,,558345.0,161313.0
300141.0,,,,,,,,,,,,,,,,,,,,,,,,,,,,,,,,,,,,,,,,,,,,,,,,,,,,,,,,,,,,,,,,,,,,,,,,,246493.0,474141.0,112875,164243.0,,,458993.0,161689.0
552702.0,,,,,,,,,,,,,,,,,,,,,,,,,,,,,,,,,,,,,,,,,,,,,,,,,,,,,,,,,,,,,,,,,,,,,,,,,247953.0,477067.0,114333,166421.0,,,460141.0,162831.0
307797.0,,,,,,,,,,,,,,,,,,,,,,,,,,,,,,,,,,,,,,,,,,,,,,,,,,,,,,,,,,,,,,,,,,,,,,,,,251011.0,486019.0,114703,168971.0,,,463179.0,163437.0
307943.0,,,,,,,,,,,,,,,,,,,,,,,,,,,,,,,,,,,,,,,,,,,,,,,,,,,,,,,,,,,,,,,,,,,,,,,,,252067.0,488101.0,114715,173951.0,,,474609.0,164293.0
310545.0,,,,,,,,,,,,,,,,,,,,,,,,,,,,,,,,,,,,,,,,,,,,,,,,,,,,,,,,,,,,,,,,,,,,,,,,,253495.0,489263.0,115679,176135.0,,,475455.0,166089.0
310721.0,,,,,,,,,,,,,,,,,,,,,,,,,,,,,,,,,,,,,,,,,,,,,,,,,,,,,,,,,,,,,,,,,,,,,,,,,254433.0,498863.0,116731,176555.0,,,478313.0,167013.0
311791.0,,,,,,,,,,,,,,,,,,,,,,,,,,,,,,,,,,,,,,,,,,,,,,,,,,,,,,,,,,,,,,,,,,,,,,,,,254595.0,499279.0,118339,182117.0,,,492665.0,167331.0
312485.0,,,,,,,,,,,,,,,,,,,,,,,,,,,,,,,,,,,,,,,,,,,,,,,,,,,,,,,,,,,,,,,,,,,,,,,,,255319.0,499697.0,118889,182331.0,,,494675.0,168499.0
313475.0,,,,,,,,,,,,,,,,,,,,,,,,,,,,,,,,,,,,,,,,,,,,,,,,,,,,,,,,,,,,,,,,,,,,,,,,,255941.0,501451.0,118947,183865.0,,,497165.0,170285.0
315499.0,,,,,,,,,,,,,,,,,,,,,,,,,,,,,,,,,,,,,,,,,,,,,,,,,,,,,,,,,,,,,,,,,,,,,,,,,256257.0,507105.0,120701,191387.0,,,500047.0,171597.0
316069.0,,,,,,,,,,,,,,,,,,,,,,,,,,,,,,,,,,,,,,,,,,,,,,,,,,,,,,,,,,,,,,,,,,,,,,,,,256909.0,511719.0,121431,196003.0,,,506785.0,172113.0
319529.0,,,,,,,,,,,,,,,,,,,,,,,,,,,,,,,,,,,,,,,,,,,,,,,,,,,,,,,,,,,,,,,,,,,,,,,,,258901.0,512257.0,121729,196075.0,,,560835.0,173473.0
320727.0,,,,,,,,,,,,,,,,,,,,,,,,,,,,,,,,,,,,,,,,,,,,,,,,,,,,,,,,,,,,,,,,,,,,,,,,,265357.0,512929.0,122255,199887.0,,,510743.0,174571.0
321847.0,,,,,,,,,,,,,,,,,,,,,,,,,,,,,,,,,,,,,,,,,,,,,,,,,,,,,,,,,,,,,,,,,,,,,,,,,266359.0,513087.0,123603,202161.0,,,511759.0,174685.0
323673.0,,,,,,,,,,,,,,,,,,,,,,,,,,,,,,,,,,,,,,,,,,,,,,,,,,,,,,,,,,,,,,,,,,,,,,,,,266363.0,513991.0,124211,202857.0,,,512739.0,174931.0
324965.0,,,,,,,,,,,,,,,,,,,,,,,,,,,,,,,,,,,,,,,,,,,,,,,,,,,,,,,,,,,,,,,,,,,,,,,,,272349.0,516439.0,125027,203811.0,,,513901.0,176875.0
326371.0,,,,,,,,,,,,,,,,,,,,,,,,,,,,,,,,,,,,,,,,,,,,,,,,,,,,,,,,,,,,,,,,,,,,,,,,,273771.0,518599.0,545517,204109.0,,,514027.0,179083.0
329689.0,,,,,,,,,,,,,,,,,,,,,,,,,,,,,,,,,,,,,,,,,,,,,,,,,,,,,,,,,,,,,,,,,,,,,,,,,278457.0,519265.0,126119,207915.0,,,561045.0,182621.0
337077.0,,,,,,,,,,,,,,,,,,,,,,,,,,,,,,,,,,,,,,,,,,,,,,,,,,,,,,,,,,,,,,,,,,,,,,,,,279459.0,519633.0,126615,209453.0,,,515581.0,183551.0
339679.0,,,,,,,,,,,,,,,,,,,,,,,,,,,,,,,,,,,,,,,,,,,,,,,,,,,,,,,,,,,,,,,,,,,,,,,,,281365.0,525185.0,127059,210105.0,,,534597.0,185197.0
341043.0,,,,,,,,,,,,,,,,,,,,,,,,,,,,,,,,,,,,,,,,,,,,,,,,,,,,,,,,,,,,,,,,,,,,,,,,,284059.0,561738.0,127197,211807.0,,,534751.0,185539.0
346787.0,,,,,,,,,,,,,,,,,,,,,,,,,,,,,,,,,,,,,,,,,,,,,,,,,,,,,,,,,,,,,,,,,,,,,,,,,284813.0,561879.0,128317,220981.0,,,536625.0,187151.0
355795.0,,,,,,,,,,,,,,,,,,,,,,,,,,,,,,,,,,,,,,,,,,,,,,,,,,,,,,,,,,,,,,,,,,,,,,,,,287739.0,537177.0,130209,224649.0,,,538607.0,548088.0
356195.0,,,,,,,,,,,,,,,,,,,,,,,,,,,,,,,,,,,,,,,,,,,,,,,,,,,,,,,,,,,,,,,,,,,,,,,,,291763.0,538627.0,131417,226677.0,,,538619.0,188533.0
356501.0,,,,,,,,,,,,,,,,,,,,,,,,,,,,,,,,,,,,,,,,,,,,,,,,,,,,,,,,,,,,,,,,,,,,,,,,,292719.0,,132577,230473.0,,,540129.0,188617.0
362571.0,,,,,,,,,,,,,,,,,,,,,,,,,,,,,,,,,,,,,,,,,,,,,,,,,,,,,,,,,,,,,,,,,,,,,,,,,295529.0,,133619,231495.0,,,,189049.0
367585.0,,,,,,,,,,,,,,,,,,,,,,,,,,,,,,,,,,,,,,,,,,,,,,,,,,,,,,,,,,,,,,,,,,,,,,,,,296153.0,,134579,236453.0,,,,189191.0
372659.0,,,,,,,,,,,,,,,,,,,,,,,,,,,,,,,,,,,,,,,,,,,,,,,,,,,,,,,,,,,,,,,,,,,,,,,,,300359.0,,135015,241389.0,,,,189807.0
380795.0,,,,,,,,,,,,,,,,,,,,,,,,,,,,,,,,,,,,,,,,,,,,,,,,,,,,,,,,,,,,,,,,,,,,,,,,,301833.0,,137473,550300.0,,,,189851.0
385771.0,,,,,,,,,,,,,,,,,,,,,,,,,,,,,,,,,,,,,,,,,,,,,,,,,,,,,,,,,,,,,,,,,,,,,,,,,302121.0,,137649,244397.0,,,,190745.0
392327.0,,,,,,,,,,,,,,,,,,,,,,,,,,,,,,,,,,,,,,,,,,,,,,,,,,,,,,,,,,,,,,,,,,,,,,,,,304935.0,,138357,251631.0,,,,190941.0
393573.0,,,,,,,,,,,,,,,,,,,,,,,,,,,,,,,,,,,,,,,,,,,,,,,,,,,,,,,,,,,,,,,,,,,,,,,,,305361.0,,139171,254645.0,,,,191019.0
556149.0,,,,,,,,,,,,,,,,,,,,,,,,,,,,,,,,,,,,,,,,,,,,,,,,,,,,,,,,,,,,,,,,,,,,,,,,,305901.0,,139299,254751.0,,,,191217.0
397637.0,,,,,,,,,,,,,,,,,,,,,,,,,,,,,,,,,,,,,,,,,,,,,,,,,,,,,,,,,,,,,,,,,,,,,,,,,306475.0,,139637,255607.0,,,,193895.0
398149.0,,,,,,,,,,,,,,,,,,,,,,,,,,,,,,,,,,,,,,,,,,,,,,,,,,,,,,,,,,,,,,,,,,,,,,,,,307145.0,,139903,257931.0,,,,194901.0
399229.0,,,,,,,,,,,,,,,,,,,,,,,,,,,,,,,,,,,,,,,,,,,,,,,,,,,,,,,,,,,,,,,,,,,,,,,,,307875.0,,140709,259005.0,,,,195193.0
399955.0,,,,,,,,,,,,,,,,,,,,,,,,,,,,,,,,,,,,,,,,,,,,,,,,,,,,,,,,,,,,,,,,,,,,,,,,,552828.0,,141651,260379.0,,,,196967.0
404855.0,,,,,,,,,,,,,,,,,,,,,,,,,,,,,,,,,,,,,,,,,,,,,,,,,,,,,,,,,,,,,,,,,,,,,,,,,310969.0,,141897,551106.0,,,,197325.0
406577.0,,,,,,,,,,,,,,,,,,,,,,,,,,,,,,,,,,,,,,,,,,,,,,,,,,,,,,,,,,,,,,,,,,,,,,,,,316291.0,,141921,264989.0,,,,198327.0
406847.0,,,,,,,,,,,,,,,,,,,,,,,,,,,,,,,,,,,,,,,,,,,,,,,,,,,,,,,,,,,,,,,,,,,,,,,,,319227.0,,142169,265883.0,,,,201933.0
407575.0,,,,,,,,,,,,,,,,,,,,,,,,,,,,,,,,,,,,,,,,,,,,,,,,,,,,,,,,,,,,,,,,,,,,,,,,,320455.0,,143141,551244.0,,,,202351.0
411015.0,,,,,,,,,,,,,,,,,,,,,,,,,,,,,,,,,,,,,,,,,,,,,,,,,,,,,,,,,,,,,,,,,,,,,,,,,321289.0,,143181,267273.0,,,,204005.0
416259.0,,,,,,,,,,,,,,,,,,,,,,,,,,,,,,,,,,,,,,,,,,,,,,,,,,,,,,,,,,,,,,,,,,,,,,,,,321431.0,,143571,268569.0,,,,204717.0
420339.0,,,,,,,,,,,,,,,,,,,,,,,,,,,,,,,,,,,,,,,,,,,,,,,,,,,,,,,,,,,,,,,,,,,,,,,,,323957.0,,144017,268733.0,,,,204861.0
421009.0,,,,,,,,,,,,,,,,,,,,,,,,,,,,,,,,,,,,,,,,,,,,,,,,,,,,,,,,,,,,,,,,,,,,,,,,,326413.0,,146765,271601.0,,,,204901.0
423189.0,,,,,,,,,,,,,,,,,,,,,,,,,,,,,,,,,,,,,,,,,,,,,,,,,,,,,,,,,,,,,,,,,,,,,,,,,328891.0,,149731,272161.0,,,,205741.0
423669.0,,,,,,,,,,,,,,,,,,,,,,,,,,,,,,,,,,,,,,,,,,,,,,,,,,,,,,,,,,,,,,,,,,,,,,,,,329099.0,,149889,281715.0,,,,206547.0
425697.0,,,,,,,,,,,,,,,,,,,,,,,,,,,,,,,,,,,,,,,,,,,,,,,,,,,,,,,,,,,,,,,,,,,,,,,,,331529.0,,150969,283213.0,,,,206671.0
426353.0,,,,,,,,,,,,,,,,,,,,,,,,,,,,,,,,,,,,,,,,,,,,,,,,,,,,,,,,,,,,,,,,,,,,,,,,,331577.0,,152137,284109.0,,,,207005.0
427171.0,,,,,,,,,,,,,,,,,,,,,,,,,,,,,,,,,,,,,,,,,,,,,,,,,,,,,,,,,,,,,,,,,,,,,,,,,331607.0,,152197,284375.0,,,,207131.0
428121.0,,,,,,,,,,,,,,,,,,,,,,,,,,,,,,,,,,,,,,,,,,,,,,,,,,,,,,,,,,,,,,,,,,,,,,,,,334359.0,,152659,287637.0,,,,207193.0
429793.0,,,,,,,,,,,,,,,,,,,,,,,,,,,,,,,,,,,,,,,,,,,,,,,,,,,,,,,,,,,,,,,,,,,,,,,,,335069.0,,546678,290253.0,,,,207867.0
436957.0,,,,,,,,,,,,,,,,,,,,,,,,,,,,,,,,,,,,,,,,,,,,,,,,,,,,,,,,,,,,,,,,,,,,,,,,,336901.0,,153791,298731.0,,,,208559.0
439335.0,,,,,,,,,,,,,,,,,,,,,,,,,,,,,,,,,,,,,,,,,,,,,,,,,,,,,,,,,,,,,,,,,,,,,,,,,337443.0,,154285,302269.0,,,,208809.0
444439.0,,,,,,,,,,,,,,,,,,,,,,,,,,,,,,,,,,,,,,,,,,,,,,,,,,,,,,,,,,,,,,,,,,,,,,,,,342469.0,,154359,304769.0,,,,209733.0
451263.0,,,,,,,,,,,,,,,,,,,,,,,,,,,,,,,,,,,,,,,,,,,,,,,,,,,,,,,,,,,,,,,,,,,,,,,,,342533.0,,154565,306395.0,,,,549006.0
453267.0,,,,,,,,,,,,,,,,,,,,,,,,,,,,,,,,,,,,,,,,,,,,,,,,,,,,,,,,,,,,,,,,,,,,,,,,,346283.0,,154925,313059.0,,,,211387.0
454405.0,,,,,,,,,,,,,,,,,,,,,,,,,,,,,,,,,,,,,,,,,,,,,,,,,,,,,,,,,,,,,,,,,,,,,,,,,350283.0,,156505,319993.0,,,,211869.0
455421.0,,,,,,,,,,,,,,,,,,,,,,,,,,,,,,,,,,,,,,,,,,,,,,,,,,,,,,,,,,,,,,,,,,,,,,,,,554406.0,,157009,325015.0,,,,212147.0
456205.0,,,,,,,,,,,,,,,,,,,,,,,,,,,,,,,,,,,,,,,,,,,,,,,,,,,,,,,,,,,,,,,,,,,,,,,,,350463.0,,546840,325885.0,,,,215167.0
459195.0,,,,,,,,,,,,,,,,,,,,,,,,,,,,,,,,,,,,,,,,,,,,,,,,,,,,,,,,,,,,,,,,,,,,,,,,,352251.0,,157955,327141.0,,,,216927.0
462881.0,,,,,,,,,,,,,,,,,,,,,,,,,,,,,,,,,,,,,,,,,,,,,,,,,,,,,,,,,,,,,,,,,,,,,,,,,352969.0,,158201,328705.0,,,,219293.0
558963.0,,,,,,,,,,,,,,,,,,,,,,,,,,,,,,,,,,,,,,,,,,,,,,,,,,,,,,,,,,,,,,,,,,,,,,,,,357973.0,,158691,333901.0,,,,220187.0
465829.0,,,,,,,,,,,,,,,,,,,,,,,,,,,,,,,,,,,,,,,,,,,,,,,,,,,,,,,,,,,,,,,,,,,,,,,,,359297.0,,159221,338443.0,,,,221473.0
470361.0,,,,,,,,,,,,,,,,,,,,,,,,,,,,,,,,,,,,,,,,,,,,,,,,,,,,,,,,,,,,,,,,,,,,,,,,,359981.0,,159459,341403.0,,,,222109.0
472567.0,,,,,,,,,,,,,,,,,,,,,,,,,,,,,,,,,,,,,,,,,,,,,,,,,,,,,,,,,,,,,,,,,,,,,,,,,365951.0,,159849,343599.0,,,,223365.0
474371.0,,,,,,,,,,,,,,,,,,,,,,,,,,,,,,,,,,,,,,,,,,,,,,,,,,,,,,,,,,,,,,,,,,,,,,,,,366851.0,,160785,343815.0,,,,224051.0
478705.0,,,,,,,,,,,,,,,,,,,,,,,,,,,,,,,,,,,,,,,,,,,,,,,,,,,,,,,,,,,,,,,,,,,,,,,,,368235.0,,161175,554202.0,,,,225405.0
480581.0,,,,,,,,,,,,,,,,,,,,,,,,,,,,,,,,,,,,,,,,,,,,,,,,,,,,,,,,,,,,,,,,,,,,,,,,,368811.0,,161865,346431.0,,,,225717.0
481467.0,,,,,,,,,,,,,,,,,,,,,,,,,,,,,,,,,,,,,,,,,,,,,,,,,,,,,,,,,,,,,,,,,,,,,,,,,369165.0,,164639,350783.0,,,,227033.0
481563.0,,,,,,,,,,,,,,,,,,,,,,,,,,,,,,,,,,,,,,,,,,,,,,,,,,,,,,,,,,,,,,,,,,,,,,,,,373161.0,,165631,351411.0,,,,229147.0
485431.0,,,,,,,,,,,,,,,,,,,,,,,,,,,,,,,,,,,,,,,,,,,,,,,,,,,,,,,,,,,,,,,,,,,,,,,,,373471.0,,166747,554559.0,,,,232161.0
486647.0,,,,,,,,,,,,,,,,,,,,,,,,,,,,,,,,,,,,,,,,,,,,,,,,,,,,,,,,,,,,,,,,,,,,,,,,,375239.0,,168483,358291.0,,,,234653.0
489061.0,,,,,,,,,,,,,,,,,,,,,,,,,,,,,,,,,,,,,,,,,,,,,,,,,,,,,,,,,,,,,,,,,,,,,,,,,375427.0,,169467,361563.0,,,,234735.0
490539.0,,,,,,,,,,,,,,,,,,,,,,,,,,,,,,,,,,,,,,,,,,,,,,,,,,,,,,,,,,,,,,,,,,,,,,,,,380995.0,,169653,362153.0,,,,234755.0
491653.0,,,,,,,,,,,,,,,,,,,,,,,,,,,,,,,,,,,,,,,,,,,,,,,,,,,,,,,,,,,,,,,,,,,,,,,,,381277.0,,172249,362363.0,,,,234773.0
493675.0,,,,,,,,,,,,,,,,,,,,,,,,,,,,,,,,,,,,,,,,,,,,,,,,,,,,,,,,,,,,,,,,,,,,,,,,,382053.0,,172437,366447.0,,,,235761.0
497197.0,,,,,,,,,,,,,,,,,,,,,,,,,,,,,,,,,,,,,,,,,,,,,,,,,,,,,,,,,,,,,,,,,,,,,,,,,382307.0,,174079,371765.0,,,,236783.0
498091.0,,,,,,,,,,,,,,,,,,,,,,,,,,,,,,,,,,,,,,,,,,,,,,,,,,,,,,,,,,,,,,,,,,,,,,,,,383263.0,,174221,371841.0,,,,240521.0
498609.0,,,,,,,,,,,,,,,,,,,,,,,,,,,,,,,,,,,,,,,,,,,,,,,,,,,,,,,,,,,,,,,,,,,,,,,,,387317.0,,174869,375789.0,,,,240897.0
498611.0,,,,,,,,,,,,,,,,,,,,,,,,,,,,,,,,,,,,,,,,,,,,,,,,,,,,,,,,,,,,,,,,,,,,,,,,,387793.0,,175149,382021.0,,,,240917.0
498797.0,,,,,,,,,,,,,,,,,,,,,,,,,,,,,,,,,,,,,,,,,,,,,,,,,,,,,,,,,,,,,,,,,,,,,,,,,388537.0,,175647,382175.0,,,,243079.0
499059.0,,,,,,,,,,,,,,,,,,,,,,,,,,,,,,,,,,,,,,,,,,,,,,,,,,,,,,,,,,,,,,,,,,,,,,,,,555909.0,,176281,386395.0,,,,243089.0
500037.0,,,,,,,,,,,,,,,,,,,,,,,,,,,,,,,,,,,,,,,,,,,,,,,,,,,,,,,,,,,,,,,,,,,,,,,,,388783.0,,178855,386717.0,,,,243383.0
500231.0,,,,,,,,,,,,,,,,,,,,,,,,,,,,,,,,,,,,,,,,,,,,,,,,,,,,,,,,,,,,,,,,,,,,,,,,,395549.0,,179389,391145.0,,,,243545.0
560493.0,,,,,,,,,,,,,,,,,,,,,,,,,,,,,,,,,,,,,,,,,,,,,,,,,,,,,,,,,,,,,,,,,,,,,,,,,402803.0,,183231,397347.0,,,,243549.0
502611.0,,,,,,,,,,,,,,,,,,,,,,,,,,,,,,,,,,,,,,,,,,,,,,,,,,,,,,,,,,,,,,,,,,,,,,,,,405741.0,,183683,397359.0,,,,245779.0
504107.0,,,,,,,,,,,,,,,,,,,,,,,,,,,,,,,,,,,,,,,,,,,,,,,,,,,,,,,,,,,,,,,,,,,,,,,,,407323.0,,184631,400007.0,,,,247561.0
505073.0,,,,,,,,,,,,,,,,,,,,,,,,,,,,,,,,,,,,,,,,,,,,,,,,,,,,,,,,,,,,,,,,,,,,,,,,,408893.0,,184921,405525.0,,,,550602.0
509149.0,,,,,,,,,,,,,,,,,,,,,,,,,,,,,,,,,,,,,,,,,,,,,,,,,,,,,,,,,,,,,,,,,,,,,,,,,408985.0,,185101,405683.0,,,,251109.0
512289.0,,,,,,,,,,,,,,,,,,,,,,,,,,,,,,,,,,,,,,,,,,,,,,,,,,,,,,,,,,,,,,,,,,,,,,,,,410229.0,,185293,406859.0,,,,252033.0
519143.0,,,,,,,,,,,,,,,,,,,,,,,,,,,,,,,,,,,,,,,,,,,,,,,,,,,,,,,,,,,,,,,,,,,,,,,,,413517.0,,187301,407675.0,,,,252175.0
519855.0,,,,,,,,,,,,,,,,,,,,,,,,,,,,,,,,,,,,,,,,,,,,,,,,,,,,,,,,,,,,,,,,,,,,,,,,,418929.0,,187447,415633.0,,,,252989.0
523703.0,,,,,,,,,,,,,,,,,,,,,,,,,,,,,,,,,,,,,,,,,,,,,,,,,,,,,,,,,,,,,,,,,,,,,,,,,420071.0,,548104,415821.0,,,,253261.0
524045.0,,,,,,,,,,,,,,,,,,,,,,,,,,,,,,,,,,,,,,,,,,,,,,,,,,,,,,,,,,,,,,,,,,,,,,,,,422185.0,,190633,416887.0,,,,254083.0
524149.0,,,,,,,,,,,,,,,,,,,,,,,,,,,,,,,,,,,,,,,,,,,,,,,,,,,,,,,,,,,,,,,,,,,,,,,,,422217.0,,191613,421173.0,,,,255027.0
561579.0,,,,,,,,,,,,,,,,,,,,,,,,,,,,,,,,,,,,,,,,,,,,,,,,,,,,,,,,,,,,,,,,,,,,,,,,,424435.0,,191621,422727.0,,,,255055.0
527667.0,,,,,,,,,,,,,,,,,,,,,,,,,,,,,,,,,,,,,,,,,,,,,,,,,,,,,,,,,,,,,,,,,,,,,,,,,431979.0,,191995,426681.0,,,,255517.0
528663.0,,,,,,,,,,,,,,,,,,,,,,,,,,,,,,,,,,,,,,,,,,,,,,,,,,,,,,,,,,,,,,,,,,,,,,,,,432447.0,,192303,427453.0,,,,258523.0
533595.0,,,,,,,,,,,,,,,,,,,,,,,,,,,,,,,,,,,,,,,,,,,,,,,,,,,,,,,,,,,,,,,,,,,,,,,,,433111.0,,193073,428283.0,,,,259117.0
533627.0,,,,,,,,,,,,,,,,,,,,,,,,,,,,,,,,,,,,,,,,,,,,,,,,,,,,,,,,,,,,,,,,,,,,,,,,,443749.0,,193165,429043.0,,,,259167.0
537639.0,,,,,,,,,,,,,,,,,,,,,,,,,,,,,,,,,,,,,,,,,,,,,,,,,,,,,,,,,,,,,,,,,,,,,,,,,448981.0,,193835,429503.0,,,,259327.0
538697.0,,,,,,,,,,,,,,,,,,,,,,,,,,,,,,,,,,,,,,,,,,,,,,,,,,,,,,,,,,,,,,,,,,,,,,,,,451853.0,,194791,432117.0,,,,259685.0
539091.0,,,,,,,,,,,,,,,,,,,,,,,,,,,,,,,,,,,,,,,,,,,,,,,,,,,,,,,,,,,,,,,,,,,,,,,,,452469.0,,196461,432309.0,,,,259871.0
540339.0,,,,,,,,,,,,,,,,,,,,,,,,,,,,,,,,,,,,,,,,,,,,,,,,,,,,,,,,,,,,,,,,,,,,,,,,,452751.0,,196683,432349.0,,,,262231.0
,,,,,,,,,,,,,,,,,,,,,,,,,,,,,,,,,,,,,,,,,,,,,,,,,,,,,,,,,,,,,,,,,,,,,,,,,456335.0,,197081,557755.0,,,,262377.0
,,,,,,,,,,,,,,,,,,,,,,,,,,,,,,,,,,,,,,,,,,,,,,,,,,,,,,,,,,,,,,,,,,,,,,,,,459399.0,,197293,436303.0,,,,263119.0
,,,,,,,,,,,,,,,,,,,,,,,,,,,,,,,,,,,,,,,,,,,,,,,,,,,,,,,,,,,,,,,,,,,,,,,,,463903.0,,197663,558012.0,,,,263801.0
,,,,,,,,,,,,,,,,,,,,,,,,,,,,,,,,,,,,,,,,,,,,,,,,,,,,,,,,,,,,,,,,,,,,,,,,,463969.0,,198207,444395.0,,,,264159.0
,,,,,,,,,,,,,,,,,,,,,,,,,,,,,,,,,,,,,,,,,,,,,,,,,,,,,,,,,,,,,,,,,,,,,,,,,465373.0,,198625,446497.0,,,,264353.0
,,,,,,,,,,,,,,,,,,,,,,,,,,,,,,,,,,,,,,,,,,,,,,,,,,,,,,,,,,,,,,,,,,,,,,,,,465385.0,,200793,448305.0,,,,264859.0
,,,,,,,,,,,,,,,,,,,,,,,,,,,,,,,,,,,,,,,,,,,,,,,,,,,,,,,,,,,,,,,,,,,,,,,,,470927.0,,201661,450859.0,,,,266033.0
,,,,,,,,,,,,,,,,,,,,,,,,,,,,,,,,,,,,,,,,,,,,,,,,,,,,,,,,,,,,,,,,,,,,,,,,,471725.0,,548706,558775.0,,,,266185.0
,,,,,,,,,,,,,,,,,,,,,,,,,,,,,,,,,,,,,,,,,,,,,,,,,,,,,,,,,,,,,,,,,,,,,,,,,559407.0,,548772,461191.0,,,,266513.0
,,,,,,,,,,,,,,,,,,,,,,,,,,,,,,,,,,,,,,,,,,,,,,,,,,,,,,,,,,,,,,,,,,,,,,,,,474831.0,,207399,465675.0,,,,268797.0
,,,,,,,,,,,,,,,,,,,,,,,,,,,,,,,,,,,,,,,,,,,,,,,,,,,,,,,,,,,,,,,,,,,,,,,,,475317.0,,208567,466313.0,,,,272297.0
,,,,,,,,,,,,,,,,,,,,,,,,,,,,,,,,,,,,,,,,,,,,,,,,,,,,,,,,,,,,,,,,,,,,,,,,,475563.0,,209417,467159.0,,,,273907.0
,,,,,,,,,,,,,,,,,,,,,,,,,,,,,,,,,,,,,,,,,,,,,,,,,,,,,,,,,,,,,,,,,,,,,,,,,559452.0,,212233,470399.0,,,,275253.0
,,,,,,,,,,,,,,,,,,,,,,,,,,,,,,,,,,,,,,,,,,,,,,,,,,,,,,,,,,,,,,,,,,,,,,,,,559488.0,,215451,470755.0,,,,275575.0
,,,,,,,,,,,,,,,,,,,,,,,,,,,,,,,,,,,,,,,,,,,,,,,,,,,,,,,,,,,,,,,,,,,,,,,,,479153.0,,215503,485919.0,,,,275697.0
,,,,,,,,,,,,,,,,,,,,,,,,,,,,,,,,,,,,,,,,,,,,,,,,,,,,,,,,,,,,,,,,,,,,,,,,,480015.0,,219409,486715.0,,,,276377.0
,,,,,,,,,,,,,,,,,,,,,,,,,,,,,,,,,,,,,,,,,,,,,,,,,,,,,,,,,,,,,,,,,,,,,,,,,481343.0,,219413,488535.0,,,,276681.0
,,,,,,,,,,,,,,,,,,,,,,,,,,,,,,,,,,,,,,,,,,,,,,,,,,,,,,,,,,,,,,,,,,,,,,,,,481841.0,,220497,490869.0,,,,277421.0
,,,,,,,,,,,,,,,,,,,,,,,,,,,,,,,,,,,,,,,,,,,,,,,,,,,,,,,,,,,,,,,,,,,,,,,,,483555.0,,224061,491129.0,,,,278263.0
,,,,,,,,,,,,,,,,,,,,,,,,,,,,,,,,,,,,,,,,,,,,,,,,,,,,,,,,,,,,,,,,,,,,,,,,,486927.0,,224325,492333.0,,,,280321.0
,,,,,,,,,,,,,,,,,,,,,,,,,,,,,,,,,,,,,,,,,,,,,,,,,,,,,,,,,,,,,,,,,,,,,,,,,489567.0,,224451,497245.0,,,,280377.0
,,,,,,,,,,,,,,,,,,,,,,,,,,,,,,,,,,,,,,,,,,,,,,,,,,,,,,,,,,,,,,,,,,,,,,,,,489753.0,,229471,497397.0,,,,280453.0
,,,,,,,,,,,,,,,,,,,,,,,,,,,,,,,,,,,,,,,,,,,,,,,,,,,,,,,,,,,,,,,,,,,,,,,,,489799.0,,231569,497829.0,,,,280647.0
,,,,,,,,,,,,,,,,,,,,,,,,,,,,,,,,,,,,,,,,,,,,,,,,,,,,,,,,,,,,,,,,,,,,,,,,,490197.0,,232197,500275.0,,,,281513.0
,,,,,,,,,,,,,,,,,,,,,,,,,,,,,,,,,,,,,,,,,,,,,,,,,,,,,,,,,,,,,,,,,,,,,,,,,493833.0,,232647,500597.0,,,,281551.0
,,,,,,,,,,,,,,,,,,,,,,,,,,,,,,,,,,,,,,,,,,,,,,,,,,,,,,,,,,,,,,,,,,,,,,,,,498459.0,,233599,504675.0,,,,551760.0
,,,,,,,,,,,,,,,,,,,,,,,,,,,,,,,,,,,,,,,,,,,,,,,,,,,,,,,,,,,,,,,,,,,,,,,,,499247.0,,234147,505437.0,,,,282043.0
,,,,,,,,,,,,,,,,,,,,,,,,,,,,,,,,,,,,,,,,,,,,,,,,,,,,,,,,,,,,,,,,,,,,,,,,,502313.0,,235257,508007.0,,,,551818.0
,,,,,,,,,,,,,,,,,,,,,,,,,,,,,,,,,,,,,,,,,,,,,,,,,,,,,,,,,,,,,,,,,,,,,,,,,503121.0,,235483,508933.0,,,,283249.0
,,,,,,,,,,,,,,,,,,,,,,,,,,,,,,,,,,,,,,,,,,,,,,,,,,,,,,,,,,,,,,,,,,,,,,,,,503745.0,,236305,509499.0,,,,551865.0
,,,,,,,,,,,,,,,,,,,,,,,,,,,,,,,,,,,,,,,,,,,,,,,,,,,,,,,,,,,,,,,,,,,,,,,,,504413.0,,236527,510915.0,,,,285359.0
,,,,,,,,,,,,,,,,,,,,,,,,,,,,,,,,,,,,,,,,,,,,,,,,,,,,,,,,,,,,,,,,,,,,,,,,,505141.0,,237263,511441.0,,,,285595.0
,,,,,,,,,,,,,,,,,,,,,,,,,,,,,,,,,,,,,,,,,,,,,,,,,,,,,,,,,,,,,,,,,,,,,,,,,506497.0,,237881,514503.0,,,,289083.0
,,,,,,,,,,,,,,,,,,,,,,,,,,,,,,,,,,,,,,,,,,,,,,,,,,,,,,,,,,,,,,,,,,,,,,,,,512627.0,,238403,515249.0,,,,289623.0
,,,,,,,,,,,,,,,,,,,,,,,,,,,,,,,,,,,,,,,,,,,,,,,,,,,,,,,,,,,,,,,,,,,,,,,,,512979.0,,550134,515901.0,,,,290969.0
,,,,,,,,,,,,,,,,,,,,,,,,,,,,,,,,,,,,,,,,,,,,,,,,,,,,,,,,,,,,,,,,,,,,,,,,,513877.0,,241293,561162.0,,,,291089.0
,,,,,,,,,,,,,,,,,,,,,,,,,,,,,,,,,,,,,,,,,,,,,,,,,,,,,,,,,,,,,,,,,,,,,,,,,514003.0,,241903,520447.0,,,,294237.0
,,,,,,,,,,,,,,,,,,,,,,,,,,,,,,,,,,,,,,,,,,,,,,,,,,,,,,,,,,,,,,,,,,,,,,,,,514519.0,,550230,520477.0,,,,295607.0
,,,,,,,,,,,,,,,,,,,,,,,,,,,,,,,,,,,,,,,,,,,,,,,,,,,,,,,,,,,,,,,,,,,,,,,,,514913.0,,242659,528779.0,,,,297147.0
,,,,,,,,,,,,,,,,,,,,,,,,,,,,,,,,,,,,,,,,,,,,,,,,,,,,,,,,,,,,,,,,,,,,,,,,,518973.0,,243257,528839.0,,,,297201.0
,,,,,,,,,,,,,,,,,,,,,,,,,,,,,,,,,,,,,,,,,,,,,,,,,,,,,,,,,,,,,,,,,,,,,,,,,519737.0,,243363,534601.0,,,,298067.0
,,,,,,,,,,,,,,,,,,,,,,,,,,,,,,,,,,,,,,,,,,,,,,,,,,,,,,,,,,,,,,,,,,,,,,,,,523033.0,,243693,536851.0,,,,298477.0
,,,,,,,,,,,,,,,,,,,,,,,,,,,,,,,,,,,,,,,,,,,,,,,,,,,,,,,,,,,,,,,,,,,,,,,,,561471.0,,243725,537567.0,,,,299749.0
,,,,,,,,,,,,,,,,,,,,,,,,,,,,,,,,,,,,,,,,,,,,,,,,,,,,,,,,,,,,,,,,,,,,,,,,,525777.0,,244643,539801.0,,,,299893.0
,,,,,,,,,,,,,,,,,,,,,,,,,,,,,,,,,,,,,,,,,,,,,,,,,,,,,,,,,,,,,,,,,,,,,,,,,527479.0,,246379,540439.0,,,,300461.0
,,,,,,,,,,,,,,,,,,,,,,,,,,,,,,,,,,,,,,,,,,,,,,,,,,,,,,,,,,,,,,,,,,,,,,,,,528921.0,,246451,,,,,301299.0
,,,,,,,,,,,,,,,,,,,,,,,,,,,,,,,,,,,,,,,,,,,,,,,,,,,,,,,,,,,,,,,,,,,,,,,,,529729.0,,550440,,,,,301933.0
,,,,,,,,,,,,,,,,,,,,,,,,,,,,,,,,,,,,,,,,,,,,,,,,,,,,,,,,,,,,,,,,,,,,,,,,,529937.0,,247769,,,,,302597.0
,,,,,,,,,,,,,,,,,,,,,,,,,,,,,,,,,,,,,,,,,,,,,,,,,,,,,,,,,,,,,,,,,,,,,,,,,533577.0,,247947,,,,,303461.0
,,,,,,,,,,,,,,,,,,,,,,,,,,,,,,,,,,,,,,,,,,,,,,,,,,,,,,,,,,,,,,,,,,,,,,,,,534013.0,,248413,,,,,305015.0
,,,,,,,,,,,,,,,,,,,,,,,,,,,,,,,,,,,,,,,,,,,,,,,,,,,,,,,,,,,,,,,,,,,,,,,,,537199.0,,249563,,,,,306919.0
,,,,,,,,,,,,,,,,,,,,,,,,,,,,,,,,,,,,,,,,,,,,,,,,,,,,,,,,,,,,,,,,,,,,,,,,,538785.0,,254299,,,,,308713.0
,,,,,,,,,,,,,,,,,,,,,,,,,,,,,,,,,,,,,,,,,,,,,,,,,,,,,,,,,,,,,,,,,,,,,,,,,,,255735,,,,,311931.0
,,,,,,,,,,,,,,,,,,,,,,,,,,,,,,,,,,,,,,,,,,,,,,,,,,,,,,,,,,,,,,,,,,,,,,,,,,,258675,,,,,552949.0
,,,,,,,,,,,,,,,,,,,,,,,,,,,,,,,,,,,,,,,,,,,,,,,,,,,,,,,,,,,,,,,,,,,,,,,,,,,259015,,,,,314985.0
,,,,,,,,,,,,,,,,,,,,,,,,,,,,,,,,,,,,,,,,,,,,,,,,,,,,,,,,,,,,,,,,,,,,,,,,,,,260363,,,,,315479.0
,,,,,,,,,,,,,,,,,,,,,,,,,,,,,,,,,,,,,,,,,,,,,,,,,,,,,,,,,,,,,,,,,,,,,,,,,,,260493,,,,,316539.0
,,,,,,,,,,,,,,,,,,,,,,,,,,,,,,,,,,,,,,,,,,,,,,,,,,,,,,,,,,,,,,,,,,,,,,,,,,,260939,,,,,325023.0
,,,,,,,,,,,,,,,,,,,,,,,,,,,,,,,,,,,,,,,,,,,,,,,,,,,,,,,,,,,,,,,,,,,,,,,,,,,262889,,,,,325405.0
,,,,,,,,,,,,,,,,,,,,,,,,,,,,,,,,,,,,,,,,,,,,,,,,,,,,,,,,,,,,,,,,,,,,,,,,,,,262955,,,,,326225.0
,,,,,,,,,,,,,,,,,,,,,,,,,,,,,,,,,,,,,,,,,,,,,,,,,,,,,,,,,,,,,,,,,,,,,,,,,,,264695,,,,,326317.0
,,,,,,,,,,,,,,,,,,,,,,,,,,,,,,,,,,,,,,,,,,,,,,,,,,,,,,,,,,,,,,,,,,,,,,,,,,,264817,,,,,328125.0
,,,,,,,,,,,,,,,,,,,,,,,,,,,,,,,,,,,,,,,,,,,,,,,,,,,,,,,,,,,,,,,,,,,,,,,,,,,265939,,,,,331665.0
,,,,,,,,,,,,,,,,,,,,,,,,,,,,,,,,,,,,,,,,,,,,,,,,,,,,,,,,,,,,,,,,,,,,,,,,,,,266767,,,,,332483.0
,,,,,,,,,,,,,,,,,,,,,,,,,,,,,,,,,,,,,,,,,,,,,,,,,,,,,,,,,,,,,,,,,,,,,,,,,,,267025,,,,,334837.0
,,,,,,,,,,,,,,,,,,,,,,,,,,,,,,,,,,,,,,,,,,,,,,,,,,,,,,,,,,,,,,,,,,,,,,,,,,,268495,,,,,334917.0
,,,,,,,,,,,,,,,,,,,,,,,,,,,,,,,,,,,,,,,,,,,,,,,,,,,,,,,,,,,,,,,,,,,,,,,,,,,268649,,,,,335835.0
,,,,,,,,,,,,,,,,,,,,,,,,,,,,,,,,,,,,,,,,,,,,,,,,,,,,,,,,,,,,,,,,,,,,,,,,,,,551322,,,,,337159.0
,,,,,,,,,,,,,,,,,,,,,,,,,,,,,,,,,,,,,,,,,,,,,,,,,,,,,,,,,,,,,,,,,,,,,,,,,,,272991,,,,,340855.0
,,,,,,,,,,,,,,,,,,,,,,,,,,,,,,,,,,,,,,,,,,,,,,,,,,,,,,,,,,,,,,,,,,,,,,,,,,,273597,,,,,341033.0
,,,,,,,,,,,,,,,,,,,,,,,,,,,,,,,,,,,,,,,,,,,,,,,,,,,,,,,,,,,,,,,,,,,,,,,,,,,273969,,,,,341137.0
,,,,,,,,,,,,,,,,,,,,,,,,,,,,,,,,,,,,,,,,,,,,,,,,,,,,,,,,,,,,,,,,,,,,,,,,,,,274083,,,,,344757.0
,,,,,,,,,,,,,,,,,,,,,,,,,,,,,,,,,,,,,,,,,,,,,,,,,,,,,,,,,,,,,,,,,,,,,,,,,,,274663,,,,,345245.0
,,,,,,,,,,,,,,,,,,,,,,,,,,,,,,,,,,,,,,,,,,,,,,,,,,,,,,,,,,,,,,,,,,,,,,,,,,,275721,,,,,345471.0
,,,,,,,,,,,,,,,,,,,,,,,,,,,,,,,,,,,,,,,,,,,,,,,,,,,,,,,,,,,,,,,,,,,,,,,,,,,276593,,,,,346325.0
,,,,,,,,,,,,,,,,,,,,,,,,,,,,,,,,,,,,,,,,,,,,,,,,,,,,,,,,,,,,,,,,,,,,,,,,,,,277237,,,,,347351.0
,,,,,,,,,,,,,,,,,,,,,,,,,,,,,,,,,,,,,,,,,,,,,,,,,,,,,,,,,,,,,,,,,,,,,,,,,,,277997,,,,,349069.0
,,,,,,,,,,,,,,,,,,,,,,,,,,,,,,,,,,,,,,,,,,,,,,,,,,,,,,,,,,,,,,,,,,,,,,,,,,,279111,,,,,349941.0
,,,,,,,,,,,,,,,,,,,,,,,,,,,,,,,,,,,,,,,,,,,,,,,,,,,,,,,,,,,,,,,,,,,,,,,,,,,279799,,,,,353389.0
,,,,,,,,,,,,,,,,,,,,,,,,,,,,,,,,,,,,,,,,,,,,,,,,,,,,,,,,,,,,,,,,,,,,,,,,,,,279985,,,,,353849.0
,,,,,,,,,,,,,,,,,,,,,,,,,,,,,,,,,,,,,,,,,,,,,,,,,,,,,,,,,,,,,,,,,,,,,,,,,,,281313,,,,,353881.0
,,,,,,,,,,,,,,,,,,,,,,,,,,,,,,,,,,,,,,,,,,,,,,,,,,,,,,,,,,,,,,,,,,,,,,,,,,,281549,,,,,354683.0
,,,,,,,,,,,,,,,,,,,,,,,,,,,,,,,,,,,,,,,,,,,,,,,,,,,,,,,,,,,,,,,,,,,,,,,,,,,281743,,,,,355901.0
,,,,,,,,,,,,,,,,,,,,,,,,,,,,,,,,,,,,,,,,,,,,,,,,,,,,,,,,,,,,,,,,,,,,,,,,,,,282523,,,,,356541.0
,,,,,,,,,,,,,,,,,,,,,,,,,,,,,,,,,,,,,,,,,,,,,,,,,,,,,,,,,,,,,,,,,,,,,,,,,,,284593,,,,,358791.0
,,,,,,,,,,,,,,,,,,,,,,,,,,,,,,,,,,,,,,,,,,,,,,,,,,,,,,,,,,,,,,,,,,,,,,,,,,,285899,,,,,360291.0
,,,,,,,,,,,,,,,,,,,,,,,,,,,,,,,,,,,,,,,,,,,,,,,,,,,,,,,,,,,,,,,,,,,,,,,,,,,291201,,,,,361515.0
,,,,,,,,,,,,,,,,,,,,,,,,,,,,,,,,,,,,,,,,,,,,,,,,,,,,,,,,,,,,,,,,,,,,,,,,,,,291481,,,,,362307.0
,,,,,,,,,,,,,,,,,,,,,,,,,,,,,,,,,,,,,,,,,,,,,,,,,,,,,,,,,,,,,,,,,,,,,,,,,,,291777,,,,,362369.0
,,,,,,,,,,,,,,,,,,,,,,,,,,,,,,,,,,,,,,,,,,,,,,,,,,,,,,,,,,,,,,,,,,,,,,,,,,,291929,,,,,363083.0
,,,,,,,,,,,,,,,,,,,,,,,,,,,,,,,,,,,,,,,,,,,,,,,,,,,,,,,,,,,,,,,,,,,,,,,,,,,293985,,,,,363975.0
,,,,,,,,,,,,,,,,,,,,,,,,,,,,,,,,,,,,,,,,,,,,,,,,,,,,,,,,,,,,,,,,,,,,,,,,,,,294265,,,,,364085.0
,,,,,,,,,,,,,,,,,,,,,,,,,,,,,,,,,,,,,,,,,,,,,,,,,,,,,,,,,,,,,,,,,,,,,,,,,,,295431,,,,,370505.0
,,,,,,,,,,,,,,,,,,,,,,,,,,,,,,,,,,,,,,,,,,,,,,,,,,,,,,,,,,,,,,,,,,,,,,,,,,,295457,,,,,371471.0
,,,,,,,,,,,,,,,,,,,,,,,,,,,,,,,,,,,,,,,,,,,,,,,,,,,,,,,,,,,,,,,,,,,,,,,,,,,295555,,,,,371991.0
,,,,,,,,,,,,,,,,,,,,,,,,,,,,,,,,,,,,,,,,,,,,,,,,,,,,,,,,,,,,,,,,,,,,,,,,,,,296479,,,,,372041.0
,,,,,,,,,,,,,,,,,,,,,,,,,,,,,,,,,,,,,,,,,,,,,,,,,,,,,,,,,,,,,,,,,,,,,,,,,,,297431,,,,,372487.0
,,,,,,,,,,,,,,,,,,,,,,,,,,,,,,,,,,,,,,,,,,,,,,,,,,,,,,,,,,,,,,,,,,,,,,,,,,,297493,,,,,373799.0
,,,,,,,,,,,,,,,,,,,,,,,,,,,,,,,,,,,,,,,,,,,,,,,,,,,,,,,,,,,,,,,,,,,,,,,,,,,298447,,,,,374885.0
,,,,,,,,,,,,,,,,,,,,,,,,,,,,,,,,,,,,,,,,,,,,,,,,,,,,,,,,,,,,,,,,,,,,,,,,,,,299011,,,,,374927.0
,,,,,,,,,,,,,,,,,,,,,,,,,,,,,,,,,,,,,,,,,,,,,,,,,,,,,,,,,,,,,,,,,,,,,,,,,,,300113,,,,,375021.0
,,,,,,,,,,,,,,,,,,,,,,,,,,,,,,,,,,,,,,,,,,,,,,,,,,,,,,,,,,,,,,,,,,,,,,,,,,,552406,,,,,376371.0
,,,,,,,,,,,,,,,,,,,,,,,,,,,,,,,,,,,,,,,,,,,,,,,,,,,,,,,,,,,,,,,,,,,,,,,,,,,302735,,,,,555429.0
,,,,,,,,,,,,,,,,,,,,,,,,,,,,,,,,,,,,,,,,,,,,,,,,,,,,,,,,,,,,,,,,,,,,,,,,,,,303859,,,,,377401.0
,,,,,,,,,,,,,,,,,,,,,,,,,,,,,,,,,,,,,,,,,,,,,,,,,,,,,,,,,,,,,,,,,,,,,,,,,,,306817,,,,,377791.0
,,,,,,,,,,,,,,,,,,,,,,,,,,,,,,,,,,,,,,,,,,,,,,,,,,,,,,,,,,,,,,,,,,,,,,,,,,,308387,,,,,377913.0
,,,,,,,,,,,,,,,,,,,,,,,,,,,,,,,,,,,,,,,,,,,,,,,,,,,,,,,,,,,,,,,,,,,,,,,,,,,308537,,,,,378609.0
,,,,,,,,,,,,,,,,,,,,,,,,,,,,,,,,,,,,,,,,,,,,,,,,,,,,,,,,,,,,,,,,,,,,,,,,,,,310453,,,,,380185.0
,,,,,,,,,,,,,,,,,,,,,,,,,,,,,,,,,,,,,,,,,,,,,,,,,,,,,,,,,,,,,,,,,,,,,,,,,,,312119,,,,,381119.0
,,,,,,,,,,,,,,,,,,,,,,,,,,,,,,,,,,,,,,,,,,,,,,,,,,,,,,,,,,,,,,,,,,,,,,,,,,,312535,,,,,381325.0
,,,,,,,,,,,,,,,,,,,,,,,,,,,,,,,,,,,,,,,,,,,,,,,,,,,,,,,,,,,,,,,,,,,,,,,,,,,312725,,,,,382481.0
,,,,,,,,,,,,,,,,,,,,,,,,,,,,,,,,,,,,,,,,,,,,,,,,,,,,,,,,,,,,,,,,,,,,,,,,,,,313027,,,,,383003.0
,,,,,,,,,,,,,,,,,,,,,,,,,,,,,,,,,,,,,,,,,,,,,,,,,,,,,,,,,,,,,,,,,,,,,,,,,,,314117,,,,,385091.0
,,,,,,,,,,,,,,,,,,,,,,,,,,,,,,,,,,,,,,,,,,,,,,,,,,,,,,,,,,,,,,,,,,,,,,,,,,,316733,,,,,387149.0
,,,,,,,,,,,,,,,,,,,,,,,,,,,,,,,,,,,,,,,,,,,,,,,,,,,,,,,,,,,,,,,,,,,,,,,,,,,317727,,,,,387305.0
,,,,,,,,,,,,,,,,,,,,,,,,,,,,,,,,,,,,,,,,,,,,,,,,,,,,,,,,,,,,,,,,,,,,,,,,,,,318257,,,,,555876.0
,,,,,,,,,,,,,,,,,,,,,,,,,,,,,,,,,,,,,,,,,,,,,,,,,,,,,,,,,,,,,,,,,,,,,,,,,,,318735,,,,,388283.0
,,,,,,,,,,,,,,,,,,,,,,,,,,,,,,,,,,,,,,,,,,,,,,,,,,,,,,,,,,,,,,,,,,,,,,,,,,,319653,,,,,388845.0
,,,,,,,,,,,,,,,,,,,,,,,,,,,,,,,,,,,,,,,,,,,,,,,,,,,,,,,,,,,,,,,,,,,,,,,,,,,321649,,,,,555960.0
,,,,,,,,,,,,,,,,,,,,,,,,,,,,,,,,,,,,,,,,,,,,,,,,,,,,,,,,,,,,,,,,,,,,,,,,,,,324155,,,,,389875.0
,,,,,,,,,,,,,,,,,,,,,,,,,,,,,,,,,,,,,,,,,,,,,,,,,,,,,,,,,,,,,,,,,,,,,,,,,,,326107,,,,,555987.0
,,,,,,,,,,,,,,,,,,,,,,,,,,,,,,,,,,,,,,,,,,,,,,,,,,,,,,,,,,,,,,,,,,,,,,,,,,,326385,,,,,390977.0
,,,,,,,,,,,,,,,,,,,,,,,,,,,,,,,,,,,,,,,,,,,,,,,,,,,,,,,,,,,,,,,,,,,,,,,,,,,326933,,,,,391253.0
,,,,,,,,,,,,,,,,,,,,,,,,,,,,,,,,,,,,,,,,,,,,,,,,,,,,,,,,,,,,,,,,,,,,,,,,,,,330269,,,,,393819.0
,,,,,,,,,,,,,,,,,,,,,,,,,,,,,,,,,,,,,,,,,,,,,,,,,,,,,,,,,,,,,,,,,,,,,,,,,,,334345,,,,,394903.0
,,,,,,,,,,,,,,,,,,,,,,,,,,,,,,,,,,,,,,,,,,,,,,,,,,,,,,,,,,,,,,,,,,,,,,,,,,,334717,,,,,396755.0
,,,,,,,,,,,,,,,,,,,,,,,,,,,,,,,,,,,,,,,,,,,,,,,,,,,,,,,,,,,,,,,,,,,,,,,,,,,334997,,,,,397679.0
,,,,,,,,,,,,,,,,,,,,,,,,,,,,,,,,,,,,,,,,,,,,,,,,,,,,,,,,,,,,,,,,,,,,,,,,,,,339037,,,,,397973.0
,,,,,,,,,,,,,,,,,,,,,,,,,,,,,,,,,,,,,,,,,,,,,,,,,,,,,,,,,,,,,,,,,,,,,,,,,,,339775,,,,,398309.0
,,,,,,,,,,,,,,,,,,,,,,,,,,,,,,,,,,,,,,,,,,,,,,,,,,,,,,,,,,,,,,,,,,,,,,,,,,,339921,,,,,399261.0
,,,,,,,,,,,,,,,,,,,,,,,,,,,,,,,,,,,,,,,,,,,,,,,,,,,,,,,,,,,,,,,,,,,,,,,,,,,340557,,,,,399477.0
,,,,,,,,,,,,,,,,,,,,,,,,,,,,,,,,,,,,,,,,,,,,,,,,,,,,,,,,,,,,,,,,,,,,,,,,,,,340639,,,,,399511.0
,,,,,,,,,,,,,,,,,,,,,,,,,,,,,,,,,,,,,,,,,,,,,,,,,,,,,,,,,,,,,,,,,,,,,,,,,,,340893,,,,,402349.0
,,,,,,,,,,,,,,,,,,,,,,,,,,,,,,,,,,,,,,,,,,,,,,,,,,,,,,,,,,,,,,,,,,,,,,,,,,,341285,,,,,403219.0
,,,,,,,,,,,,,,,,,,,,,,,,,,,,,,,,,,,,,,,,,,,,,,,,,,,,,,,,,,,,,,,,,,,,,,,,,,,342081,,,,,404771.0
,,,,,,,,,,,,,,,,,,,,,,,,,,,,,,,,,,,,,,,,,,,,,,,,,,,,,,,,,,,,,,,,,,,,,,,,,,,342965,,,,,405095.0
,,,,,,,,,,,,,,,,,,,,,,,,,,,,,,,,,,,,,,,,,,,,,,,,,,,,,,,,,,,,,,,,,,,,,,,,,,,343049,,,,,406461.0
,,,,,,,,,,,,,,,,,,,,,,,,,,,,,,,,,,,,,,,,,,,,,,,,,,,,,,,,,,,,,,,,,,,,,,,,,,,343553,,,,,407393.0
,,,,,,,,,,,,,,,,,,,,,,,,,,,,,,,,,,,,,,,,,,,,,,,,,,,,,,,,,,,,,,,,,,,,,,,,,,,344081,,,,,556794.0
,,,,,,,,,,,,,,,,,,,,,,,,,,,,,,,,,,,,,,,,,,,,,,,,,,,,,,,,,,,,,,,,,,,,,,,,,,,346571,,,,,411839.0
,,,,,,,,,,,,,,,,,,,,,,,,,,,,,,,,,,,,,,,,,,,,,,,,,,,,,,,,,,,,,,,,,,,,,,,,,,,347547,,,,,412521.0
,,,,,,,,,,,,,,,,,,,,,,,,,,,,,,,,,,,,,,,,,,,,,,,,,,,,,,,,,,,,,,,,,,,,,,,,,,,347689,,,,,412549.0
,,,,,,,,,,,,,,,,,,,,,,,,,,,,,,,,,,,,,,,,,,,,,,,,,,,,,,,,,,,,,,,,,,,,,,,,,,,348623,,,,,414681.0
,,,,,,,,,,,,,,,,,,,,,,,,,,,,,,,,,,,,,,,,,,,,,,,,,,,,,,,,,,,,,,,,,,,,,,,,,,,352113,,,,,415171.0
,,,,,,,,,,,,,,,,,,,,,,,,,,,,,,,,,,,,,,,,,,,,,,,,,,,,,,,,,,,,,,,,,,,,,,,,,,,352511,,,,,423129.0
,,,,,,,,,,,,,,,,,,,,,,,,,,,,,,,,,,,,,,,,,,,,,,,,,,,,,,,,,,,,,,,,,,,,,,,,,,,357897,,,,,424677.0
,,,,,,,,,,,,,,,,,,,,,,,,,,,,,,,,,,,,,,,,,,,,,,,,,,,,,,,,,,,,,,,,,,,,,,,,,,,358391,,,,,425635.0
,,,,,,,,,,,,,,,,,,,,,,,,,,,,,,,,,,,,,,,,,,,,,,,,,,,,,,,,,,,,,,,,,,,,,,,,,,,359309,,,,,426729.0
,,,,,,,,,,,,,,,,,,,,,,,,,,,,,,,,,,,,,,,,,,,,,,,,,,,,,,,,,,,,,,,,,,,,,,,,,,,360653,,,,,427933.0
,,,,,,,,,,,,,,,,,,,,,,,,,,,,,,,,,,,,,,,,,,,,,,,,,,,,,,,,,,,,,,,,,,,,,,,,,,,362461,,,,,428045.0
,,,,,,,,,,,,,,,,,,,,,,,,,,,,,,,,,,,,,,,,,,,,,,,,,,,,,,,,,,,,,,,,,,,,,,,,,,,362645,,,,,430013.0
,,,,,,,,,,,,,,,,,,,,,,,,,,,,,,,,,,,,,,,,,,,,,,,,,,,,,,,,,,,,,,,,,,,,,,,,,,,362839,,,,,430355.0
,,,,,,,,,,,,,,,,,,,,,,,,,,,,,,,,,,,,,,,,,,,,,,,,,,,,,,,,,,,,,,,,,,,,,,,,,,,363049,,,,,432573.0
,,,,,,,,,,,,,,,,,,,,,,,,,,,,,,,,,,,,,,,,,,,,,,,,,,,,,,,,,,,,,,,,,,,,,,,,,,,363121,,,,,432917.0
,,,,,,,,,,,,,,,,,,,,,,,,,,,,,,,,,,,,,,,,,,,,,,,,,,,,,,,,,,,,,,,,,,,,,,,,,,,554881,,,,,433135.0
,,,,,,,,,,,,,,,,,,,,,,,,,,,,,,,,,,,,,,,,,,,,,,,,,,,,,,,,,,,,,,,,,,,,,,,,,,,363389,,,,,433303.0
,,,,,,,,,,,,,,,,,,,,,,,,,,,,,,,,,,,,,,,,,,,,,,,,,,,,,,,,,,,,,,,,,,,,,,,,,,,554893,,,,,434595.0
,,,,,,,,,,,,,,,,,,,,,,,,,,,,,,,,,,,,,,,,,,,,,,,,,,,,,,,,,,,,,,,,,,,,,,,,,,,364571,,,,,435567.0
,,,,,,,,,,,,,,,,,,,,,,,,,,,,,,,,,,,,,,,,,,,,,,,,,,,,,,,,,,,,,,,,,,,,,,,,,,,364655,,,,,435751.0
,,,,,,,,,,,,,,,,,,,,,,,,,,,,,,,,,,,,,,,,,,,,,,,,,,,,,,,,,,,,,,,,,,,,,,,,,,,364669,,,,,436263.0
,,,,,,,,,,,,,,,,,,,,,,,,,,,,,,,,,,,,,,,,,,,,,,,,,,,,,,,,,,,,,,,,,,,,,,,,,,,366079,,,,,436819.0
,,,,,,,,,,,,,,,,,,,,,,,,,,,,,,,,,,,,,,,,,,,,,,,,,,,,,,,,,,,,,,,,,,,,,,,,,,,555094,,,,,437849.0
,,,,,,,,,,,,,,,,,,,,,,,,,,,,,,,,,,,,,,,,,,,,,,,,,,,,,,,,,,,,,,,,,,,,,,,,,,,369223,,,,,438713.0
,,,,,,,,,,,,,,,,,,,,,,,,,,,,,,,,,,,,,,,,,,,,,,,,,,,,,,,,,,,,,,,,,,,,,,,,,,,369693,,,,,439875.0
,,,,,,,,,,,,,,,,,,,,,,,,,,,,,,,,,,,,,,,,,,,,,,,,,,,,,,,,,,,,,,,,,,,,,,,,,,,369781,,,,,441197.0
,,,,,,,,,,,,,,,,,,,,,,,,,,,,,,,,,,,,,,,,,,,,,,,,,,,,,,,,,,,,,,,,,,,,,,,,,,,373217,,,,,441895.0
,,,,,,,,,,,,,,,,,,,,,,,,,,,,,,,,,,,,,,,,,,,,,,,,,,,,,,,,,,,,,,,,,,,,,,,,,,,373247,,,,,442153.0
,,,,,,,,,,,,,,,,,,,,,,,,,,,,,,,,,,,,,,,,,,,,,,,,,,,,,,,,,,,,,,,,,,,,,,,,,,,373253,,,,,442771.0
,,,,,,,,,,,,,,,,,,,,,,,,,,,,,,,,,,,,,,,,,,,,,,,,,,,,,,,,,,,,,,,,,,,,,,,,,,,374535,,,,,443729.0
,,,,,,,,,,,,,,,,,,,,,,,,,,,,,,,,,,,,,,,,,,,,,,,,,,,,,,,,,,,,,,,,,,,,,,,,,,,374755,,,,,444479.0
,,,,,,,,,,,,,,,,,,,,,,,,,,,,,,,,,,,,,,,,,,,,,,,,,,,,,,,,,,,,,,,,,,,,,,,,,,,376137,,,,,444503.0
,,,,,,,,,,,,,,,,,,,,,,,,,,,,,,,,,,,,,,,,,,,,,,,,,,,,,,,,,,,,,,,,,,,,,,,,,,,376461,,,,,446247.0
,,,,,,,,,,,,,,,,,,,,,,,,,,,,,,,,,,,,,,,,,,,,,,,,,,,,,,,,,,,,,,,,,,,,,,,,,,,376811,,,,,446527.0
,,,,,,,,,,,,,,,,,,,,,,,,,,,,,,,,,,,,,,,,,,,,,,,,,,,,,,,,,,,,,,,,,,,,,,,,,,,555424,,,,,446653.0
,,,,,,,,,,,,,,,,,,,,,,,,,,,,,,,,,,,,,,,,,,,,,,,,,,,,,,,,,,,,,,,,,,,,,,,,,,,377513,,,,,447173.0
,,,,,,,,,,,,,,,,,,,,,,,,,,,,,,,,,,,,,,,,,,,,,,,,,,,,,,,,,,,,,,,,,,,,,,,,,,,378893,,,,,447495.0
,,,,,,,,,,,,,,,,,,,,,,,,,,,,,,,,,,,,,,,,,,,,,,,,,,,,,,,,,,,,,,,,,,,,,,,,,,,380585,,,,,449437.0
,,,,,,,,,,,,,,,,,,,,,,,,,,,,,,,,,,,,,,,,,,,,,,,,,,,,,,,,,,,,,,,,,,,,,,,,,,,381403,,,,,450709.0
,,,,,,,,,,,,,,,,,,,,,,,,,,,,,,,,,,,,,,,,,,,,,,,,,,,,,,,,,,,,,,,,,,,,,,,,,,,383155,,,,,452361.0
,,,,,,,,,,,,,,,,,,,,,,,,,,,,,,,,,,,,,,,,,,,,,,,,,,,,,,,,,,,,,,,,,,,,,,,,,,,555751,,,,,453507.0
,,,,,,,,,,,,,,,,,,,,,,,,,,,,,,,,,,,,,,,,,,,,,,,,,,,,,,,,,,,,,,,,,,,,,,,,,,,386089,,,,,454061.0
,,,,,,,,,,,,,,,,,,,,,,,,,,,,,,,,,,,,,,,,,,,,,,,,,,,,,,,,,,,,,,,,,,,,,,,,,,,388289,,,,,457687.0
,,,,,,,,,,,,,,,,,,,,,,,,,,,,,,,,,,,,,,,,,,,,,,,,,,,,,,,,,,,,,,,,,,,,,,,,,,,388509,,,,,457789.0
,,,,,,,,,,,,,,,,,,,,,,,,,,,,,,,,,,,,,,,,,,,,,,,,,,,,,,,,,,,,,,,,,,,,,,,,,,,555903,,,,,460911.0
,,,,,,,,,,,,,,,,,,,,,,,,,,,,,,,,,,,,,,,,,,,,,,,,,,,,,,,,,,,,,,,,,,,,,,,,,,,390547,,,,,461967.0
,,,,,,,,,,,,,,,,,,,,,,,,,,,,,,,,,,,,,,,,,,,,,,,,,,,,,,,,,,,,,,,,,,,,,,,,,,,390609,,,,,462893.0
,,,,,,,,,,,,,,,,,,,,,,,,,,,,,,,,,,,,,,,,,,,,,,,,,,,,,,,,,,,,,,,,,,,,,,,,,,,391163,,,,,463143.0
,,,,,,,,,,,,,,,,,,,,,,,,,,,,,,,,,,,,,,,,,,,,,,,,,,,,,,,,,,,,,,,,,,,,,,,,,,,391523,,,,,467085.0
,,,,,,,,,,,,,,,,,,,,,,,,,,,,,,,,,,,,,,,,,,,,,,,,,,,,,,,,,,,,,,,,,,,,,,,,,,,391855,,,,,467619.0
,,,,,,,,,,,,,,,,,,,,,,,,,,,,,,,,,,,,,,,,,,,,,,,,,,,,,,,,,,,,,,,,,,,,,,,,,,,392245,,,,,468963.0
,,,,,,,,,,,,,,,,,,,,,,,,,,,,,,,,,,,,,,,,,,,,,,,,,,,,,,,,,,,,,,,,,,,,,,,,,,,393605,,,,,469001.0
,,,,,,,,,,,,,,,,,,,,,,,,,,,,,,,,,,,,,,,,,,,,,,,,,,,,,,,,,,,,,,,,,,,,,,,,,,,556275,,,,,470891.0
,,,,,,,,,,,,,,,,,,,,,,,,,,,,,,,,,,,,,,,,,,,,,,,,,,,,,,,,,,,,,,,,,,,,,,,,,,,397499,,,,,471479.0
,,,,,,,,,,,,,,,,,,,,,,,,,,,,,,,,,,,,,,,,,,,,,,,,,,,,,,,,,,,,,,,,,,,,,,,,,,,398451,,,,,473065.0
,,,,,,,,,,,,,,,,,,,,,,,,,,,,,,,,,,,,,,,,,,,,,,,,,,,,,,,,,,,,,,,,,,,,,,,,,,,399999,,,,,473449.0
,,,,,,,,,,,,,,,,,,,,,,,,,,,,,,,,,,,,,,,,,,,,,,,,,,,,,,,,,,,,,,,,,,,,,,,,,,,556404,,,,,477221.0
,,,,,,,,,,,,,,,,,,,,,,,,,,,,,,,,,,,,,,,,,,,,,,,,,,,,,,,,,,,,,,,,,,,,,,,,,,,402881,,,,,477387.0
,,,,,,,,,,,,,,,,,,,,,,,,,,,,,,,,,,,,,,,,,,,,,,,,,,,,,,,,,,,,,,,,,,,,,,,,,,,403675,,,,,478229.0
,,,,,,,,,,,,,,,,,,,,,,,,,,,,,,,,,,,,,,,,,,,,,,,,,,,,,,,,,,,,,,,,,,,,,,,,,,,404141,,,,,478609.0
,,,,,,,,,,,,,,,,,,,,,,,,,,,,,,,,,,,,,,,,,,,,,,,,,,,,,,,,,,,,,,,,,,,,,,,,,,,405215,,,,,479357.0
,,,,,,,,,,,,,,,,,,,,,,,,,,,,,,,,,,,,,,,,,,,,,,,,,,,,,,,,,,,,,,,,,,,,,,,,,,,405717,,,,,480169.0
,,,,,,,,,,,,,,,,,,,,,,,,,,,,,,,,,,,,,,,,,,,,,,,,,,,,,,,,,,,,,,,,,,,,,,,,,,,405845,,,,,482249.0
,,,,,,,,,,,,,,,,,,,,,,,,,,,,,,,,,,,,,,,,,,,,,,,,,,,,,,,,,,,,,,,,,,,,,,,,,,,406377,,,,,487021.0
,,,,,,,,,,,,,,,,,,,,,,,,,,,,,,,,,,,,,,,,,,,,,,,,,,,,,,,,,,,,,,,,,,,,,,,,,,,407187,,,,,488709.0
,,,,,,,,,,,,,,,,,,,,,,,,,,,,,,,,,,,,,,,,,,,,,,,,,,,,,,,,,,,,,,,,,,,,,,,,,,,407805,,,,,490299.0
,,,,,,,,,,,,,,,,,,,,,,,,,,,,,,,,,,,,,,,,,,,,,,,,,,,,,,,,,,,,,,,,,,,,,,,,,,,408309,,,,,491691.0
,,,,,,,,,,,,,,,,,,,,,,,,,,,,,,,,,,,,,,,,,,,,,,,,,,,,,,,,,,,,,,,,,,,,,,,,,,,409609,,,,,492183.0
,,,,,,,,,,,,,,,,,,,,,,,,,,,,,,,,,,,,,,,,,,,,,,,,,,,,,,,,,,,,,,,,,,,,,,,,,,,409891,,,,,493581.0
,,,,,,,,,,,,,,,,,,,,,,,,,,,,,,,,,,,,,,,,,,,,,,,,,,,,,,,,,,,,,,,,,,,,,,,,,,,410173,,,,,494823.0
,,,,,,,,,,,,,,,,,,,,,,,,,,,,,,,,,,,,,,,,,,,,,,,,,,,,,,,,,,,,,,,,,,,,,,,,,,,410799,,,,,495317.0
,,,,,,,,,,,,,,,,,,,,,,,,,,,,,,,,,,,,,,,,,,,,,,,,,,,,,,,,,,,,,,,,,,,,,,,,,,,411117,,,,,497161.0
,,,,,,,,,,,,,,,,,,,,,,,,,,,,,,,,,,,,,,,,,,,,,,,,,,,,,,,,,,,,,,,,,,,,,,,,,,,413111,,,,,498055.0
,,,,,,,,,,,,,,,,,,,,,,,,,,,,,,,,,,,,,,,,,,,,,,,,,,,,,,,,,,,,,,,,,,,,,,,,,,,415451,,,,,498167.0
,,,,,,,,,,,,,,,,,,,,,,,,,,,,,,,,,,,,,,,,,,,,,,,,,,,,,,,,,,,,,,,,,,,,,,,,,,,415775,,,,,501059.0
,,,,,,,,,,,,,,,,,,,,,,,,,,,,,,,,,,,,,,,,,,,,,,,,,,,,,,,,,,,,,,,,,,,,,,,,,,,416079,,,,,501653.0
,,,,,,,,,,,,,,,,,,,,,,,,,,,,,,,,,,,,,,,,,,,,,,,,,,,,,,,,,,,,,,,,,,,,,,,,,,,416425,,,,,501745.0
,,,,,,,,,,,,,,,,,,,,,,,,,,,,,,,,,,,,,,,,,,,,,,,,,,,,,,,,,,,,,,,,,,,,,,,,,,,420439,,,,,560611.0
,,,,,,,,,,,,,,,,,,,,,,,,,,,,,,,,,,,,,,,,,,,,,,,,,,,,,,,,,,,,,,,,,,,,,,,,,,,421753,,,,,505491.0
,,,,,,,,,,,,,,,,,,,,,,,,,,,,,,,,,,,,,,,,,,,,,,,,,,,,,,,,,,,,,,,,,,,,,,,,,,,422309,,,,,506365.0
,,,,,,,,,,,,,,,,,,,,,,,,,,,,,,,,,,,,,,,,,,,,,,,,,,,,,,,,,,,,,,,,,,,,,,,,,,,423247,,,,,510311.0
,,,,,,,,,,,,,,,,,,,,,,,,,,,,,,,,,,,,,,,,,,,,,,,,,,,,,,,,,,,,,,,,,,,,,,,,,,,423985,,,,,510549.0
,,,,,,,,,,,,,,,,,,,,,,,,,,,,,,,,,,,,,,,,,,,,,,,,,,,,,,,,,,,,,,,,,,,,,,,,,,,425369,,,,,511529.0
,,,,,,,,,,,,,,,,,,,,,,,,,,,,,,,,,,,,,,,,,,,,,,,,,,,,,,,,,,,,,,,,,,,,,,,,,,,426099,,,,,513493.0
,,,,,,,,,,,,,,,,,,,,,,,,,,,,,,,,,,,,,,,,,,,,,,,,,,,,,,,,,,,,,,,,,,,,,,,,,,,426493,,,,,514897.0
,,,,,,,,,,,,,,,,,,,,,,,,,,,,,,,,,,,,,,,,,,,,,,,,,,,,,,,,,,,,,,,,,,,,,,,,,,,426775,,,,,515263.0
,,,,,,,,,,,,,,,,,,,,,,,,,,,,,,,,,,,,,,,,,,,,,,,,,,,,,,,,,,,,,,,,,,,,,,,,,,,427501,,,,,516171.0
,,,,,,,,,,,,,,,,,,,,,,,,,,,,,,,,,,,,,,,,,,,,,,,,,,,,,,,,,,,,,,,,,,,,,,,,,,,427579,,,,,520625.0
,,,,,,,,,,,,,,,,,,,,,,,,,,,,,,,,,,,,,,,,,,,,,,,,,,,,,,,,,,,,,,,,,,,,,,,,,,,428721,,,,,520671.0
,,,,,,,,,,,,,,,,,,,,,,,,,,,,,,,,,,,,,,,,,,,,,,,,,,,,,,,,,,,,,,,,,,,,,,,,,,,429215,,,,,522397.0
,,,,,,,,,,,,,,,,,,,,,,,,,,,,,,,,,,,,,,,,,,,,,,,,,,,,,,,,,,,,,,,,,,,,,,,,,,,429647,,,,,524979.0
,,,,,,,,,,,,,,,,,,,,,,,,,,,,,,,,,,,,,,,,,,,,,,,,,,,,,,,,,,,,,,,,,,,,,,,,,,,430551,,,,,525377.0
,,,,,,,,,,,,,,,,,,,,,,,,,,,,,,,,,,,,,,,,,,,,,,,,,,,,,,,,,,,,,,,,,,,,,,,,,,,431509,,,,,561556.0
,,,,,,,,,,,,,,,,,,,,,,,,,,,,,,,,,,,,,,,,,,,,,,,,,,,,,,,,,,,,,,,,,,,,,,,,,,,431645,,,,,527203.0
,,,,,,,,,,,,,,,,,,,,,,,,,,,,,,,,,,,,,,,,,,,,,,,,,,,,,,,,,,,,,,,,,,,,,,,,,,,433725,,,,,528315.0
,,,,,,,,,,,,,,,,,,,,,,,,,,,,,,,,,,,,,,,,,,,,,,,,,,,,,,,,,,,,,,,,,,,,,,,,,,,435605,,,,,529717.0
,,,,,,,,,,,,,,,,,,,,,,,,,,,,,,,,,,,,,,,,,,,,,,,,,,,,,,,,,,,,,,,,,,,,,,,,,,,435833,,,,,531237.0
,,,,,,,,,,,,,,,,,,,,,,,,,,,,,,,,,,,,,,,,,,,,,,,,,,,,,,,,,,,,,,,,,,,,,,,,,,,437757,,,,,531549.0
,,,,,,,,,,,,,,,,,,,,,,,,,,,,,,,,,,,,,,,,,,,,,,,,,,,,,,,,,,,,,,,,,,,,,,,,,,,437877,,,,,532327.0
,,,,,,,,,,,,,,,,,,,,,,,,,,,,,,,,,,,,,,,,,,,,,,,,,,,,,,,,,,,,,,,,,,,,,,,,,,,440073,,,,,533087.0
,,,,,,,,,,,,,,,,,,,,,,,,,,,,,,,,,,,,,,,,,,,,,,,,,,,,,,,,,,,,,,,,,,,,,,,,,,,440469,,,,,561867.0
,,,,,,,,,,,,,,,,,,,,,,,,,,,,,,,,,,,,,,,,,,,,,,,,,,,,,,,,,,,,,,,,,,,,,,,,,,,442101,,,,,534921.0
,,,,,,,,,,,,,,,,,,,,,,,,,,,,,,,,,,,,,,,,,,,,,,,,,,,,,,,,,,,,,,,,,,,,,,,,,,,443331,,,,,535229.0
,,,,,,,,,,,,,,,,,,,,,,,,,,,,,,,,,,,,,,,,,,,,,,,,,,,,,,,,,,,,,,,,,,,,,,,,,,,444045,,,,,535355.0
,,,,,,,,,,,,,,,,,,,,,,,,,,,,,,,,,,,,,,,,,,,,,,,,,,,,,,,,,,,,,,,,,,,,,,,,,,,445271,,,,,535443.0
,,,,,,,,,,,,,,,,,,,,,,,,,,,,,,,,,,,,,,,,,,,,,,,,,,,,,,,,,,,,,,,,,,,,,,,,,,,447113,,,,,535477.0
,,,,,,,,,,,,,,,,,,,,,,,,,,,,,,,,,,,,,,,,,,,,,,,,,,,,,,,,,,,,,,,,,,,,,,,,,,,447513,,,,,536773.0
,,,,,,,,,,,,,,,,,,,,,,,,,,,,,,,,,,,,,,,,,,,,,,,,,,,,,,,,,,,,,,,,,,,,,,,,,,,449133,,,,,540237.0
,,,,,,,,,,,,,,,,,,,,,,,,,,,,,,,,,,,,,,,,,,,,,,,,,,,,,,,,,,,,,,,,,,,,,,,,,,,449609,,,,,540245.0
,,,,,,,,,,,,,,,,,,,,,,,,,,,,,,,,,,,,,,,,,,,,,,,,,,,,,,,,,,,,,,,,,,,,,,,,,,,449749,,,,,540285.0
,,,,,,,,,,,,,,,,,,,,,,,,,,,,,,,,,,,,,,,,,,,,,,,,,,,,,,,,,,,,,,,,,,,,,,,,,,,451681,,,,,
,,,,,,,,,,,,,,,,,,,,,,,,,,,,,,,,,,,,,,,,,,,,,,,,,,,,,,,,,,,,,,,,,,,,,,,,,,,453119,,,,,
,,,,,,,,,,,,,,,,,,,,,,,,,,,,,,,,,,,,,,,,,,,,,,,,,,,,,,,,,,,,,,,,,,,,,,,,,,,558558,,,,,
,,,,,,,,,,,,,,,,,,,,,,,,,,,,,,,,,,,,,,,,,,,,,,,,,,,,,,,,,,,,,,,,,,,,,,,,,,,454141,,,,,
,,,,,,,,,,,,,,,,,,,,,,,,,,,,,,,,,,,,,,,,,,,,,,,,,,,,,,,,,,,,,,,,,,,,,,,,,,,458203,,,,,
,,,,,,,,,,,,,,,,,,,,,,,,,,,,,,,,,,,,,,,,,,,,,,,,,,,,,,,,,,,,,,,,,,,,,,,,,,,459115,,,,,
,,,,,,,,,,,,,,,,,,,,,,,,,,,,,,,,,,,,,,,,,,,,,,,,,,,,,,,,,,,,,,,,,,,,,,,,,,,461075,,,,,
,,,,,,,,,,,,,,,,,,,,,,,,,,,,,,,,,,,,,,,,,,,,,,,,,,,,,,,,,,,,,,,,,,,,,,,,,,,461759,,,,,
,,,,,,,,,,,,,,,,,,,,,,,,,,,,,,,,,,,,,,,,,,,,,,,,,,,,,,,,,,,,,,,,,,,,,,,,,,,462329,,,,,
,,,,,,,,,,,,,,,,,,,,,,,,,,,,,,,,,,,,,,,,,,,,,,,,,,,,,,,,,,,,,,,,,,,,,,,,,,,462637,,,,,
,,,,,,,,,,,,,,,,,,,,,,,,,,,,,,,,,,,,,,,,,,,,,,,,,,,,,,,,,,,,,,,,,,,,,,,,,,,462759,,,,,
,,,,,,,,,,,,,,,,,,,,,,,,,,,,,,,,,,,,,,,,,,,,,,,,,,,,,,,,,,,,,,,,,,,,,,,,,,,463435,,,,,
,,,,,,,,,,,,,,,,,,,,,,,,,,,,,,,,,,,,,,,,,,,,,,,,,,,,,,,,,,,,,,,,,,,,,,,,,,,464895,,,,,
,,,,,,,,,,,,,,,,,,,,,,,,,,,,,,,,,,,,,,,,,,,,,,,,,,,,,,,,,,,,,,,,,,,,,,,,,,,465731,,,,,
,,,,,,,,,,,,,,,,,,,,,,,,,,,,,,,,,,,,,,,,,,,,,,,,,,,,,,,,,,,,,,,,,,,,,,,,,,,467831,,,,,
,,,,,,,,,,,,,,,,,,,,,,,,,,,,,,,,,,,,,,,,,,,,,,,,,,,,,,,,,,,,,,,,,,,,,,,,,,,468493,,,,,
,,,,,,,,,,,,,,,,,,,,,,,,,,,,,,,,,,,,,,,,,,,,,,,,,,,,,,,,,,,,,,,,,,,,,,,,,,,468591,,,,,
,,,,,,,,,,,,,,,,,,,,,,,,,,,,,,,,,,,,,,,,,,,,,,,,,,,,,,,,,,,,,,,,,,,,,,,,,,,469943,,,,,
,,,,,,,,,,,,,,,,,,,,,,,,,,,,,,,,,,,,,,,,,,,,,,,,,,,,,,,,,,,,,,,,,,,,,,,,,,,470795,,,,,
,,,,,,,,,,,,,,,,,,,,,,,,,,,,,,,,,,,,,,,,,,,,,,,,,,,,,,,,,,,,,,,,,,,,,,,,,,,471179,,,,,
,,,,,,,,,,,,,,,,,,,,,,,,,,,,,,,,,,,,,,,,,,,,,,,,,,,,,,,,,,,,,,,,,,,,,,,,,,,473041,,,,,
,,,,,,,,,,,,,,,,,,,,,,,,,,,,,,,,,,,,,,,,,,,,,,,,,,,,,,,,,,,,,,,,,,,,,,,,,,,473975,,,,,
,,,,,,,,,,,,,,,,,,,,,,,,,,,,,,,,,,,,,,,,,,,,,,,,,,,,,,,,,,,,,,,,,,,,,,,,,,,474603,,,,,
,,,,,,,,,,,,,,,,,,,,,,,,,,,,,,,,,,,,,,,,,,,,,,,,,,,,,,,,,,,,,,,,,,,,,,,,,,,475023,,,,,
,,,,,,,,,,,,,,,,,,,,,,,,,,,,,,,,,,,,,,,,,,,,,,,,,,,,,,,,,,,,,,,,,,,,,,,,,,,476329,,,,,
,,,,,,,,,,,,,,,,,,,,,,,,,,,,,,,,,,,,,,,,,,,,,,,,,,,,,,,,,,,,,,,,,,,,,,,,,,,476817,,,,,
,,,,,,,,,,,,,,,,,,,,,,,,,,,,,,,,,,,,,,,,,,,,,,,,,,,,,,,,,,,,,,,,,,,,,,,,,,,476975,,,,,
,,,,,,,,,,,,,,,,,,,,,,,,,,,,,,,,,,,,,,,,,,,,,,,,,,,,,,,,,,,,,,,,,,,,,,,,,,,478103,,,,,
,,,,,,,,,,,,,,,,,,,,,,,,,,,,,,,,,,,,,,,,,,,,,,,,,,,,,,,,,,,,,,,,,,,,,,,,,,,478809,,,,,
,,,,,,,,,,,,,,,,,,,,,,,,,,,,,,,,,,,,,,,,,,,,,,,,,,,,,,,,,,,,,,,,,,,,,,,,,,,479551,,,,,
,,,,,,,,,,,,,,,,,,,,,,,,,,,,,,,,,,,,,,,,,,,,,,,,,,,,,,,,,,,,,,,,,,,,,,,,,,,480255,,,,,
,,,,,,,,,,,,,,,,,,,,,,,,,,,,,,,,,,,,,,,,,,,,,,,,,,,,,,,,,,,,,,,,,,,,,,,,,,,480337,,,,,
,,,,,,,,,,,,,,,,,,,,,,,,,,,,,,,,,,,,,,,,,,,,,,,,,,,,,,,,,,,,,,,,,,,,,,,,,,,481421,,,,,
,,,,,,,,,,,,,,,,,,,,,,,,,,,,,,,,,,,,,,,,,,,,,,,,,,,,,,,,,,,,,,,,,,,,,,,,,,,487567,,,,,
,,,,,,,,,,,,,,,,,,,,,,,,,,,,,,,,,,,,,,,,,,,,,,,,,,,,,,,,,,,,,,,,,,,,,,,,,,,487817,,,,,
,,,,,,,,,,,,,,,,,,,,,,,,,,,,,,,,,,,,,,,,,,,,,,,,,,,,,,,,,,,,,,,,,,,,,,,,,,,491081,,,,,
,,,,,,,,,,,,,,,,,,,,,,,,,,,,,,,,,,,,,,,,,,,,,,,,,,,,,,,,,,,,,,,,,,,,,,,,,,,491585,,,,,
,,,,,,,,,,,,,,,,,,,,,,,,,,,,,,,,,,,,,,,,,,,,,,,,,,,,,,,,,,,,,,,,,,,,,,,,,,,491587,,,,,
,,,,,,,,,,,,,,,,,,,,,,,,,,,,,,,,,,,,,,,,,,,,,,,,,,,,,,,,,,,,,,,,,,,,,,,,,,,492529,,,,,
,,,,,,,,,,,,,,,,,,,,,,,,,,,,,,,,,,,,,,,,,,,,,,,,,,,,,,,,,,,,,,,,,,,,,,,,,,,492715,,,,,
,,,,,,,,,,,,,,,,,,,,,,,,,,,,,,,,,,,,,,,,,,,,,,,,,,,,,,,,,,,,,,,,,,,,,,,,,,,497281,,,,,
,,,,,,,,,,,,,,,,,,,,,,,,,,,,,,,,,,,,,,,,,,,,,,,,,,,,,,,,,,,,,,,,,,,,,,,,,,,499285,,,,,
,,,,,,,,,,,,,,,,,,,,,,,,,,,,,,,,,,,,,,,,,,,,,,,,,,,,,,,,,,,,,,,,,,,,,,,,,,,499811,,,,,
,,,,,,,,,,,,,,,,,,,,,,,,,,,,,,,,,,,,,,,,,,,,,,,,,,,,,,,,,,,,,,,,,,,,,,,,,,,500743,,,,,
,,,,,,,,,,,,,,,,,,,,,,,,,,,,,,,,,,,,,,,,,,,,,,,,,,,,,,,,,,,,,,,,,,,,,,,,,,,501829,,,,,
,,,,,,,,,,,,,,,,,,,,,,,,,,,,,,,,,,,,,,,,,,,,,,,,,,,,,,,,,,,,,,,,,,,,,,,,,,,502207,,,,,
,,,,,,,,,,,,,,,,,,,,,,,,,,,,,,,,,,,,,,,,,,,,,,,,,,,,,,,,,,,,,,,,,,,,,,,,,,,503591,,,,,
,,,,,,,,,,,,,,,,,,,,,,,,,,,,,,,,,,,,,,,,,,,,,,,,,,,,,,,,,,,,,,,,,,,,,,,,,,,506029,,,,,
,,,,,,,,,,,,,,,,,,,,,,,,,,,,,,,,,,,,,,,,,,,,,,,,,,,,,,,,,,,,,,,,,,,,,,,,,,,506711,,,,,
,,,,,,,,,,,,,,,,,,,,,,,,,,,,,,,,,,,,,,,,,,,,,,,,,,,,,,,,,,,,,,,,,,,,,,,,,,,508927,,,,,
,,,,,,,,,,,,,,,,,,,,,,,,,,,,,,,,,,,,,,,,,,,,,,,,,,,,,,,,,,,,,,,,,,,,,,,,,,,509171,,,,,
,,,,,,,,,,,,,,,,,,,,,,,,,,,,,,,,,,,,,,,,,,,,,,,,,,,,,,,,,,,,,,,,,,,,,,,,,,,510445,,,,,
,,,,,,,,,,,,,,,,,,,,,,,,,,,,,,,,,,,,,,,,,,,,,,,,,,,,,,,,,,,,,,,,,,,,,,,,,,,510559,,,,,
,,,,,,,,,,,,,,,,,,,,,,,,,,,,,,,,,,,,,,,,,,,,,,,,,,,,,,,,,,,,,,,,,,,,,,,,,,,510745,,,,,
,,,,,,,,,,,,,,,,,,,,,,,,,,,,,,,,,,,,,,,,,,,,,,,,,,,,,,,,,,,,,,,,,,,,,,,,,,,511129,,,,,
,,,,,,,,,,,,,,,,,,,,,,,,,,,,,,,,,,,,,,,,,,,,,,,,,,,,,,,,,,,,,,,,,,,,,,,,,,,511147,,,,,
,,,,,,,,,,,,,,,,,,,,,,,,,,,,,,,,,,,,,,,,,,,,,,,,,,,,,,,,,,,,,,,,,,,,,,,,,,,512545,,,,,
,,,,,,,,,,,,,,,,,,,,,,,,,,,,,,,,,,,,,,,,,,,,,,,,,,,,,,,,,,,,,,,,,,,,,,,,,,,512595,,,,,
,,,,,,,,,,,,,,,,,,,,,,,,,,,,,,,,,,,,,,,,,,,,,,,,,,,,,,,,,,,,,,,,,,,,,,,,,,,512709,,,,,
,,,,,,,,,,,,,,,,,,,,,,,,,,,,,,,,,,,,,,,,,,,,,,,,,,,,,,,,,,,,,,,,,,,,,,,,,,,512717,,,,,
,,,,,,,,,,,,,,,,,,,,,,,,,,,,,,,,,,,,,,,,,,,,,,,,,,,,,,,,,,,,,,,,,,,,,,,,,,,513667,,,,,
,,,,,,,,,,,,,,,,,,,,,,,,,,,,,,,,,,,,,,,,,,,,,,,,,,,,,,,,,,,,,,,,,,,,,,,,,,,514457,,,,,
,,,,,,,,,,,,,,,,,,,,,,,,,,,,,,,,,,,,,,,,,,,,,,,,,,,,,,,,,,,,,,,,,,,,,,,,,,,515573,,,,,
,,,,,,,,,,,,,,,,,,,,,,,,,,,,,,,,,,,,,,,,,,,,,,,,,,,,,,,,,,,,,,,,,,,,,,,,,,,515585,,,,,
,,,,,,,,,,,,,,,,,,,,,,,,,,,,,,,,,,,,,,,,,,,,,,,,,,,,,,,,,,,,,,,,,,,,,,,,,,,518821,,,,,
,,,,,,,,,,,,,,,,,,,,,,,,,,,,,,,,,,,,,,,,,,,,,,,,,,,,,,,,,,,,,,,,,,,,,,,,,,,519015,,,,,
,,,,,,,,,,,,,,,,,,,,,,,,,,,,,,,,,,,,,,,,,,,,,,,,,,,,,,,,,,,,,,,,,,,,,,,,,,,520193,,,,,
,,,,,,,,,,,,,,,,,,,,,,,,,,,,,,,,,,,,,,,,,,,,,,,,,,,,,,,,,,,,,,,,,,,,,,,,,,,522423,,,,,
,,,,,,,,,,,,,,,,,,,,,,,,,,,,,,,,,,,,,,,,,,,,,,,,,,,,,,,,,,,,,,,,,,,,,,,,,,,522549,,,,,
,,,,,,,,,,,,,,,,,,,,,,,,,,,,,,,,,,,,,,,,,,,,,,,,,,,,,,,,,,,,,,,,,,,,,,,,,,,523175,,,,,
,,,,,,,,,,,,,,,,,,,,,,,,,,,,,,,,,,,,,,,,,,,,,,,,,,,,,,,,,,,,,,,,,,,,,,,,,,,524227,,,,,
,,,,,,,,,,,,,,,,,,,,,,,,,,,,,,,,,,,,,,,,,,,,,,,,,,,,,,,,,,,,,,,,,,,,,,,,,,,524589,,,,,
,,,,,,,,,,,,,,,,,,,,,,,,,,,,,,,,,,,,,,,,,,,,,,,,,,,,,,,,,,,,,,,,,,,,,,,,,,,527831,,,,,
,,,,,,,,,,,,,,,,,,,,,,,,,,,,,,,,,,,,,,,,,,,,,,,,,,,,,,,,,,,,,,,,,,,,,,,,,,,530247,,,,,
,,,,,,,,,,,,,,,,,,,,,,,,,,,,,,,,,,,,,,,,,,,,,,,,,,,,,,,,,,,,,,,,,,,,,,,,,,,530503,,,,,
,,,,,,,,,,,,,,,,,,,,,,,,,,,,,,,,,,,,,,,,,,,,,,,,,,,,,,,,,,,,,,,,,,,,,,,,,,,534933,,,,,
,,,,,,,,,,,,,,,,,,,,,,,,,,,,,,,,,,,,,,,,,,,,,,,,,,,,,,,,,,,,,,,,,,,,,,,,,,,535409,,,,,
,,,,,,,,,,,,,,,,,,,,,,,,,,,,,,,,,,,,,,,,,,,,,,,,,,,,,,,,,,,,,,,,,,,,,,,,,,,537747,,,,,
,,,,,,,,,,,,,,,,,,,,,,,,,,,,,,,,,,,,,,,,,,,,,,,,,,,,,,,,,,,,,,,,,,,,,,,,,,,539543,,,,,
