avg,long_bar,mean
0.08,275,0.08371257485029941
0.11,658,0.07511627906976744
0.07,785,0.07448945430197523
0.09,259,0.09677199805542051
0.12,209,0.11506000774293457
0.1,293,0.08190572003449267
0.08,368,0.08156721822942782
0.1,263,0.09566282081469273
0.12,300,0.09827234042553191
0.12,311,0.06755358462675536
0.11,349,0.08451456310679613
0.08,372,0.07718337334933974
0.1,406,0.06806449713433305
0.11,244,0.10410760309278351
0.11,255,0.09827827827827829
0.12,217,0.11585365853658536
0.12,224,0.12997764292558286
0.11,191,0.1102741573033708
0.11,259,0.09615384615384615
0.12,275,0.09799075391180655
0.11,385,0.06819313091090094
0.1,280,0.08737324464153733
0.09,360,0.07743152370018042
0.09,390,0.07641924307036248
0.12,241,0.10766451612903226
0.12,223,0.09740259740259742
0.16,131,0.14532861078315623
0.48,325,0.43389830508474575
0.12,215,0.11045454545454543
0.35,343,0.319672131147541
0.11,212,0.11574390521758941
0.11,382,0.06848208679769402
0.1,338,0.07951158940397351
0.08,411,0.07068953024996981
0.12,271,0.08984526112185687
0.12,240,0.0916731396613329
0.12,205,0.11660714285714285
0.15,171,0.12286149162861491
0.12,158,0.11827801827801827
0.12,239,0.11401857429718876
0.11,209,0.11916833166833167
0.09,429,0.09431588756018017
0.07,378,0.0845046672688949
0.12,372,0.08650246305418718
0.1,373,0.0710372542630607
0.1,342,0.08050847457627118
0.11,289,0.09455943228858661
0.1,235,0.10550174351026735
0.12,197,0.11015869338584501
0.12,188,0.1180944055944056
0.11,243,0.106421937195931
0.12,247,0.11206896551724137
0.12,263,0.09826105174942384
0.07,334,0.08191543555781967
0.07,382,0.0703619026375955
0.11,372,0.07204336947456214
0.1,339,0.07270948229852339
0.08,341,0.07931272267555453
0.11,291,0.0940566037735849
0.12,224,0.11307896131425543
0.14,235,0.09864864864864865
0.12,195,0.11751727804359384
0.13,222,0.10698809291430804
0.1,352,0.10472670686636841
0.09,299,0.08906926406926406
0.08,424,0.06921556704165399
0.08,293,0.08730496111298973
0.05,456,0.0633717821404018
0.1,384,0.07692105263157895
0.1,333,0.08131060828680577
0.11,414,0.07198438616185325
0.11,268,0.10468096660331254
0.09,282,0.08178741178165058
0.09,337,0.08445167973952938
0.1,377,0.06956905640484977
0.12,170,0.08905103259941967
0.12,205,0.11871530531324347
0.12,207,0.11289650037230081
0.1,216,0.11045606229143494
0.12,266,0.09450095827804805
0.12,185,0.11127586206896552
0.11,255,0.0880281690140845
0.13,216,0.11014588859416445
0.12,192,0.11896707943219571
0.12,204,0.10869565217391304
0.12,179,0.09899583175445244
0.17,126,0.13852459016393442
0.09,227,0.10869565217391304
0.12,217,0.10945464510824883
0.12,562,0.09293486145364864
0.12,194,0.09228187919463088
0.11,214,0.10700433063453212
0.13,140,0.13369006849315068
0.13,132,0.12469478357380688
0.1,212,0.11666666666666665
0.13,178,0.1236290322580645
0.15,172,0.12724262492474414
0.16,132,0.126056338028169
0.13,155,0.10277047522750253
0.13,154,0.10496587774067083
0.09,343,0.08494252873563217
0.23,31,0.21746031746031746
0.12,126,0.11222431821886864
0.15,80,0.1413793103448276
0.12,114,0.1132596685082873
0.25,14,0.2696078431372549
0.21,45,0.2068469505178366
0.32,23,0.11169102296450939
0.07,217,0.05333014277737896
0.12,174,0.10101204377890736
0.09,186,0.05546633416458852
0.24,25,0.21914893617021272
0.08,292,0.06248132780082988
0.06,270,0.06626645282105961
0.12,199,0.07127943795764892
0.22,153,0.21776098252243745
0.16,46,0.17
0.11,103,0.10036868358273693
0.12,158,0.10878552971576227
0.18,32,0.19191616766467065
0.21,37,0.14427807486631017
0.1,183,0.06044348158531923
0.1,191,0.07827225130890053
0.24,36,0.17134678298800435
0.12,146,0.11288006111535524
0.09,310,0.06070651361903092
0.13,123,0.10887972210160658
0.11,189,0.08312883435582823
0.21,32,0.20903614457831324
0.3,13,0.21801075268817205
0.23,23,0.21122119815668203
0.22,26,0.21210423563364741
0.17,51,0.13324555628703094
0.48,17,0.4349264705882353
0.17,18,0.22171945701357465
0.15,62,0.13235294117647056
0.06,279,0.05914061585294463
0.07,198,0.07563000919721455
0.23,28,0.16922320550639136
0.11,141,0.08140756302521007
0.26,25,0.2307940446650124
0.12,128,0.12093063334769494
0.09,195,0.0887722941154659
0.18,34,0.17253472222222224
0.15,56,0.13221288515406163
0.18,50,0.1528814419903529
0.23,14,0.22933251684017145
0.29,35,0.21077844311377247
0.23,30,0.19757281553398057
0.13,17,0.11535658511192087
0.26,12,0.2594594594594594
0.21,12,0.1326530612244898
0.15,78,0.10586814435919295
0.21,21,0.2030849098986672
0.25,18,0.20954907161803715
0.12,21,0.19170328102710413
0.18,22,0.20543371522094925
0.29,20,0.26023890784982934
0.14,76,0.10346550423338081
0.3,12,0.29941860465116277
0.3,8,0.26
0.33,69,0.3101449275362319
0.22,20,0.22571428571428567
0.24,16,0.2613725490196079
0.27,16,0.20443458980044346
0.35,15,0.4099447513812155
0.23,20,0.2034324942791762
0.17,69,0.16193181818181818
0.16,104,0.11593095642331636
0.25,32,0.16111861471861472
0.12,113,0.11915285451197054
0.29,21,0.25821994130294895
0.23,29,0.19556726967772853
0.27,18,0.26851109329056405
0.14,64,0.1298652428171879
0.21,14,0.34842190763518216
0.17,22,0.17047879616963066
0.21,14,0.22575410859163716
0.08,31,0.10907372400756143
0.12,182,0.10727086533538148
0.09,158,0.10074074074074074
0.11,186,0.10741360089186175
0.1,185,0.11020686758374461
0.1,212,0.08399621212121212
0.11,187,0.10148378823960431
0.1,204,0.10215034965034965
0.14,174,0.10863643398854667
0.11,200,0.10051162790697672
0.09,229,0.09116897967669839
0.09,276,0.0879514963880289
0.09,451,0.09942857142857142
0.11,240,0.07863855727711457
0.1,326,0.08727810650887574
0.12,580,0.08281250000000001
0.09,273,0.08799003322259136
0.09,204,0.09798502021608008
0.12,161,0.09901960784313725
0.08,291,0.07877870887647423
0.07,259,0.08297239591276499
0.08,260,0.08050847457627118
0.08,214,0.08547642276422766
0.09,200,0.08829787234042552
0.08,202,0.08707430340557276
0.11,254,0.08119029117337843
0.09,234,0.0831927924729274
0.1,212,0.09020486555697822
0.1,223,0.08849999999999998
0.09,273,0.0819526627218935
0.11,252,0.08103448275862069
0.09,190,0.09408374951978486
0.1,178,0.10242718446601944
0.11,236,0.09118478944060339
0.1,208,0.09369098055229441
0.11,200,0.09835561497326202
0.1,197,0.09909090909090908
0.09,181,0.09010233450591622
0.09,341,0.07821934163397579
0.11,244,0.09177427685950414
0.11,189,0.10522762521667732
0.11,208,0.09555860805860805
0.11,189,0.09954128440366973
0.11,203,0.10208919974566262
0.1,167,0.1056701030927835
0.1,165,0.08632654932159883
0.09,207,0.09337349397590361
0.12,192,0.09886560872799405
0.1,174,0.0953781512605042
0.11,179,0.10229665071770334
0.12,193,0.09439775910364145
0.15,118,0.1346031746031746
0.09,181,0.09734513274336283
0.12,162,0.08863510775465094
0.12,195,0.10293617021276595
0.11,196,0.08033707865168539
0.1,183,0.11083732057416268
0.1,177,0.09672771672771673
0.08,234,0.07621359223300972
0.11,271,0.08146023468057367
0.09,230,0.07773499037283388
0.09,182,0.07928571428571428
0.12,194,0.0857468443197756
0.09,201,0.08897329086008332
0.1,229,0.09344372342806
0.09,230,0.08817324518763368
0.09,207,0.0969811590065658
0.1,233,0.08289444810182137
0.09,185,0.08407379518072289
0.08,293,0.07309140953208751
0.09,206,0.08247833379927313
0.09,392,0.08286713286713286
0.09,192,0.09933690616768098
0.08,259,0.07800435413642962
0.12,203,0.0840042169829404
0.1,242,0.08650173356055708
0.03,555,0.03521611721611721
0.03,593,0.03306060606060606
0.02,677,0.029810850888392384
0.03,644,0.036240895363297214
0.03,604,0.03655510490850446
0.03,561,0.03062979251240415
0.02,896,0.03420124756029384
0.03,624,0.03480784911546779
0.03,542,0.03839241758952148
0.04,410,0.11007080464244871
0.03,612,0.035653553953866775
0.03,670,0.04222054380664653
0.03,543,0.04255868870676483
0.02,627,0.037453562843550905
0.03,529,0.04101948807446189
0.04,376,0.11645832011337437
0.03,604,0.03288759433337747
0.03,555,0.04248593181065872
0.02,748,0.03602172888778027
0.03,472,0.04020329477742727
0.03,519,0.0419264261595877
0.05,366,0.11059952038369307
0.03,450,0.03978293128858591
0.03,636,0.0320864342603473
0.02,725,0.03379890996464222
0.02,677,0.030533949344628955
0.03,601,0.039244478416542626
0.03,572,0.03252481330938652
0.02,873,0.036255509955920355
0.02,729,0.028883076717235133
0.03,512,0.04239661763002432
0.04,380,0.14147392749979726
0.03,418,0.04160571229536747
0.03,563,0.03517148433869319
0.02,927,0.03426160337552743
0.02,759,0.03797158098041019
0.02,775,0.035562101129111436
0.03,502,0.04012811512811513
0.02,703,0.033448144147941304
0.03,535,0.0373631266824539
0.03,571,0.040702479338842974
0.03,479,0.03316978593756183
0.03,625,0.037646652864044165
0.03,603,0.033955876705119264
0.03,500,0.03921990171990172
0.03,534,0.035161552601809955
0.03,437,0.033026953655225906
0.12,373,0.10627934398113409
0.14,385,0.10774193548387095
0.14,408,0.10599014659937515
0.14,384,0.10520607375271147
0.14,331,0.10639850782580489
0.14,351,0.09886365851281553
0.11,371,0.10624903154399556
0.12,359,0.10651465798045605
0.12,344,0.10377465633805834
0.15,365,0.1030992483509741
0.02,799,0.0320450522928399
0.02,787,0.034951149425287355
0.03,625,0.0315092835910912
0.02,826,0.03174298274621175
0.03,663,0.033128287433277795
0.02,849,0.0364662168768945
0.02,791,0.03372964943553179
0.02,916,0.03477574938021186
0.03,718,0.03943037974683544
0.03,618,0.0331002331002331
0.07,887,0.07261904761904761
0.02,973,0.02962657181760436
0.02,750,0.030067750677506777
0.03,1072,0.03767656909858745
0.02,829,0.028790803956083095
0.02,811,0.035584984523896565
0.03,754,0.036744202737056024
0.02,788,0.03504505960074681
0.03,566,0.03664721240976808
0.03,593,0.03444509081507336
0.03,603,0.036609447004608296
0.02,737,0.03335940766801724
0.03,588,0.03680802151111476
0.03,663,0.04072148370497427
0.03,596,0.03939393939393939
0.03,521,0.038660142170604726
0.03,609,0.04002755200440832
0.03,614,0.03615990412600582
0.03,521,0.044207175027178136
0.03,590,0.04
0.03,391,0.047442607897153356
0.03,772,0.03798345629331545
0.03,584,0.04072521865889213
0.15,389,0.12078648233486944
0.02,777,0.03167447306791569
0.16,349,0.11951319740793424
0.14,379,0.14275149815121765
0.18,368,0.11903993111613391
0.14,369,0.1237436220032152
0.16,380,0.15683229813664595
0.15,334,0.15133603238866397
0.15,352,0.11882702932426688
0.12,341,0.12712396988201813
0.16,355,0.1372093023255814
0.16,361,0.12303330970942594
0.03,576,0.03822505800464037
0.02,1016,0.033962264150943396
0.02,1021,0.03333501574739562
0.02,868,0.033234647928242
0.11,855,0.09328822329469129
0.03,607,0.031714874659219364
0.03,517,0.0334211682037769
0.03,589,0.03247782133020854
0.03,587,0.03517604580609324
0.02,930,0.030565583391970682
0.03,507,0.03635623869801085
0.15,384,0.12696629213483146
0.14,357,0.10959295929592959
0.02,579,0.03013306719893546
0.03,414,0.03296650055370985
0.03,431,0.03893481717011129
0.03,421,0.10919201949986461
0.03,459,0.03816397228637413
0.03,422,0.03525745573159366
0.04,438,0.15998447571799804
0.02,571,0.03260954730970285
0.03,440,0.1497758860974048
0.03,534,0.03774089279696069
0.03,565,0.03715722120658135
0.03,541,0.037419150285351935
0.02,622,0.03582266677968975
0.03,530,0.03766666666666667
0.04,431,0.033751351859688715
0.03,542,0.037252747252747256
0.03,542,0.03683567105746702
0.03,580,0.0337241653418124
0.03,617,0.030118917441224715
0.02,720,0.03376355300610564
0.03,592,0.03662301587301588
0.03,516,0.04004524886877828
0.03,588,0.039608870263663346
0.02,862,0.0323670654702559
0.03,530,0.03364807052417786
0.04,335,0.11212121212121211
0.04,409,0.032215189873417725
0.03,479,0.03075691536641001
0.03,494,0.03651790347690711
0.03,652,0.03876703056139643
0.03,457,0.039209620638923914
0.03,443,0.038993453355155486
0.03,553,0.036246355456626016
0.03,603,0.03433311909352758
0.04,327,0.04255688124306326
0.03,403,0.04142588677472398
0.04,385,0.03575570580528282
0.03,368,0.03586163981440147
0.14,290,0.152845354958031
0.03,425,0.03611111111111111
0.07,279,0.0668
0.12,204,0.11074778879656928
0.13,251,0.07195121951219512
0.11,194,0.11568745175400978
0.12,173,0.12060085836909869
0.12,218,0.10363145643823098
0.12,292,0.10977312390924958
0.12,206,0.11398809523809524
0.11,188,0.10565985896144335
0.02,620,0.03369318181818182
0.02,976,0.03106991809535599
0.03,498,0.03503217503217503
0.02,723,0.03281241136763288
0.02,1042,0.032610146862483314
0.03,585,0.03679463256300673
0.03,521,0.03937741763372016
0.03,488,0.03951248637142413
0.04,428,0.03834894613583138
0.03,449,0.0319932207157146
0.16,289,0.12133333333333333
0.02,732,0.03390625
0.03,611,0.037055787174905694
0.02,803,0.032669229442349866
0.02,962,0.03320987654320988
0.03,480,0.037463556851311954
0.03,387,0.030135135135135136
0.02,662,0.03721212121212122
0.03,524,0.038891465677179965
0.03,417,0.04626865671641791
0.02,754,0.03339217777559835
0.11,375,0.081092318534179
0.22,466,0.17592592592592593
0.06,404,0.08
0.11,328,0.08349497443131722
0.09,433,0.06965305226174791
0.33,417,0.31518987341772153
0.32,214,0.2844827586206896
0.06,376,0.06219768357790939
0.09,411,0.07654713707345286
0.16,154,0.10995987158908509
0.09,358,0.07772053279718523
0.1,349,0.09218750000000002
0.09,293,0.07564102564102564
0.08,372,0.07423051150323878
0.08,392,0.07436749980891233
0.07,335,0.08747799464217372
0.09,331,0.08719241285030759
0.09,380,0.06750769230769231
0.07,366,0.061684210526315786
0.1,316,0.08212457645447335
0.06,346,0.08220192200245836
0.12,297,0.048243677238057
0.04,418,0.05214285714285714
0.11,371,0.08529411764705881
0.07,371,0.08104559748427673
0.09,347,0.0772109715457575
0.08,368,0.07686134090628473
0.08,340,0.08417721518987342
0.05,408,0.06911355311355312
0.11,322,0.0666042748460331
0.05,491,0.05271259842519685
0.09,298,0.09665979107059684
0.05,421,0.07142454319873676
0.06,376,0.07860681114551084
0.04,406,0.05925545851528385
0.12,315,0.06653609473575345
0.09,375,0.0623419082852964
0.08,449,0.075
0.12,212,0.12267206477732794
0.08,390,0.07377665014554323
0.06,369,0.07811880761609373
0.09,364,0.06035714285714285
0.04,407,0.0504040091665279
0.12,249,0.0771356783919598
0.1,344,0.06540724748116163
0.12,281,0.10070304653498492
0.11,333,0.08857142857142858
0.08,352,0.06693416927899686
0.03,421,0.05820512820512821
0.08,410,0.07061449579831933
0.09,422,0.05790889695744933
0.12,234,0.12100775193798448
0.1,294,0.10110177404295051
0.1,238,0.08434782608695653
0.1,201,0.10741758241758242
0.1,208,0.08745750652225473
0.08,280,0.08125279097146104
0.11,206,0.10122438780609694
0.11,187,0.10155279503105591
0.12,226,0.09919354838709678
0.09,225,0.09674536628420123
0.09,251,0.09518398268398269
0.11,234,0.09718908922792417
0.11,177,0.11073590315387066
0.11,271,0.0912127004353828
0.12,199,0.09232522796352582
0.08,285,0.09038461538461538
0.1,223,0.09753741496598639
0.1,272,0.09378048780487806
0.13,120,0.12737094837935176
0.09,239,0.08514810179390905
0.11,184,0.11117779444861214
0.09,218,0.09420618556701031
0.09,228,0.09448198198198199
0.1,265,0.08579913286214884
0.1,184,0.11087819947043248
0.13,149,0.11948051948051948
0.12,165,0.11418304798139928
0.11,195,0.10666666666666665
0.11,195,0.08671143671143672
0.09,227,0.10341744772891133
0.09,184,0.09229787234042552
0.12,189,0.11279069767441859
0.11,207,0.1025
0.1,203,0.10585212674850127
0.11,295,0.08398853975858345
0.12,163,0.11474254742547424
0.12,154,0.11591016548463356
0.12,211,0.10892049127343245
0.11,211,0.10121951219512197
0.12,138,0.11474193548387096
0.12,191,0.0995279307631786
0.12,177,0.10838020247469067
0.12,171,0.0958832725377801
0.08,251,0.09846728971962616
0.09,257,0.09925373134328357
0.11,193,0.10260989010989012
0.21,25,0.2021276595744681
0.27,18,0.2398449612403101
0.1,206,0.10377760557923284
0.1,199,0.10590041675806099
0.11,274,0.08998161764705882
0.09,227,0.08389705882352941
0.11,209,0.10599464763603926
0.09,229,0.09387469818274241
0.1,216,0.08484211952839138
0.09,252,0.08308721092226247
0.09,215,0.09205882352941176
0.11,186,0.10778761061946902
0.12,200,0.10995798319327732
0.1,191,0.08626716604244694
0.08,259,0.07880134428678118
0.45,343,0.43522727272727274
0.1,223,0.10294117647058824
0.09,201,0.10298136645962734
0.1,224,0.10389842141386411
0.08,255,0.08875983284169126
0.11,261,0.0976118760757315
0.12,167,0.11072042300066094
0.11,220,0.10251263752601843
0.08,256,0.07663570006635699
0.06,403,0.05462096886779282
0.21,19,0.15505882352941175
0.06,375,0.057386658031088084
0.06,369,0.06130573248407643
0.07,273,0.06927614795918367
0.05,374,0.04543111259229944
0.06,365,0.05825699638625095
0.06,271,0.07187650232359383
0.05,345,0.05393401015228427
0.06,313,0.047696360153256706
0.32,10,0.2908456843940715
0.07,332,0.05733768897222548
0.05,389,0.05674705032246931
0.05,385,0.05798196650923143
0.06,282,0.06580555555555556
0.06,421,0.0617741935483871
0.06,351,0.05565072386871826
0.07,387,0.06450468962317303
0.06,330,0.048307699287691123
0.05,382,0.058737060041407864
0.06,394,0.053987789829187505
0.06,358,0.05986372898624555
0.06,398,0.06114795811955116
0.06,319,0.06069594594594595
0.06,340,0.05532608695652175
0.05,370,0.05604739208329108
0.05,363,0.052860183294965904
0.06,299,0.055629276383993356
0.05,309,0.0482063882063882
0.06,347,0.05303271028037383
0.05,360,0.05444556141967551
0.05,344,0.05590252233315817
0.06,363,0.053287075974208016
0.06,323,0.05280904732124245
0.05,308,0.05245437262357414
0.06,361,0.06072450805008945
0.05,397,0.059575429087624206
0.05,373,0.047121497460480506
0.06,382,0.064445211786372
0.06,340,0.05906884300137194
0.07,364,0.0630235520755655
0.05,382,0.056717650499802146
0.05,317,0.04671592775041051
0.06,385,0.06112112543594969
0.07,304,0.06756046891230152
0.05,404,0.06121863799283154
0.07,231,0.07995336863068928
0.05,418,0.05580357142857143
0.05,342,0.04491864831038799
0.05,410,0.05814163751704511
0.09,323,0.09344262295081968
0.11,312,0.09243697478991597
0.12,375,0.08684210526315789
0.11,332,0.08146412411118292
0.09,361,0.079289384634666
0.1,294,0.09913616731075243
0.08,325,0.08826752551447214
0.1,363,0.0815595273642452
0.08,308,0.0897419072615923
0.11,308,0.09643625926811768
0.09,303,0.09369170594724703
0.12,300,0.09691041763701287
0.09,280,0.07594734033090197
0.09,338,0.08318885448916409
0.1,318,0.08991596638655462
0.12,370,0.07655267295597484
0.1,277,0.07942890442890442
0.11,268,0.08236397748592872
0.26,29,0.24004225081620897
0.11,339,0.09021842980924455
0.12,331,0.0946280991735537
0.09,330,0.08846583584013752
0.08,290,0.09525564256103176
0.12,249,0.07748178906992292
0.1,305,0.09655172413793105
0.08,291,0.08971069627532513
0.09,290,0.09715992603480157
0.11,297,0.0883116883116883
0.1,333,0.08027945379485552
0.09,371,0.07815236766643416
0.08,295,0.06775919732441471
0.11,278,0.09505778756191526
0.11,290,0.09987205162438807
0.11,220,0.09591817672333271
0.1,248,0.10267169574100267
0.08,272,0.09374005305039786
0.09,315,0.07873865265169612
0.11,317,0.09292204686752752
0.1,273,0.08278900375939849
0.09,283,0.08816014955600561
0.09,250,0.09778761061946901
0.09,255,0.09340164570718833
0.1,282,0.0975293542074364
0.09,248,0.08823529411764704
0.12,296,0.08901143790849673
0.12,280,0.09259036144578314
0.11,273,0.0969097054563013
0.11,338,0.08673469387755102
0.09,268,0.09655172413793105
0.1,250,0.09143621766280106
0.1,292,0.09874125874125873
0.12,323,0.08179802955665025
0.12,212,0.1132512315270936
0.14,332,0.13418155126009296
0.17,348,0.12627015779434714
0.14,298,0.13124522536287242
0.03,390,0.03720556745182013
0.16,363,0.11889763779527558
0.17,351,0.12048979591836734
0.12,375,0.11689615605278254
0.11,340,0.13068388806093725
0.21,124,0.20000000000000004
0.14,395,0.12608695652173912
0.19,334,0.12121035362741524
0.12,324,0.12977046933881464
0.14,299,0.1321330485199878
0.14,318,0.12641711229946526
0.15,293,0.17772181898977926
0.11,379,0.11568627450980394
0.16,285,0.09898190045248871
0.12,269,0.10161904761904761
0.19,246,0.14873294346978558
0.14,385,0.11194606057310641
0.12,300,0.14493908153701968
0.19,320,0.13934603544388052
0.16,303,0.11428571428571428
0.14,372,0.12376237623762376
0.16,340,0.12745098039215685
0.14,360,0.11191244239631337
0.26,59,0.2605263157894737
0.15,348,0.1280701754385965
0.16,304,0.13943899609828114
0.15,307,0.1416184971098266
0.14,362,0.12486446886446885
0.13,308,0.09254098360655738
0.18,306,0.1420972972972973
0.12,334,0.131809997427763
0.14,358,0.11133850858621501
0.14,302,0.14324324324324325
0.15,320,0.12412539754656975
0.15,306,0.13004255319148936
0.14,333,0.1380952380952381
0.15,333,0.12965066253656857
0.12,337,0.1192169216921692
0.17,332,0.13107890499194846
0.15,318,0.1186800573888092
0.29,509,0.2235294117647059
0.14,347,0.12478260869565216
0.16,379,0.12091827364554637
0.17,358,0.11595865684189705
0.15,345,0.13356643356643355
0.14,322,0.14102564102564102
0.14,300,0.1380952380952381
0.12,316,0.09864864864864865
0.19,343,0.1638961038961039
0.12,302,0.12220147594914199
0.15,320,0.11456603773584906
0.18,329,0.1660869565217391
0.18,352,0.13028746982664036
0.16,279,0.1606120826709062
0.09,517,0.08600000000000001
0.14,376,0.13027027027027027
0.13,424,0.10948964853153587
0.13,353,0.10276964838613904
0.02,699,0.3402116402116402
0.14,473,0.11084530303788599
0.02,549,0.03204593868667222
0.16,403,0.10971250971250972
0.02,604,0.03428824129039995
0.16,398,0.1132538050185109
0.14,346,0.10057686589354743
0.18,416,0.11000797448165871
0.02,525,0.03361027190332326
0.12,361,0.03773465970649069
0.14,349,0.14147453201752444
0.14,402,0.11509433962264153
0.02,460,0.03769487750556793
0.16,350,0.11236556425145165
0.13,416,0.10680436029833622
0.19,371,0.1056222760290557
0.14,370,0.09969696969696969
0.17,375,0.10564182194616978
0.12,405,0.1107884802070974
0.15,436,0.11628498727735369
0.03,399,0.10851862790599552
0.14,420,0.10833333333333332
0.15,418,0.10480872128748076
0.14,347,0.14256663015699161
0.14,393,0.10876692801140414
0.14,379,0.14578739044387898
0.03,421,0.11130820399113082
0.16,390,0.16016666666666665
0.16,417,0.15861348528015196
0.1,393,0.11197761722623602
0.15,389,0.11676662320730118
0.16,362,0.14845201570512134
0.16,426,0.11920053297801464
0.12,387,0.10846759642531151
0.12,389,0.0734451777978077
0.17,367,0.11075423419032533
0.16,327,0.10738272237887721
0.16,378,0.11306930693069306
0.03,411,0.1093545874033679
0.12,356,0.1433080190500708
0.03,417,0.1096579476861167
0.12,380,0.11582248226543529
0.02,475,0.03643566309422053
0.15,401,0.10887296474042908
0.02,422,0.030917866355995676
0.02,400,0.036835354477611944
0.12,388,0.1085585407351719
0.14,393,0.09881815586640023
0.15,403,0.11738603124777058
0.16,381,0.11024090413403391
0.03,428,0.039047870552648
0.03,393,0.03266175454754778
0.02,463,0.035057971014492754
0.02,417,0.029883660143612403
0.15,331,0.14148338220918869
0.18,335,0.11008918617614268
0.16,344,0.14381760920169795
0.16,344,0.14655756867329048
0.19,335,0.15963023268028784
0.13,354,0.10914979757085021
0.12,347,0.11526862831210656
0.14,355,0.10728537224945844
0.12,356,0.1121869032910255
0.12,344,0.10253005477438172
0.14,375,0.125706728384857
0.02,454,0.035249599037690454
0.02,613,0.02956730769230769
0.02,490,0.03291340052258305
0.15,414,0.1457542137828035
0.02,398,0.036977886977886974
0.02,453,0.11158408408408409
0.15,399,0.11374517782592614
0.15,366,0.10889661461301721
0.03,341,0.13267832995267076
0.14,430,0.11306480450065055
0.14,377,0.1046483263314812
0.02,596,0.02866793667985031
0.09,1039,0.05295939679280683
0.03,373,0.039617665099161724
0.13,403,0.10526440037771483
0.14,395,0.11371392458394775
0.02,493,0.037831012470489755
0.02,762,0.030805924520345772
0.02,403,0.09722235060313351
0.02,553,0.030586606286089457
0.03,440,0.09920223794228139
0.03,342,0.041558736650761194
0.04,286,0.06558495314414384
0.05,336,0.05801942037009433
0.1,340,0.05992907369638672
0.07,342,0.04415790590318167
0.03,387,0.039071823921127735
0.03,315,0.056092361432167254
0.03,356,0.05709046756329331
0.06,334,0.06002664857557019
0.03,315,0.04251831501831502
0.1,333,0.05459630959338732
0.03,476,0.06164708938744456
0.03,486,0.04581220419202164
0.08,359,0.07613477164471841
0.03,494,0.06294964028776978
0.03,447,0.06325272372315636
0.03,817,0.04277415546432692
0.08,410,0.06723419357187056
0.04,351,0.06415855514399747
0.04,409,0.05935294392596171
0.07,401,0.06717217249447271
0.09,429,0.06945369753497668
0.07,433,0.0630990256512229
0.07,455,0.04989082969432314
0.07,440,0.07098667384573967
0.08,468,0.06838403253663157
0.03,391,0.059236544089578826
0.03,420,0.04206683659020108
0.08,387,0.054940952071750336
0.03,407,0.057950114501454486
0.05,459,0.05506062960210769
0.1,458,0.05763099093670759
0.08,393,0.05815084310051849
0.08,428,0.06133259651061814
0.08,463,0.06292590844738084
0.03,466,0.044173467678242345
0.03,474,0.06193634496919918
0.04,389,0.06342089840383355
0.03,509,0.04430359712230216
0.03,436,0.04064189126865534
0.03,437,0.060948152846044074
0.03,1420,0.038088496680180974
0.03,467,0.065108478266373
0.13,607,0.11384386617100371
0.03,517,0.04090147036908251
0.03,433,0.05525764558022622
0.03,482,0.043095238095238096
0.07,417,0.06937633597384635
0.07,410,0.07465753424657534
0.07,389,0.06018518518518518
0.1,362,0.08281573498964803
0.09,261,0.09128430756337731
0.07,313,0.06730663110457095
0.06,368,0.07351406389207077
0.09,294,0.07555952380952381
0.09,385,0.07673343151693666
0.07,823,0.07386996904024767
0.09,337,0.08414814814814815
0.12,743,0.0916938898971567
0.06,796,0.06054239877769289
0.07,322,0.08959055229474577
0.08,280,0.0880041011619959
0.08,328,0.08141405214317278
0.09,274,0.09361294443261654
0.09,272,0.07661581137309292
0.34,413,0.31863024240092347
0.04,446,0.053492314039210065
0.09,350,0.07772020725388601
0.1,209,0.10320952037504509
0.44,317,0.41363636363636364
0.08,283,0.07437437769664786
0.08,308,0.07004335260115607
0.07,359,0.08272727272727273
0.06,427,0.06331335616438356
0.12,209,0.10540254237288134
0.09,529,0.09832214765100672
0.29,230,0.11067415730337078
0.09,254,0.10121885157096426
0.1,252,0.08376623376623377
0.08,294,0.08535403677375801
0.08,363,0.0768547418967587
0.08,295,0.07215544871794871
0.08,262,0.08394396551724137
0.11,299,0.09870331219168428
0.05,433,0.06914913128003228
0.07,365,0.07028046857400316
0.1,270,0.08826468010517091
0.1,297,0.09688685208596713
0.1,248,0.09955983636269483
0.08,303,0.08439849624060151
0.08,256,0.10014049233400525
0.08,310,0.08575549945906961
0.08,271,0.07461466330656977
0.08,282,0.09270557029177717
0.1,312,0.09073822463768116
0.14,760,0.11519646311135673
0.12,247,0.08577586206896552
0.1,248,0.09382783882783881
0.11,190,0.11053030303030302
0.21,434,0.17561252268602537
0.09,317,0.366030534351145
0.07,326,0.07747282608695653
0.08,346,0.06729921819474058
0.09,279,0.09091680814940578
0.08,318,0.08861675126903552
0.06,400,0.058191611210183694
0.08,889,0.06791711087420042
0.04,580,0.04319886947584789
0.1,246,0.08181751824817518
0.1,349,0.09390243902439026
0.12,293,0.09662972435350953
0.09,261,0.10137823341706838
0.07,381,0.06888188976377953
0.06,412,0.0727784452454056
0.08,437,0.07573732321490169
0.07,377,0.07522773279352227
0.08,302,0.07692608143735963
0.09,372,0.07176623376623377
0.07,341,0.05521064301552106
0.09,380,0.06722713864306784
0.05,428,0.07111607952142124
0.07,442,0.06109851787271143
0.09,326,0.07197516288425379
0.07,361,0.06549131016042781
0.08,386,0.07190031152647976
0.09,387,0.07474284634552476
0.06,426,0.06764028776978417
0.1,254,0.07263157894736842
0.09,296,0.09301610682378558
0.11,285,0.08386050283860502
0.1,276,0.09192296469215057
0.12,225,0.11985343104596935
0.08,252,0.07873826903023982
0.1,290,0.08133367996880281
0.1,232,0.09036186804521158
0.09,336,0.08099547511312216
0.1,218,0.10053571428571428
0.08,300,0.09262038774233898
0.1,284,0.09405594405594404
0.08,695,0.07996670828131501
0.15,581,0.1287119652253489
0.14,261,0.10869565217391304
0.07,285,0.0890909090909091
0.11,284,0.09356686855459158
0.12,271,0.09871903797137442
0.14,185,0.09854269892159721
0.09,270,0.0996894409937888
0.09,233,0.0984873949579832
0.1,253,0.09787871524448706
0.1,269,0.09196524064171123
0.12,243,0.1039506325973704
0.1,251,0.1011361737677527
0.12,224,0.105055617352614
0.1,276,0.09704162366701068
0.12,152,0.09525089605734767
0.09,248,0.09492424242424241
0.09,265,0.0896895285060132
0.12,305,0.08491754466330738
0.11,276,0.10242718446601944
0.1,211,0.0955420466058764
0.12,227,0.10204550507670644
0.1,231,0.09783994795055302
0.1,505,0.09839572192513368
0.1,226,0.10416841223292835
0.08,243,0.07781552129605435
0.11,255,0.09702380952380951
0.11,274,0.09963904840032815
0.12,284,0.09466887417218543
0.11,216,0.0876962676962677
0.12,215,0.10155279503105591
0.1,256,0.09236356090475202
0.11,259,0.0858706878744061
0.11,201,0.11127531472359058
0.15,200,0.09217959183673469
0.11,213,0.1135044642857143
0.1,209,0.09310515056771433
0.12,260,0.09736842105263159
0.1,204,0.0970889063729347
0.1,265,0.09734994734994735
0.12,310,0.09172185430463575
0.11,205,0.1138432364096081
0.12,261,0.09766380236305049
0.19,30,0.19600000000000004
0.12,204,0.10669313669880882
0.12,193,0.10581896551724139
0.27,28,0.23750000000000002
0.12,180,0.11293436293436294
0.11,275,0.09064731080437888
0.12,218,0.09823479966377135
0.12,230,0.10558333333333332
0.1,241,0.10144679230915667
0.12,296,0.09111675126903553
0.08,294,0.07965659834591873
0.11,274,0.0916933638443936
0.09,236,0.09090216977540921
0.21,34,0.19664281783159054
0.1,208,0.11169859514687101
0.12,213,0.09242718446601943
0.09,181,0.08881074168797953
0.11,267,0.09170002411381722
0.12,247,0.09954128440366973
0.08,292,0.08672452126515097
0.07,291,0.09039847681218549
0.1,222,0.10294117647058824
0.09,263,0.09007213259181764
0.1,522,0.10201396132552355
0.11,274,0.09369956030500363
0.1,286,0.08956363636363636
0.1,277,0.09089039083161915
0.11,259,0.09715469922706395
0.09,256,0.08812306946883897
0.1,289,0.09107628004179728
0.12,161,0.12912364945978394
0.09,241,0.09231366459627328
0.07,269,0.0843681917211329
0.09,323,0.08865030674846626
0.08,359,0.08433301797540209
0.08,360,0.06883347619418687
0.11,422,0.07241992882562277
0.08,312,0.09785123966942148
0.11,243,0.10025641025641026
0.07,283,0.0706028280823617
0.1,252,0.09625384400335475
0.09,394,0.07439237579653753
0.07,417,0.061590436590436594
0.08,311,0.0882019285309132
0.06,756,0.05141524869109948
0.09,267,0.0936105476673428
0.08,443,0.06547680715799388
0.12,762,0.09615384615384615
0.09,274,0.06223684210526317
0.09,427,0.07236679604798871
0.12,281,0.09643783612780765
0.13,245,0.10590062111801242
0.09,319,0.08814814814814816
0.08,361,0.07258306795649823
0.11,302,0.09133425740541096
0.1,302,0.07927127985303123
0.15,199,0.09576271186440678
0.09,244,0.1056701030927835
0.11,272,0.10270777077707771
0.11,257,0.08463015245623944
0.12,245,0.1071186440677966
0.12,217,0.0980261328885182
0.11,207,0.1003014098201264
0.1,207,0.09695652173913044
0.09,428,0.0706896551724138
0.1,524,0.1074468085106383
0.1,229,0.1017687074829932
0.1,235,0.09416604892512974
0.12,206,0.09349282296650718
0.17,117,0.1476155539251651
0.09,370,0.08543557642149191
0.11,274,0.07710207880856346
0.09,406,0.07593110635730349
0.1,314,0.09944444444444445
0.08,338,0.06336408581266001
0.09,332,0.08121958731136433
0.09,409,0.0784257687431506
0.12,342,0.08809523809523807
0.1,250,0.09809121961020695
0.12,239,0.07453590041779731
0.08,307,0.0895392278953923
0.11,213,0.10808015513897867
0.1,245,0.10625
0.1,271,0.09064748201438848
0.09,396,0.08159295049167767
0.12,173,0.10346534653465346
0.1,239,0.10644840447575632
0.11,268,0.09322884012539184
0.12,277,0.0980798590722255
0.09,370,0.06598502946329034
0.09,273,0.10045329834188238
0.09,376,0.08131060828680577
0.1,318,0.08308943089430895
0.09,343,0.075534991324465
0.09,386,0.07600093109869645
0.07,387,0.07084710743801652
0.1,299,0.09797297297297296
0.09,316,0.08841463414634147
0.12,242,0.11027667984189722
0.11,282,0.09224077018194665
0.08,356,0.07812831389183457
0.08,327,0.0897772701313535
0.1,332,0.07154237779946715
0.08,360,0.07739755417292428
0.07,303,0.07854765905571481
0.09,422,0.06800602071534262
0.1,327,0.07536533787835747
0.09,388,0.08101426096228176
0.09,314,0.07681632653061225
0.07,358,0.07743589743589743
0.12,191,0.10985772357723578
0.07,316,0.06256198347107438
0.08,358,0.07371835111948105
0.09,317,0.09325558367257124
0.07,345,0.08141124374278012
0.05,456,0.045101160158460676
0.1,354,0.07384281842818428
0.11,324,0.08303287380699893
0.14,270,0.06927651787464871
0.14,138,0.1543019135364989
0.1,242,0.10172295911390676
0.12,172,0.09233766233766233
0.11,264,0.06960709517451841
0.1,273,0.0861238918191
0.09,350,0.06825980392156863
0.12,185,0.10669291338582677
0.12,224,0.128027950310559
0.06,344,0.06216363967685112
0.11,207,0.0823240589198036
0.13,203,0.1257856220404649
0.14,140,0.12400555041628121
0.09,333,0.08648239303294207
0.12,235,0.10938079347423062
0.12,224,0.10560931605707724
0.13,139,0.1146341463414634
0.12,317,0.07543804262036306
0.11,256,0.10393803658081374
0.13,315,0.07544239041971865
0.12,297,0.09118078859060402
0.12,305,0.08419053577014164
0.12,219,0.10749999999999998
0.12,156,0.12347755323477554
0.1,294,0.0904494382022472
0.12,186,0.11249999999999999
0.12,205,0.11117779444861214
0.16,152,0.11531772575250837
0.13,200,0.10454545454545455
0.1,272,0.09266731485982822
0.12,208,0.11666666666666665
0.12,311,0.07479655712050079
0.12,301,0.08082758620689656
0.12,244,0.10806451612903227
0.17,95,0.13272664835164835
0.1,313,0.08320480220100879
0.12,180,0.12826086956521737
0.15,200,0.11128851540616247
0.1,314,0.08541666666666665
0.09,262,0.09409609997845292
0.1,256,0.09117207913400523
0.06,374,0.06756792932673002
0.14,300,0.09615384615384615
0.11,356,0.07756218417308541
0.12,232,0.10409068010075567
0.08,314,0.08506493506493507
0.12,198,0.10693877551020409
0.11,274,0.104
0.11,324,0.08049958711808422
0.1,254,0.09709090909090907
0.12,169,0.12345360824742269
0.12,212,0.10046720575022461
0.11,225,0.07911429693637077
0.11,251,0.09787139689578712
0.12,317,0.11174637168480028
0.14,228,0.10873205741626794
0.13,254,0.10002670226969292
0.11,310,0.09039847681218549
0.14,215,0.10525
0.12,243,0.10806451612903227
0.12,226,0.09778689843875744
0.1,287,0.08975701816466147
0.11,293,0.09122137404580151
0.08,287,0.08569728046882152
0.13,233,0.10684210526315789
0.12,233,0.10823513291312688
0.11,246,0.08592896174863389
0.12,135,0.10513492843876322
0.14,414,0.122
0.11,288,0.09524076147816347
0.12,237,0.08241852487135506
0.1,205,0.09810126582278482
0.1,281,0.09895491329479768
0.12,315,0.0953425437971799
0.11,287,0.09191873956764239
0.12,326,0.08669192876089428
0.1,315,0.09028303242181886
0.12,324,0.06984996890547264
0.11,247,0.08739157101550864
0.09,231,0.09426648385890564
0.12,219,0.09945454545454545
0.1,293,0.09695652173913044
0.08,257,0.0743830725611677
0.12,156,0.09615648592999311
0.12,294,0.10046728971962617
0.11,294,0.07960526315789472
0.12,300,0.07232329842931938
0.1,295,0.0932
0.1,306,0.07602824858757062
0.11,269,0.09835625098782992
0.12,319,0.08576158940397353
0.14,191,0.13555555555555554
0.1,269,0.09100491076775662
0.12,216,0.1142528735632184
0.12,239,0.09276629570747218
0.23,524,0.2336448598130841
0.11,279,0.0945409429280397
0.12,299,0.08243335611756664
0.05,320,0.04931070290399971
0.09,295,0.08829787234042552
0.08,235,0.0817619220968329
0.12,284,0.09415204678362572
0.06,347,0.057370543845953685
0.06,1070,0.0706087052585064
0.14,234,0.0965611519533386
0.12,260,0.0832933653077538
0.12,198,0.11233296823658269
0.11,274,0.10030237058538945
0.1,299,0.06812345297029702
0.12,306,0.07426993734735053
0.12,203,0.10462626159127004
0.1,327,0.07683151236342725
0.12,195,0.11156794425087108
0.1,263,0.09787871524448706
0.12,216,0.1162079510703364
0.12,197,0.11067415730337078
0.15,225,0.11091318591318593
0.12,245,0.10316109422492399
0.09,301,0.07578313253012048
0.12,246,0.08162698412698413
0.12,211,0.10950495049504949
0.13,288,0.08523076923076923
0.12,260,0.09723964132919183
0.11,260,0.0796376306620209
0.12,179,0.11835443037974684
0.11,224,0.10359999999999998
0.12,276,0.09309793664632375
0.12,220,0.10174558587479936
0.07,280,0.06795566502463055
0.15,171,0.12378048780487805
0.11,302,0.08969566935802609
0.1,280,0.09585798816568047
0.12,260,0.10869565217391304
0.12,296,0.10933279171321215
0.13,203,0.11916833166833167
0.1,280,0.08157784011220197
0.08,303,0.07802238347066781
0.12,276,0.08955277280858676
0.1,278,0.08146853146853147
0.11,211,0.09664716471647165
0.15,216,0.11136363636363637
0.1,253,0.07566204287515764
0.08,306,0.08100840336134453
0.1,257,0.0987079510703364
0.12,297,0.07263752390269934
0.11,288,0.08620466321243521
0.1,225,0.08992248062015502
0.12,182,0.13636363636363635
0.12,251,0.07754037267080746
0.12,227,0.11585365853658536
0.12,270,0.09799999999999999
0.09,215,0.08864864864864867
0.11,259,0.0989388747651155
0.11,241,0.10471953578336557
0.09,576,0.08195307108350586
0.1,233,0.10229320229320231
0.06,314,0.06861471861471861
0.12,302,0.08625607173994272
0.12,234,0.08933566433566435
0.34,322,0.32499999999999996
0.1,243,0.09976190476190476
0.12,282,0.07925858491764408
0.15,108,0.1316722972972973
0.14,237,0.104
0.08,334,0.07216062331435422
0.1,219,0.10806451612903227
0.1,299,0.07239165938698773
0.12,248,0.07756803949903661
0.12,189,0.11162366114897761
0.12,292,0.0865639515124051
0.08,335,0.07821835375026864
0.12,258,0.09655172413793105
0.12,342,0.08600000000000001
0.17,181,0.10236646382691007
0.08,499,0.07395274584929758
0.11,228,0.1074468085106383
0.13,274,0.08638882475178943
0.14,206,0.10836021505376343
0.11,291,0.08292682926829269
0.11,255,0.0632626937846679
0.12,170,0.0963235294117647
0.11,237,0.10037238994547147
0.18,97,0.13154761904761902
0.11,239,0.10436320754716981
0.12,201,0.11359126984126984
0.1,221,0.10157972683890078
0.11,172,0.13575445926402058
0.1,253,0.08742937853107345
0.1,287,0.0910581328751432
0.1,277,0.09469888207717274
0.15,149,0.12344628695025234
0.11,341,0.07684729064039408
0.16,406,0.14102564102564102
0.15,310,0.1056701030927835
0.13,171,0.11681600955794506
0.13,125,0.144252091032873
0.12,160,0.12114285714285715
0.12,218,0.10968325791855205
0.11,207,0.10782608695652174
0.16,163,0.11237623762376238
0.12,213,0.09500000000000001
0.14,186,0.10566109422492402
0.18,67,0.15370843989769822
0.18,106,0.17059005251776335
0.18,85,0.17060117302052782
0.16,135,0.12501467136150235
0.21,63,0.17429435483870967
0.19,94,0.16829939460649423
0.21,50,0.21097046413502107
0.13,315,0.09570652173913045
0.15,102,0.15082458770614693
0.12,212,0.1036527654540077
0.17,106,0.15581395348837207
0.11,583,0.08500990099009902
0.21,39,0.1967741935483871
0.1,187,0.1302090843547224
0.19,88,0.1350293542074364
0.15,136,0.11315789473684208
0.12,200,0.11964443323666625
0.19,99,0.13726624252940045
0.12,211,0.09781680113906027
0.1,260,0.06949430026679602
0.12,248,0.11614280456385719
0.12,246,0.11402298850574714
0.13,199,0.12253521126760564
0.19,67,0.1557017543859649
0.17,98,0.13406593406593406
0.15,188,0.11923076923076924
0.19,72,0.17921146953405018
0.18,71,0.17447817836812143
0.16,113,0.12794117647058825
0.16,128,0.13457792207792207
0.14,252,0.09370791734385882
0.12,250,0.10034858387799565
0.15,71,0.15
0.09,270,0.09717785452190804
0.15,93,0.14022988505747125
0.1,272,0.0956890331890332
0.12,186,0.10536347517730497
0.12,353,0.11666666666666665
0.21,50,0.19509803921568628
0.16,148,0.1163157894736842
0.1,254,0.09812131462266309
0.12,208,0.12980495123780944
0.11,219,0.1071530305428074
0.12,197,0.11329439252336448
0.33,241,0.32285714285714284
0.14,132,0.1183651642475172
0.1,216,0.11352941176470588
0.17,114,0.1329012581014106
0.12,220,0.11263736263736264
0.16,117,0.15217391304347824
0.15,118,0.12388888888888888
0.09,319,0.07477064220183487
0.12,209,0.10754267744833783
0.08,310,0.09359188001817904
0.1,249,0.08945661896243291
0.11,222,0.1097507331378299
0.15,174,0.1176046176046176
0.11,317,0.09798201159658494
0.1,224,0.10408619975134688
0.13,296,0.0990566037735849
0.12,228,0.09920114834924794
0.12,208,0.1056701030927835
0.11,258,0.10698809291430804
0.15,132,0.12941176470588237
0.11,214,0.10513246868418136
0.12,218,0.09821371610845293
0.12,212,0.10218329525260218
0.12,281,0.08034738686733327
0.08,316,0.09255774165953806
0.11,292,0.07665394918418703
0.12,280,0.11061694605998405
0.11,290,0.08503401360544217
0.15,133,0.1233713784021071
0.14,240,0.10828242903341717
0.15,143,0.14847058823529413
0.12,200,0.11450230718523402
0.11,332,0.0864654680365297
0.12,279,0.08345959595959596
0.15,181,0.11058823529411765
0.08,296,0.07317596566523604
0.05,370,0.051934785153963235
0.05,426,0.054987212276214836
0.12,190,0.11881060116354235
0.14,145,0.12640901771336555
0.15,112,0.13571428571428573
0.12,334,0.0773712311557789
0.14,216,0.11102729885057472
0.12,237,0.08006802721088435
0.12,280,0.0891304347826087
0.11,320,0.07352116657636222
0.12,334,0.08300384729209825
0.16,120,0.13043010752688172
0.19,59,0.19867938371239913
0.16,189,0.11585365853658536
0.17,143,0.11905263157894737
0.09,326,0.08005392912172572
0.12,253,0.09445182724252492
0.12,277,0.07934387634986438
0.09,262,0.10028353326063248
0.12,196,0.12510994676262022
0.13,192,0.09652178783465888
0.12,197,0.1302078726227333
0.12,205,0.09189814814814816
0.14,237,0.09614973262032085
0.11,236,0.10731824747231583
0.09,278,0.08708421498095642
0.1,303,0.08913770053475938
0.13,244,0.09820367019901782
0.16,146,0.1360711376595167
0.15,172,0.11960355434039645
0.13,173,0.12460048426150121
0.12,164,0.10675675675675673
0.15,173,0.12401960784313726
0.16,127,0.12342105263157893
0.14,171,0.11401857429718876
0.12,185,0.1056701030927835
0.42,477,0.4073170731707317
0.14,275,0.08784892086330935
0.16,142,0.13362745098039217
0.14,243,0.10833333333333334
0.12,185,0.09710344827586208
0.12,214,0.12105263157894737
0.13,270,0.0880281690140845
0.14,191,0.13216374269005848
0.15,172,0.11343825665859564
0.12,289,0.09319873674712383
0.12,206,0.11095785440613026
0.08,320,0.07887667887667887
0.1,316,0.08860016464440389
0.09,532,0.09564428312159708
0.16,192,0.1171886936592819
0.13,156,0.1173076923076923
0.12,193,0.11428571428571428
0.18,120,0.13852459016393442
0.11,266,0.10625
0.11,405,0.08952380952380952
0.12,319,0.09166666666666667
0.1,310,0.08086124401913876
0.11,310,0.08380628214140369
0.09,283,0.09020486555697822
0.09,294,0.07530258924467596
0.07,501,0.06242919543469072
0.1,270,0.09822549492998552
0.11,322,0.08802924873216182
0.09,272,0.086281234688878
0.14,181,0.10929801051437997
0.09,281,0.07104354605189887
0.08,268,0.0939051094890511
0.12,202,0.11251786808249949
0.11,334,0.07417910447761195
0.1,307,0.06666574048346763
0.1,353,0.0790093191167828
0.08,341,0.08167800019155252
0.08,318,0.08772266374349136
0.1,359,0.07542093239698791
0.12,313,0.09784060413156088
0.12,231,0.10350877192982456
0.13,162,0.10579710144927536
0.11,387,0.07612869745718734
0.1,355,0.07819019663541962
0.11,252,0.08800513698630136
0.1,369,0.07773057178261639
0.04,569,0.041625
0.1,346,0.0742038816657245
0.1,643,0.08299206426961889
0.09,351,0.08953703703703704
0.1,346,0.1038101604278075
0.13,451,0.08141198603856722
0.12,202,0.12057030481809243
0.07,331,0.0736675252625322
0.12,330,0.0890131364672674
0.1,263,0.10125174736307029
0.12,290,0.10062893081761008
0.1,314,0.102134724857685
0.08,356,0.07361081914371803
0.12,352,0.08167617158442847
0.09,345,0.07780499293452661
0.03,344,0.06158863066757805
0.11,208,0.11313571097730431
0.12,218,0.10909520993494974
0.12,266,0.09124338624338624
0.11,373,0.08214285714285713
0.09,326,0.09029850746268657
0.12,764,0.12454395604395603
0.1,307,0.09802707930367505
0.1,417,0.07115007156000817
0.07,959,0.05929313459801265
0.1,359,0.07204013377926421
0.1,255,0.10688341376682753
0.14,287,0.09957443257676901
0.17,154,0.1287788533134773
0.11,310,0.09567447045707915
0.09,358,0.09170299401197606
0.09,315,0.08968655207280081
0.12,245,0.09451450189155107
0.1,309,0.09751131221719457
0.12,295,0.0787194267019785
0.1,269,0.10557432432432433
0.12,164,0.12714285714285714
0.15,171,0.12868300565580393
0.15,144,0.14534322820037104
0.11,254,0.1070827489481066
0.12,277,0.10270123839009287
0.12,202,0.09351485148514853
0.12,194,0.11595974119338608
0.12,316,0.09550449550449551
0.11,299,0.09775731310942577
0.1,378,0.08497686524002313
0.11,312,0.08589005847953217
0.1,308,0.09770525242223356
0.12,267,0.10953271028037385
0.13,178,0.12242352242352243
0.11,417,0.07046082949308756
0.11,244,0.11098200899550226
0.13,177,0.1175
0.07,279,0.08462809917355373
0.11,280,0.09633923778851315
0.08,273,0.08349779681002917
0.1,289,0.10094339622641509
0.19,40,0.17551020408163265
0.18,106,0.1518867924528302
0.12,217,0.10356829848503818
0.12,243,0.1084634663582032
0.12,291,0.09024104452628053
0.12,279,0.10724484399788471
0.1,306,0.08739995673804886
0.1,370,0.07902097902097902
0.12,302,0.0857449188886817
0.09,334,0.07908667419536985
0.11,312,0.08708130081300813
0.1,301,0.09236592387248106
0.11,302,0.08442137404580152
0.06,353,0.07633290562364498
0.09,294,0.07103571428571429
0.05,339,0.07746639325586693
0.1,399,0.07533628197528612
0.08,347,0.07383004926108375
0.08,301,0.07674131775397598
0.08,409,0.07882996632996632
0.05,374,0.064809165137034
0.12,152,0.102
0.11,270,0.07660145761411585
0.11,359,0.07662271805273833
0.1,317,0.09615384615384615
0.11,331,0.08881118881118881
0.11,298,0.0826006843906291
0.09,374,0.08624161073825504
0.09,387,0.08147804576376005
0.1,306,0.07992439992439992
0.12,273,0.08417721518987342
0.1,820,0.07967032967032966
0.12,183,0.10097812097812098
0.13,199,0.11756425948592412
0.11,187,0.11868131868131869
0.15,102,0.1253577106518283
0.11,192,0.10625
0.12,171,0.12297297297297298
0.12,221,0.11102729885057472
0.12,174,0.10681818181818181
0.11,247,0.09677672955974842
0.12,172,0.11896929824561404
0.12,197,0.10912778904665314
0.12,187,0.10345528455284553
0.14,140,0.1313677313677314
0.14,145,0.11369747899159664
0.12,173,0.11506024096385542
0.12,208,0.11438307030129125
0.12,205,0.10850498338870433
0.14,167,0.11778612012987012
0.13,158,0.13967016491754125
0.12,199,0.10597622027534419
0.12,196,0.10859082397003746
0.11,210,0.10762973352033661
0.15,178,0.1309420046932618
0.12,143,0.105890603085554
0.14,148,0.12397260273972603
0.12,194,0.11456519145890492
0.16,156,0.1175
0.11,203,0.09276521739130435
0.11,193,0.11666666666666665
0.12,234,0.10883418584825237
0.12,187,0.10709449514277303
0.11,230,0.10328495034377387
0.12,182,0.12107544517338331
0.11,208,0.113
0.15,95,0.18034583119328884
0.16,121,0.15444015444015446
0.14,153,0.09838395638629283
0.12,197,0.11617256637168143
0.1,237,0.10326340326340326
0.11,203,0.10090990187332738
0.1,238,0.09545248868778282
0.12,224,0.11067415730337078
0.11,346,0.10007722007722009
0.12,209,0.1118104667609618
0.12,214,0.1098251748251748
0.12,199,0.10838709677419356
0.12,206,0.09921739130434783
0.11,209,0.11068388330942132
0.08,361,0.09375
0.12,228,0.1087873648505406
0.11,234,0.10302286865854726
0.11,206,0.10600732600732603
0.12,187,0.12162162162162164
0.11,273,0.10247388675096207
0.07,353,0.06872420262664165
0.1,319,0.07934782608695652
0.09,375,0.08319303338171262
0.1,209,0.10836363636363637
0.09,239,0.09194805194805193
0.12,278,0.09461373964180701
0.12,251,0.09639458901753983
0.09,267,0.10159235668789808
0.12,226,0.10961240310077519
0.09,250,0.10192307692307694
0.11,290,0.09104617862896008
0.12,292,0.09107040967705123
0.11,314,0.07674918606794029
0.08,257,0.08369891480027707
0.12,280,0.08110741971207087
0.09,328,0.08116164500928173
0.09,315,0.07246159854204635
0.09,348,0.08289882737932915
0.09,323,0.07953379334748761
0.08,333,0.09026229508196722
0.12,267,0.10832054560954817
0.12,366,0.08577425742574257
0.1,314,0.08935258438818566
0.12,565,0.09218750000000002
0.12,201,0.10206131078224101
0.11,249,0.10541978148361125
0.11,237,0.10679828645930341
0.14,169,0.1372093023255814
0.12,339,0.08214285714285713
0.1,346,0.08147899159663866
0.12,202,0.11923076923076924
0.12,144,0.10029411764705883
0.09,319,0.08105052125100241
0.11,282,0.08797297297297298
0.12,251,0.09464891041162227
0.12,302,0.09149441918147995
0.08,258,0.09920989862850328
0.11,264,0.10192688499619192
0.1,222,0.10486020381499868
0.12,291,0.08731683222655177
0.1,250,0.10482264546566485
0.1,292,0.09446987032799388
0.12,253,0.10125588697017268
0.09,256,0.10274070885349403
0.13,278,0.10440959889110284
0.12,294,0.08071459319845027
0.1,343,0.09351484212516543
0.09,279,0.08253837719298246
0.11,362,0.08103448275862069
0.08,304,0.08454247174626321
0.12,330,0.07931818181818182
0.12,287,0.09999999999999999
0.1,311,0.08986961920529801
0.1,346,0.09287320261437909
0.08,313,0.08181288254153307
0.11,259,0.09659155823548081
0.11,170,0.10652941176470587
0.12,234,0.09280629921259842
0.11,453,0.10242718446601944
0.1,232,0.10101986754966889
0.11,276,0.10055004135649297
0.12,237,0.11106048053024027
0.14,206,0.09782903663500679
0.11,185,0.12142658122039567
0.12,229,0.10999999999999999
0.12,200,0.10248484848484847
0.1,274,0.09894339622641508
0.09,319,0.08576158940397353
0.09,338,0.08186952288218112
0.14,621,0.09216269841269842
0.1,594,0.08272727272727273
0.11,230,0.0991497975708502
0.11,250,0.09845841784989857
0.1,289,0.09512951969778738
0.12,285,0.08666388541232095
0.12,264,0.09416495735722769
0.11,235,0.11024680687602036
0.12,271,0.09643625926811768
0.1,258,0.09515603167210059
0.11,235,0.10056022408963587
0.1,239,0.09961403508771931
0.11,261,0.10238543155993679
0.12,228,0.10415826612903227
0.1,249,0.11100392413342053
0.1,383,0.09228187919463088
0.1,330,0.07833878887070377
0.11,249,0.09789090909090908
0.12,226,0.0889366515837104
0.11,231,0.10237434474252234
0.12,203,0.09960474308300397
0.11,289,0.09172603424571928
0.11,230,0.10532695374800638
0.1,260,0.11042024013722125
0.11,221,0.09974358974358973
0.1,239,0.09550943396226415
0.11,245,0.0975483870967742
0.12,215,0.10422410745846589
0.1,296,0.0802334806755072
0.12,257,0.09992307692307693
0.11,259,0.10083376758728506
0.08,344,0.06458333333333333
0.09,232,0.08682950191570882
0.05,371,0.05559754952818536
0.08,237,0.09006317451961043
0.13,139,0.1327922077922078
0.08,287,0.08278116178873866
0.09,287,0.08426679280983917
0.05,342,0.05853535353535353
0.09,251,0.07302493303111478
0.08,326,0.0801490514905149
0.18,22,0.2559060895084373
0.35,88,0.38275862068965516
0.08,370,0.0718407960199005
0.07,431,0.06551145038167938
0.07,357,0.08439490445859872
0.09,279,0.07657456922162804
0.11,239,0.08977272727272727
0.09,227,0.08257575757575758
0.09,234,0.07271930354875764
0.09,326,0.07103282143932552
0.04,421,0.05077399380804954
0.06,353,0.05540475618544319
0.1,299,0.0920505747126437
0.07,322,0.07611940298507462
0.05,357,0.055227046134324304
0.1,236,0.0913938492063492
0.08,287,0.0880058651026393
0.1,275,0.08439623180131317
0.07,357,0.0757142857142857
0.06,363,0.048681318681318676
0.08,307,0.06624423963133641
0.09,265,0.0724547446097083
0.08,314,0.08249030590262818
0.1,292,0.07787190782785497
0.08,268,0.0716788665879575
0.06,271,0.07450813116502267
0.09,260,0.08033980582524272
0.08,325,0.08100131752305664
0.08,309,0.08284090909090909
0.08,261,0.07485380116959064
0.09,269,0.07853860294117647
0.07,297,0.06558990760483298
0.1,270,0.08861223701988034
0.09,287,0.08523059219261749
0.08,322,0.06815633636004736
0.06,298,0.0625277005045028
0.09,323,0.062421052631578954
0.07,399,0.06577610631652936
0.08,362,0.07387778505897771
0.08,415,0.17263289036544852
0.08,255,0.08215799387803155
0.06,351,0.07203118089340999
0.07,281,0.06597967250141162
0.08,298,0.08175
0.09,327,0.07857142857142857
0.08,323,0.07289915966386554
0.07,383,0.050878265703168425
0.23,29,0.21162790697674416
0.08,300,0.08246767241379312
0.08,360,0.06747594742309951
0.08,440,0.05582553991006776
0.08,331,0.07719332298136646
0.08,340,0.05616498081618417
0.1,270,0.09031228313671062
0.07,377,0.05907719609582964
0.1,258,0.08668009669621272
0.11,276,0.09019499969435785
0.08,275,0.06829652391012099
0.07,339,0.05703453751488686
0.08,304,0.06709635604205674
0.08,271,0.08150183150183149
0.07,334,0.0765273132664437
0.07,371,0.07257163671685284
0.1,293,0.08586148648648649
0.09,234,0.09491582617824605
0.06,362,0.06892884036144578
0.04,470,0.047367547706530753
0.08,360,0.07269292055542909
0.1,212,0.09522342064714946
0.09,234,0.09793436293436293
0.12,199,0.11564512980675386
0.11,322,0.08050847457627118
0.1,289,0.08662337662337664
0.09,356,0.08034437946718648
0.08,365,0.08400313971742542
0.11,227,0.09730263157894736
0.09,363,0.08509759759759761
0.13,198,0.10526960784313726
0.1,352,0.08438975888640317
0.13,178,0.12012987012987013
0.1,288,0.09346428571428571
0.11,509,0.09841582302212222
0.12,543,0.09290254237288136
0.12,161,0.11959223572126798
0.14,129,0.11911764705882351
0.17,121,0.10612200435729847
0.12,128,0.10169360051712993
0.1,320,0.09135942591439973
0.12,193,0.1153241273494438
0.12,167,0.12105263157894737
0.15,153,0.13122994652406417
0.17,45,0.1542962962962963
0.16,89,0.15876978742650383
0.1,274,0.08605319433306602
0.16,85,0.13186813186813187
0.12,150,0.11112266112266113
0.13,186,0.11377025036818851
0.12,176,0.12241379310344828
0.09,229,0.10025
0.08,317,0.08011374230840947
0.16,136,0.14786324786324787
0.15,102,0.11295469912102772
0.12,135,0.12469271023487889
0.12,197,0.11494845360824742
0.07,297,0.07904923599320883
0.19,50,0.16191176470588237
0.17,81,0.14103415559772298
0.07,357,0.07023446483027546
0.12,209,0.11792402354200106
0.08,385,0.06759231431948869
0.12,207,0.11923076923076924
0.15,123,0.12560283687943263
0.26,12,0.2088235294117647
0.12,174,0.12454954954954955
0.13,202,0.12364864864864865
0.1,343,0.07925909244454453
0.07,355,0.06381170192490947
0.12,127,0.11436063936063935
0.15,153,0.10806451612903227
0.1,353,0.08019857720456523
0.16,105,0.12078651685393259
0.1,229,0.10044817927170868
0.11,323,0.08475437605872388
0.07,344,0.06843326885880077
0.12,147,0.1325914861837192
0.08,335,0.08573544973544973
0.12,190,0.11729060059251278
0.13,324,0.12157983193277311
0.08,344,0.0828125
0.11,211,0.101268834258525
0.09,369,0.08315907393577297
0.12,181,0.11873568483737977
0.09,384,0.0812953995157385
0.08,276,0.09761904761904762
0.12,155,0.12777543267201352
0.07,521,0.06730146437623204
0.12,229,0.10636052689032821
0.07,330,0.08140321217244295
0.08,402,0.06823467065681599
0.11,363,0.07456140350877193
0.06,373,0.08216370299986425
0.11,244,0.10468187274909964
0.14,132,0.1103174603174603
0.1,205,0.11352941176470588
0.18,51,0.1841269841269841
0.1,273,0.10364539007092198
0.11,230,0.1161817587446878
0.11,255,0.10523532048408786
0.06,463,0.07763096991373869
0.1,272,0.08675842429995255
0.06,418,0.07128378378378379
0.09,445,0.07540504391710216
0.04,564,0.0495219382387524
0.09,393,0.08673469387755102
0.06,435,0.06600719424460431
0.04,466,0.04878930886958056
0.1,324,0.08539325842696628
0.06,405,0.0734978540772532
0.09,369,0.09029850746268657
0.09,438,0.07827225130890053
0.12,780,0.11909527918156045
0.07,461,0.07172350230414747
0.06,754,0.0727837380011293
0.08,970,0.07443438914027149
0.1,364,0.08404067197170646
0.09,379,0.08508983844179374
0.09,297,0.10014049233400525
0.1,441,0.07044278533412182
0.05,417,0.06419166846535722
0.08,608,0.08325788679510124
0.08,453,0.07175913587408093
0.17,107,0.14257713248638837
0.07,424,0.06719363801858771
0.08,410,0.07601903970382684
0.15,117,0.1426839826839827
0.08,332,0.09861878453038674
0.12,247,0.09653846153846153
0.11,284,0.09391891891891892
0.09,341,0.08450877733292268
0.11,408,0.08137795007821533
0.11,274,0.10327536231884056
0.04,409,0.043995929443690636
0.06,439,0.06639020115003955
0.08,384,0.0876304347826087
0.09,339,0.08776595744680853
0.11,292,0.06974196575181796
0.12,268,0.09757281553398058
0.1,229,0.09455899198167239
0.1,259,0.10057302585604472
0.06,410,0.07251284026707755
0.1,353,0.08618090452261307
0.05,412,0.06612203934162987
0.09,487,0.0711435738527372
0.06,766,0.06812080536912751
0.05,444,0.0643005540166205
0.1,443,0.07857142857142857
0.06,408,0.0791817131301459
0.09,378,0.07965246345143333
0.08,429,0.06735654250462389
0.03,516,0.04140489735345041
0.06,429,0.0640625
0.04,444,0.04763208321927183
0.1,416,0.06987884436160298
0.06,470,0.06607911457265833
0.08,450,0.06313267095265926
0.08,417,0.0702347891946478
0.07,424,0.06734249731961403
0.08,386,0.07558057705840956
0.11,364,0.06557923208866605
0.1,372,0.08024204897269913
0.06,437,0.07397601218701053
0.08,440,0.06713898364383801
0.08,480,0.06016732481092296
0.07,386,0.08009932170542637
0.09,384,0.07850847457627118
0.08,343,0.08559349593495935
0.07,522,0.07718032786885247
0.09,434,0.055953742533994155
0.09,327,0.09695652173913044
0.11,327,0.09326267281105989
0.12,441,0.09417077175697865
0.07,401,0.08250700841009212
0.1,339,0.06945689565308037
0.11,286,0.08129880270692348
0.12,411,0.07821176470588236
0.11,332,0.09166118421052631
0.04,467,0.062489143651207224
0.08,371,0.08483870967741935
0.04,558,0.04507042253521127
0.09,378,0.06590321453529001
0.1,363,0.08346256288842853
0.07,389,0.08000538647993537
0.1,433,0.07334155157644011
0.04,423,0.04876088619149828
0.08,462,0.05963048335673723
0.09,432,0.06150800197987131
