1,1.1,1.1.2,1.1.3,1.1.3.2,1.2.2,1.2.2.1,2,2.2,2.2.1,3,3.1.1,4,4.1,4.1.1,4.1.1.3,4.1.2,4.1.2.1,4.2,4.2.2,4.2.2.2,4.3,4.3.2,4.3.2.1,4.3.3,4.3.4,4.3.4.1,4.3.4.2,4.3.4.2.1,4.4,4.4.1,4.4.1.1,4.4.1.2,4.6,4.6.1,4.6.1.1,4.6.1.2,4.8,4.9,4.9.1,bov
219.0,219.0,219.0,219.0,219,219.0,219.0,22412.0,22412.0,22412.0,22334.0,22334.0,868.0,868.0,868.0,868.0,868.0,868.0,868.0,868.0,868.0,868.0,868.0,868.0,868.0,868.0,868.0,868.0,868.0,868.0,868.0,868.0,868.0,868.0,868.0,868.0,868.0,868.0,868.0,868.0,269.0
247.0,247.0,247.0,247.0,247,247.0,247.0,22427.0,22427.0,22427.0,431.0,431.0,1266.0,1266.0,1266.0,1266.0,1266.0,1266.0,1266.0,1266.0,1266.0,1266.0,1266.0,1266.0,1266.0,1266.0,1266.0,1266.0,1266.0,1266.0,1266.0,1266.0,1266.0,1266.0,1266.0,1266.0,1266.0,1266.0,1266.0,1266.0,469.0
483.0,483.0,483.0,483.0,483,483.0,483.0,623.0,623.0,623.0,515.0,515.0,1506.0,1506.0,1506.0,1506.0,1506.0,1506.0,1506.0,1506.0,1506.0,1506.0,1506.0,1506.0,1506.0,1506.0,1506.0,1506.0,1506.0,1506.0,1506.0,1506.0,1506.0,1506.0,1506.0,1506.0,1506.0,1506.0,1506.0,1506.0,1185.0
485.0,485.0,485.0,485.0,485,485.0,485.0,993.0,993.0,993.0,887.0,887.0,22900.0,22900.0,22900.0,22900.0,22900.0,22900.0,22900.0,22900.0,22900.0,22900.0,22900.0,22900.0,22900.0,22900.0,22900.0,22900.0,22900.0,22900.0,22900.0,22900.0,22900.0,22900.0,22900.0,22900.0,22900.0,22900.0,22900.0,22900.0,1429.0
22469.0,22469.0,22469.0,22469.0,22469,22469.0,22469.0,1683.0,1683.0,1683.0,1027.0,1027.0,2198.0,2198.0,2198.0,2198.0,2198.0,2198.0,2198.0,2198.0,2198.0,2198.0,2198.0,2198.0,2198.0,2198.0,2198.0,2198.0,2198.0,2198.0,2198.0,2198.0,2198.0,2198.0,2198.0,2198.0,2198.0,2198.0,2198.0,2198.0,22802.0
555.0,555.0,555.0,555.0,555,555.0,555.0,22913.0,22913.0,22913.0,1147.0,1147.0,2494.0,2494.0,2494.0,2494.0,2494.0,2494.0,2494.0,2494.0,2494.0,2494.0,2494.0,2494.0,2494.0,2494.0,2494.0,2494.0,2494.0,2494.0,2494.0,2494.0,2494.0,2494.0,2494.0,2494.0,2494.0,2494.0,2494.0,2494.0,1741.0
681.0,681.0,681.0,681.0,681,681.0,681.0,2731.0,2731.0,2731.0,1311.0,1311.0,2810.0,2810.0,2810.0,2810.0,2810.0,2810.0,2810.0,2810.0,2810.0,2810.0,2810.0,2810.0,2810.0,2810.0,2810.0,2810.0,2810.0,2810.0,2810.0,2810.0,2810.0,2810.0,2810.0,2810.0,2810.0,2810.0,2810.0,2810.0,2215.0
929.0,929.0,929.0,929.0,929,929.0,929.0,2847.0,2847.0,2847.0,22778.0,22778.0,2814.0,2814.0,2814.0,2814.0,2814.0,2814.0,2814.0,2814.0,2814.0,2814.0,2814.0,2814.0,2814.0,2814.0,2814.0,2814.0,2814.0,2814.0,2814.0,2814.0,2814.0,2814.0,2814.0,2814.0,2814.0,2814.0,2814.0,2814.0,2711.0
977.0,977.0,977.0,977.0,977,977.0,977.0,3507.0,3507.0,3507.0,1631.0,1631.0,2848.0,2848.0,2848.0,2848.0,2848.0,2848.0,2848.0,2848.0,2848.0,2848.0,2848.0,2848.0,2848.0,2848.0,2848.0,2848.0,2848.0,2848.0,2848.0,2848.0,2848.0,2848.0,2848.0,2848.0,2848.0,2848.0,2848.0,2848.0,3233.0
991.0,991.0,991.0,991.0,991,991.0,991.0,3633.0,3633.0,3633.0,1649.0,1649.0,23179.0,23179.0,23179.0,23179.0,23179.0,23179.0,23179.0,23179.0,23179.0,23179.0,23179.0,23179.0,23179.0,23179.0,23179.0,23179.0,23179.0,23179.0,23179.0,23179.0,23179.0,23179.0,23179.0,23179.0,23179.0,23179.0,23179.0,23179.0,3533.0
1047.0,1047.0,1047.0,1047.0,1047,1047.0,1047.0,4417.0,4417.0,4417.0,1785.0,1785.0,3248.0,3248.0,3248.0,3248.0,3248.0,3248.0,3248.0,3248.0,3248.0,3248.0,3248.0,3248.0,3248.0,3248.0,3248.0,3248.0,3248.0,3248.0,3248.0,3248.0,3248.0,3248.0,3248.0,3248.0,3248.0,3248.0,3248.0,3248.0,3909.0
22646.0,22646.0,22646.0,22646.0,22646,22646.0,22646.0,4499.0,4499.0,4499.0,1971.0,1971.0,3358.0,3358.0,3358.0,3358.0,3358.0,3358.0,3358.0,3358.0,3358.0,3358.0,3358.0,3358.0,3358.0,3358.0,3358.0,3358.0,3358.0,3358.0,3358.0,3358.0,3358.0,3358.0,3358.0,3358.0,3358.0,3358.0,3358.0,3358.0,4025.0
1241.0,1241.0,1241.0,1241.0,1241,1241.0,1241.0,24185.0,24185.0,24185.0,22928.0,22928.0,3658.0,3658.0,3658.0,3658.0,3658.0,3658.0,3658.0,3658.0,3658.0,3658.0,3658.0,3658.0,3658.0,3658.0,3658.0,3658.0,3658.0,3658.0,3658.0,3658.0,3658.0,3658.0,3658.0,3658.0,3658.0,3658.0,3658.0,3658.0,4239.0
1581.0,1581.0,1581.0,1581.0,1581,1581.0,1581.0,6141.0,6141.0,6141.0,2467.0,2467.0,4096.0,4096.0,4096.0,4096.0,4096.0,4096.0,4096.0,4096.0,4096.0,4096.0,4096.0,4096.0,4096.0,4096.0,4096.0,4096.0,4096.0,4096.0,4096.0,4096.0,4096.0,4096.0,4096.0,4096.0,4096.0,4096.0,4096.0,4096.0,4259.0
1711.0,1711.0,1711.0,1711.0,1711,1711.0,1711.0,6275.0,6275.0,6275.0,23012.0,23012.0,5104.0,5104.0,5104.0,5104.0,5104.0,5104.0,5104.0,5104.0,5104.0,5104.0,5104.0,5104.0,5104.0,5104.0,5104.0,5104.0,5104.0,5104.0,5104.0,5104.0,5104.0,5104.0,5104.0,5104.0,5104.0,5104.0,5104.0,5104.0,4783.0
1911.0,1911.0,1911.0,1911.0,1911,1911.0,1911.0,6815.0,6815.0,6815.0,2507.0,2507.0,5604.0,5604.0,5604.0,5604.0,5604.0,5604.0,5604.0,5604.0,5604.0,5604.0,5604.0,5604.0,5604.0,5604.0,5604.0,5604.0,5604.0,5604.0,5604.0,5604.0,5604.0,5604.0,5604.0,5604.0,5604.0,5604.0,5604.0,5604.0,23966.0
1983.0,1983.0,1983.0,1983.0,1983,1983.0,1983.0,8039.0,8039.0,8039.0,2963.0,2963.0,5800.0,5800.0,5800.0,5800.0,5800.0,5800.0,5800.0,5800.0,5800.0,5800.0,5800.0,5800.0,5800.0,5800.0,5800.0,5800.0,5800.0,5800.0,5800.0,5800.0,5800.0,5800.0,5800.0,5800.0,5800.0,5800.0,5800.0,5800.0,6043.0
2043.0,2043.0,2043.0,2043.0,2043,2043.0,2043.0,8341.0,8341.0,8341.0,3063.0,3063.0,5880.0,5880.0,5880.0,5880.0,5880.0,5880.0,5880.0,5880.0,5880.0,5880.0,5880.0,5880.0,5880.0,5880.0,5880.0,5880.0,5880.0,5880.0,5880.0,5880.0,5880.0,5880.0,5880.0,5880.0,5880.0,5880.0,5880.0,5880.0,6393.0
2117.0,2117.0,2117.0,2117.0,2117,2117.0,2117.0,25055.0,25055.0,25055.0,3519.0,3519.0,6024.0,6024.0,6024.0,6024.0,6024.0,6024.0,6024.0,6024.0,6024.0,6024.0,6024.0,6024.0,6024.0,6024.0,6024.0,6024.0,6024.0,6024.0,6024.0,6024.0,6024.0,6024.0,6024.0,6024.0,6024.0,6024.0,6024.0,6024.0,7307.0
2221.0,2221.0,2221.0,2221.0,2221,2221.0,2221.0,9355.0,9355.0,9355.0,4077.0,4077.0,6316.0,6316.0,6316.0,6316.0,6316.0,6316.0,6316.0,6316.0,6316.0,6316.0,6316.0,6316.0,6316.0,6316.0,6316.0,6316.0,6316.0,6316.0,6316.0,6316.0,6316.0,6316.0,6316.0,6316.0,6316.0,6316.0,6316.0,6316.0,7523.0
22955.0,22955.0,22955.0,22955.0,22955,22955.0,22955.0,9379.0,9379.0,9379.0,4479.0,4479.0,6370.0,6370.0,6370.0,6370.0,6370.0,6370.0,6370.0,6370.0,6370.0,6370.0,6370.0,6370.0,6370.0,6370.0,6370.0,6370.0,6370.0,6370.0,6370.0,6370.0,6370.0,6370.0,6370.0,6370.0,6370.0,6370.0,6370.0,6370.0,7825.0
22970.0,22970.0,22970.0,22970.0,22970,22970.0,22970.0,9619.0,9619.0,9619.0,23894.0,23894.0,6452.0,6452.0,6452.0,6452.0,6452.0,6452.0,6452.0,6452.0,6452.0,6452.0,6452.0,6452.0,6452.0,6452.0,6452.0,6452.0,6452.0,6452.0,6452.0,6452.0,6452.0,6452.0,6452.0,6452.0,6452.0,6452.0,6452.0,6452.0,8741.0
2401.0,2401.0,2401.0,2401.0,2401,2401.0,2401.0,9947.0,9947.0,9947.0,5083.0,5083.0,6642.0,6642.0,6642.0,6642.0,6642.0,6642.0,6642.0,6642.0,6642.0,6642.0,6642.0,6642.0,6642.0,6642.0,6642.0,6642.0,6642.0,6642.0,6642.0,6642.0,6642.0,6642.0,6642.0,6642.0,6642.0,6642.0,6642.0,6642.0,8819.0
2503.0,2503.0,2503.0,2503.0,2503,2503.0,2503.0,10077.0,10077.0,10077.0,5385.0,5385.0,7064.0,7064.0,7064.0,7064.0,7064.0,7064.0,7064.0,7064.0,7064.0,7064.0,7064.0,7064.0,7064.0,7064.0,7064.0,7064.0,7064.0,7064.0,7064.0,7064.0,7064.0,7064.0,7064.0,7064.0,7064.0,7064.0,7064.0,7064.0,9347.0
2603.0,2603.0,2603.0,2603.0,2603,2603.0,2603.0,10505.0,10505.0,10505.0,24062.0,24062.0,7650.0,7650.0,7650.0,7650.0,7650.0,7650.0,7650.0,7650.0,7650.0,7650.0,7650.0,7650.0,7650.0,7650.0,7650.0,7650.0,7650.0,7650.0,7650.0,7650.0,7650.0,7650.0,7650.0,7650.0,7650.0,7650.0,7650.0,7650.0,9667.0
2817.0,2817.0,2817.0,2817.0,2817,2817.0,2817.0,25745.0,25745.0,25745.0,5429.0,5429.0,8170.0,8170.0,8170.0,8170.0,8170.0,8170.0,8170.0,8170.0,8170.0,8170.0,8170.0,8170.0,8170.0,8170.0,8170.0,8170.0,8170.0,8170.0,8170.0,8170.0,8170.0,8170.0,8170.0,8170.0,8170.0,8170.0,8170.0,8170.0,9917.0
23237.0,23237.0,23237.0,23237.0,23237,23237.0,23237.0,10943.0,10943.0,10943.0,5695.0,5695.0,9432.0,9432.0,9432.0,9432.0,9432.0,9432.0,9432.0,9432.0,9432.0,9432.0,9432.0,9432.0,9432.0,9432.0,9432.0,9432.0,9432.0,9432.0,9432.0,9432.0,9432.0,9432.0,9432.0,9432.0,9432.0,9432.0,9432.0,9432.0,10027.0
3175.0,3175.0,3175.0,3175.0,3175,3175.0,3175.0,11605.0,11605.0,11605.0,6023.0,6023.0,9480.0,9480.0,9480.0,9480.0,9480.0,9480.0,9480.0,9480.0,9480.0,9480.0,9480.0,9480.0,9480.0,9480.0,9480.0,9480.0,9480.0,9480.0,9480.0,9480.0,9480.0,9480.0,9480.0,9480.0,9480.0,9480.0,9480.0,9480.0,10445.0
3227.0,3227.0,3227.0,3227.0,3227,3227.0,3227.0,11961.0,11961.0,11961.0,6063.0,6063.0,25315.0,25315.0,25315.0,25315.0,25315.0,25315.0,25315.0,25315.0,25315.0,25315.0,25315.0,25315.0,25315.0,25315.0,25315.0,25315.0,25315.0,25315.0,25315.0,25315.0,25315.0,25315.0,25315.0,25315.0,25315.0,25315.0,25315.0,25315.0,10515.0
3289.0,3289.0,3289.0,3289.0,3289,3289.0,3289.0,26294.0,26294.0,26294.0,6065.0,6065.0,10030.0,10030.0,10030.0,10030.0,10030.0,10030.0,10030.0,10030.0,10030.0,10030.0,10030.0,10030.0,10030.0,10030.0,10030.0,10030.0,10030.0,10030.0,10030.0,10030.0,10030.0,10030.0,10030.0,10030.0,10030.0,10030.0,10030.0,10030.0,11029.0
23339.0,23339.0,23339.0,23339.0,23339,23339.0,23339.0,12885.0,12885.0,12885.0,6067.0,6067.0,10860.0,10860.0,10860.0,10860.0,10860.0,10860.0,10860.0,10860.0,10860.0,10860.0,10860.0,10860.0,10860.0,10860.0,10860.0,10860.0,10860.0,10860.0,10860.0,10860.0,10860.0,10860.0,10860.0,10860.0,10860.0,10860.0,10860.0,10860.0,11053.0
3487.0,3487.0,3487.0,3487.0,3487,3487.0,3487.0,13531.0,13531.0,13531.0,24320.0,24320.0,12218.0,12218.0,12218.0,12218.0,12218.0,12218.0,12218.0,12218.0,12218.0,12218.0,12218.0,12218.0,12218.0,12218.0,12218.0,12218.0,12218.0,12218.0,12218.0,12218.0,12218.0,12218.0,12218.0,12218.0,12218.0,12218.0,12218.0,12218.0,11343.0
3501.0,3501.0,3501.0,3501.0,3501,3501.0,3501.0,13829.0,13829.0,13829.0,6425.0,6425.0,12456.0,12456.0,12456.0,12456.0,12456.0,12456.0,12456.0,12456.0,12456.0,12456.0,12456.0,12456.0,12456.0,12456.0,12456.0,12456.0,12456.0,12456.0,12456.0,12456.0,12456.0,12456.0,12456.0,12456.0,12456.0,12456.0,12456.0,12456.0,11447.0
3607.0,3607.0,3607.0,3607.0,3607,3607.0,3607.0,14283.0,14283.0,14283.0,24437.0,24437.0,13738.0,13738.0,13738.0,13738.0,13738.0,13738.0,13738.0,13738.0,13738.0,13738.0,13738.0,13738.0,13738.0,13738.0,13738.0,13738.0,13738.0,13738.0,13738.0,13738.0,13738.0,13738.0,13738.0,13738.0,13738.0,13738.0,13738.0,13738.0,12563.0
23396.0,23396.0,23396.0,23396.0,23396,23396.0,23396.0,15195.0,15195.0,15195.0,6769.0,6769.0,14128.0,14128.0,14128.0,14128.0,14128.0,14128.0,14128.0,14128.0,14128.0,14128.0,14128.0,14128.0,14128.0,14128.0,14128.0,14128.0,14128.0,14128.0,14128.0,14128.0,14128.0,14128.0,14128.0,14128.0,14128.0,14128.0,14128.0,14128.0,26492.0
23438.0,23438.0,23438.0,23438.0,23438,23438.0,23438.0,15321.0,15321.0,15321.0,7091.0,7091.0,14232.0,14232.0,14232.0,14232.0,14232.0,14232.0,14232.0,14232.0,14232.0,14232.0,14232.0,14232.0,14232.0,14232.0,14232.0,14232.0,14232.0,14232.0,14232.0,14232.0,14232.0,14232.0,14232.0,14232.0,14232.0,14232.0,14232.0,14232.0,12809.0
3887.0,3887.0,3887.0,3887.0,3887,3887.0,3887.0,16583.0,16583.0,16583.0,24596.0,24596.0,14564.0,14564.0,14564.0,14564.0,14564.0,14564.0,14564.0,14564.0,14564.0,14564.0,14564.0,14564.0,14564.0,14564.0,14564.0,14564.0,14564.0,14564.0,14564.0,14564.0,14564.0,14564.0,14564.0,14564.0,14564.0,14564.0,14564.0,14564.0,13479.0
3899.0,3899.0,3899.0,3899.0,3899,3899.0,3899.0,17965.0,17965.0,17965.0,7677.0,7677.0,14768.0,14768.0,14768.0,14768.0,14768.0,14768.0,14768.0,14768.0,14768.0,14768.0,14768.0,14768.0,14768.0,14768.0,14768.0,14768.0,14768.0,14768.0,14768.0,14768.0,14768.0,14768.0,14768.0,14768.0,14768.0,14768.0,14768.0,14768.0,13741.0
30356.0,30356.0,30356.0,30356.0,30356,30356.0,30356.0,18751.0,18751.0,18751.0,8333.0,8333.0,15066.0,15066.0,15066.0,15066.0,15066.0,15066.0,15066.0,15066.0,15066.0,15066.0,15066.0,15066.0,15066.0,15066.0,15066.0,15066.0,15066.0,15066.0,15066.0,15066.0,15066.0,15066.0,15066.0,15066.0,15066.0,15066.0,15066.0,15066.0,13999.0
4071.0,4071.0,4071.0,4071.0,4071,4071.0,4071.0,18755.0,18755.0,18755.0,8459.0,8459.0,15192.0,15192.0,15192.0,15192.0,15192.0,15192.0,15192.0,15192.0,15192.0,15192.0,15192.0,15192.0,15192.0,15192.0,15192.0,15192.0,15192.0,15192.0,15192.0,15192.0,15192.0,15192.0,15192.0,15192.0,15192.0,15192.0,15192.0,15192.0,14535.0
4411.0,4411.0,4411.0,4411.0,4411,4411.0,4411.0,19019.0,19019.0,19019.0,8853.0,8853.0,27493.0,27493.0,27493.0,27493.0,27493.0,27493.0,27493.0,27493.0,27493.0,27493.0,27493.0,27493.0,27493.0,27493.0,27493.0,27493.0,27493.0,27493.0,27493.0,27493.0,27493.0,27493.0,27493.0,27493.0,27493.0,27493.0,27493.0,27493.0,27215.0
4489.0,4489.0,4489.0,4489.0,4489,4489.0,4489.0,19869.0,19869.0,19869.0,8931.0,8931.0,15954.0,15954.0,15954.0,15954.0,15954.0,15954.0,15954.0,15954.0,15954.0,15954.0,15954.0,15954.0,15954.0,15954.0,15954.0,15954.0,15954.0,15954.0,15954.0,15954.0,15954.0,15954.0,15954.0,15954.0,15954.0,15954.0,15954.0,15954.0,27953.0
4505.0,4505.0,4505.0,4505.0,4505,4505.0,4505.0,29282.0,29282.0,29282.0,9335.0,9335.0,28096.0,28096.0,28096.0,28096.0,28096.0,28096.0,28096.0,28096.0,28096.0,28096.0,28096.0,28096.0,28096.0,28096.0,28096.0,28096.0,28096.0,28096.0,28096.0,28096.0,28096.0,28096.0,28096.0,28096.0,28096.0,28096.0,28096.0,28096.0,16871.0
4563.0,4563.0,4563.0,4563.0,4563,4563.0,4563.0,20153.0,20153.0,20153.0,9763.0,9763.0,16712.0,16712.0,16712.0,16712.0,16712.0,16712.0,16712.0,16712.0,16712.0,16712.0,16712.0,16712.0,16712.0,16712.0,16712.0,16712.0,16712.0,16712.0,16712.0,16712.0,16712.0,16712.0,16712.0,16712.0,16712.0,16712.0,16712.0,16712.0,16873.0
4773.0,4773.0,4773.0,4773.0,4773,4773.0,4773.0,20759.0,20759.0,20759.0,9833.0,9833.0,17668.0,17668.0,17668.0,17668.0,17668.0,17668.0,17668.0,17668.0,17668.0,17668.0,17668.0,17668.0,17668.0,17668.0,17668.0,17668.0,17668.0,17668.0,17668.0,17668.0,17668.0,17668.0,17668.0,17668.0,17668.0,17668.0,17668.0,17668.0,28346.0
4921.0,4921.0,4921.0,4921.0,4921,4921.0,4921.0,29696.0,29696.0,29696.0,10057.0,10057.0,18458.0,18458.0,18458.0,18458.0,18458.0,18458.0,18458.0,18458.0,18458.0,18458.0,18458.0,18458.0,18458.0,18458.0,18458.0,18458.0,18458.0,18458.0,18458.0,18458.0,18458.0,18458.0,18458.0,18458.0,18458.0,18458.0,18458.0,18458.0,17323.0
4923.0,4923.0,4923.0,4923.0,4923,4923.0,4923.0,20983.0,20983.0,20983.0,10233.0,10233.0,19022.0,19022.0,19022.0,19022.0,19022.0,19022.0,19022.0,19022.0,19022.0,19022.0,19022.0,19022.0,19022.0,19022.0,19022.0,19022.0,19022.0,19022.0,19022.0,19022.0,19022.0,19022.0,19022.0,19022.0,19022.0,19022.0,19022.0,19022.0,17915.0
23912.0,23912.0,23912.0,23912.0,23912,23912.0,23912.0,29840.0,29840.0,29840.0,10283.0,10283.0,29173.0,29173.0,29173.0,29173.0,29173.0,29173.0,29173.0,29173.0,29173.0,29173.0,29173.0,29173.0,29173.0,29173.0,29173.0,29173.0,29173.0,29173.0,29173.0,29173.0,29173.0,29173.0,29173.0,29173.0,29173.0,29173.0,29173.0,29173.0,18017.0
5203.0,5203.0,5203.0,5203.0,5203,5203.0,5203.0,29876.0,29876.0,29876.0,10385.0,10385.0,19976.0,19976.0,19976.0,19976.0,19976.0,19976.0,19976.0,19976.0,19976.0,19976.0,19976.0,19976.0,19976.0,19976.0,19976.0,19976.0,19976.0,19976.0,19976.0,19976.0,19976.0,19976.0,19976.0,19976.0,19976.0,19976.0,19976.0,19976.0,18547.0
5357.0,5357.0,5357.0,5357.0,5357,5357.0,5357.0,21487.0,21487.0,21487.0,10575.0,10575.0,20406.0,20406.0,20406.0,20406.0,20406.0,20406.0,20406.0,20406.0,20406.0,20406.0,20406.0,20406.0,20406.0,20406.0,20406.0,20406.0,20406.0,20406.0,20406.0,20406.0,20406.0,20406.0,20406.0,20406.0,20406.0,20406.0,20406.0,20406.0,19317.0
5395.0,5395.0,5395.0,5395.0,5395,5395.0,5395.0,,22355.0,22355.0,10949.0,10949.0,20464.0,20464.0,20464.0,20464.0,20464.0,20464.0,20464.0,20464.0,20464.0,20464.0,20464.0,20464.0,20464.0,20464.0,20464.0,20464.0,20464.0,20464.0,20464.0,20464.0,20464.0,20464.0,20464.0,20464.0,20464.0,20464.0,20464.0,20464.0,29162.0
5427.0,5427.0,5427.0,5427.0,5427,5427.0,5427.0,,951.0,951.0,11511.0,11511.0,21038.0,21038.0,21038.0,21038.0,21038.0,21038.0,21038.0,21038.0,21038.0,21038.0,21038.0,21038.0,21038.0,21038.0,21038.0,21038.0,21038.0,21038.0,21038.0,21038.0,21038.0,21038.0,21038.0,21038.0,21038.0,21038.0,21038.0,21038.0,19945.0
5479.0,5479.0,5479.0,5479.0,5479,5479.0,5479.0,,1237.0,1237.0,11555.0,11555.0,21260.0,21260.0,21260.0,21260.0,21260.0,21260.0,21260.0,21260.0,21260.0,21260.0,21260.0,21260.0,21260.0,21260.0,21260.0,21260.0,21260.0,21260.0,21260.0,21260.0,21260.0,21260.0,21260.0,21260.0,21260.0,21260.0,21260.0,21260.0,20049.0
5511.0,5511.0,5511.0,5511.0,5511,5511.0,5511.0,,22715.0,22715.0,11565.0,11565.0,21638.0,21638.0,21638.0,21638.0,21638.0,21638.0,21638.0,21638.0,21638.0,21638.0,21638.0,21638.0,21638.0,21638.0,21638.0,21638.0,21638.0,21638.0,21638.0,21638.0,21638.0,21638.0,21638.0,21638.0,21638.0,21638.0,21638.0,21638.0,20089.0
5545.0,5545.0,5545.0,5545.0,5545,5545.0,5545.0,,1601.0,1601.0,11805.0,11805.0,22250.0,22250.0,22250.0,22250.0,22250.0,22250.0,22250.0,22250.0,22250.0,22250.0,22250.0,22250.0,22250.0,22250.0,22250.0,22250.0,22250.0,22250.0,22250.0,22250.0,22250.0,22250.0,22250.0,22250.0,22250.0,22250.0,22250.0,22250.0,20701.0
5575.0,5575.0,5575.0,5575.0,5575,5575.0,5575.0,,22805.0,22805.0,11895.0,11895.0,,413.0,413.0,413.0,413.0,413.0,361.0,361.0,361.0,159.0,159.0,159.0,159.0,159.0,159.0,159.0,159.0,5841.0,5841.0,5841.0,5841.0,22358.0,22358.0,22358.0,22358.0,24158.0,560.0,560.0,20735.0
5635.0,5635.0,5635.0,5635.0,5635,5635.0,5635.0,,2075.0,2075.0,11947.0,11947.0,,467.0,467.0,467.0,467.0,467.0,1283.0,1283.0,1283.0,1053.0,1053.0,1053.0,1053.0,1053.0,1053.0,1053.0,1053.0,24506.0,24506.0,24506.0,24506.0,423.0,423.0,423.0,423.0,6541.0,22789.0,22789.0,29666.0
5701.0,5701.0,5701.0,5701.0,5701,5701.0,5701.0,,23273.0,23273.0,12043.0,12043.0,,22823.0,22823.0,22823.0,22823.0,22823.0,1371.0,1371.0,1371.0,3015.0,3015.0,3015.0,3015.0,3015.0,3015.0,3015.0,3015.0,7093.0,7093.0,7093.0,7093.0,867.0,867.0,867.0,867.0,15907.0,3046.0,3046.0,20861.0
5751.0,5751.0,5751.0,5751.0,5751,5751.0,5751.0,,3889.0,3889.0,12465.0,12465.0,,2791.0,2791.0,2791.0,2791.0,2791.0,1865.0,1865.0,1865.0,3167.0,3167.0,3167.0,3167.0,3167.0,3167.0,3167.0,3167.0,7421.0,7421.0,7421.0,7421.0,1841.0,1841.0,1841.0,1841.0,15995.0,5326.0,5326.0,21115.0
24176.0,24176.0,24176.0,24176.0,24176,24176.0,24176.0,,4003.0,4003.0,26426.0,26426.0,,3759.0,3759.0,3759.0,3759.0,3759.0,2119.0,2119.0,2119.0,23483.0,23483.0,23483.0,23483.0,23483.0,23483.0,23483.0,23483.0,7861.0,7861.0,7861.0,7861.0,26240.0,26240.0,26240.0,26240.0,19055.0,8896.0,8896.0,21463.0
24215.0,24215.0,24215.0,24215.0,24215,24215.0,24215.0,,4429.0,4429.0,12555.0,12555.0,,4203.0,4203.0,4203.0,4203.0,4203.0,2335.0,2335.0,2335.0,23573.0,23573.0,23573.0,23573.0,23573.0,23573.0,23573.0,23573.0,8673.0,8673.0,8673.0,8673.0,30856.0,30856.0,30856.0,30856.0,20085.0,11494.0,11494.0,31224.0
6005.0,6005.0,6005.0,6005.0,6005,6005.0,6005.0,,4775.0,4775.0,26531.0,26531.0,,23879.0,23879.0,23879.0,23879.0,23879.0,2499.0,2499.0,2499.0,23639.0,23639.0,23639.0,23639.0,23639.0,23639.0,23639.0,23639.0,9309.0,9309.0,9309.0,9309.0,15915.0,15915.0,15915.0,15915.0,21451.0,12338.0,12338.0,21953.0
6077.0,6077.0,6077.0,6077.0,6077,6077.0,6077.0,,4917.0,4917.0,13103.0,13103.0,,4963.0,4963.0,4963.0,4963.0,4963.0,3111.0,3111.0,3111.0,4271.0,4271.0,4271.0,4271.0,4271.0,4271.0,4271.0,4271.0,10613.0,10613.0,10613.0,10613.0,,69.0,69.0,69.0,,17478.0,17478.0,
6085.0,6085.0,6085.0,6085.0,6085,6085.0,6085.0,,5077.0,5077.0,13477.0,13477.0,,5101.0,5101.0,5101.0,5101.0,5101.0,3259.0,3259.0,3259.0,4403.0,4403.0,4403.0,4403.0,4403.0,4403.0,4403.0,4403.0,26222.0,26222.0,26222.0,26222.0,,1377.0,1377.0,1377.0,,,107.0,
6357.0,6357.0,6357.0,6357.0,6357,6357.0,6357.0,,5393.0,5393.0,13485.0,13485.0,,7395.0,7395.0,7395.0,7395.0,7395.0,3283.0,3283.0,3283.0,5879.0,5879.0,5879.0,5879.0,5879.0,5879.0,5879.0,5879.0,14217.0,14217.0,14217.0,14217.0,,1549.0,1549.0,1549.0,,,199.0,
6403.0,6403.0,6403.0,6403.0,6403,6403.0,6403.0,,5699.0,5699.0,13593.0,13593.0,,7675.0,7675.0,7675.0,7675.0,7675.0,4401.0,4401.0,4401.0,6017.0,6017.0,6017.0,6017.0,6017.0,6017.0,6017.0,6017.0,30800.0,30800.0,30800.0,30800.0,,1587.0,1587.0,1587.0,,,853.0,
6803.0,6803.0,6803.0,6803.0,6803,6803.0,6803.0,,6029.0,6029.0,26822.0,26822.0,,25028.0,25028.0,25028.0,25028.0,25028.0,4767.0,4767.0,4767.0,24731.0,24731.0,24731.0,24731.0,24731.0,24731.0,24731.0,24731.0,14519.0,14519.0,14519.0,14519.0,,2353.0,2353.0,2353.0,,,1551.0,
6819.0,6819.0,6819.0,6819.0,6819,6819.0,6819.0,,6653.0,6653.0,26885.0,26885.0,,9609.0,9609.0,9609.0,9609.0,9609.0,7251.0,7251.0,7251.0,25469.0,25469.0,25469.0,25469.0,25469.0,25469.0,25469.0,25469.0,14773.0,14773.0,14773.0,14773.0,,2451.0,2451.0,2451.0,,,1557.0,
6821.0,6821.0,6821.0,6821.0,6821,6821.0,6821.0,,6663.0,6663.0,14031.0,14031.0,,10251.0,10251.0,10251.0,10251.0,10251.0,7381.0,7381.0,7381.0,10421.0,10421.0,10421.0,10421.0,10421.0,10421.0,10421.0,10421.0,27299.0,27299.0,27299.0,27299.0,,2787.0,2787.0,2787.0,,,2227.0,
7005.0,7005.0,7005.0,7005.0,7005,7005.0,7005.0,,6831.0,6831.0,30772.0,30772.0,,25538.0,25538.0,25538.0,25538.0,25538.0,7517.0,7517.0,7517.0,12697.0,12697.0,12697.0,12697.0,12697.0,12697.0,12697.0,12697.0,15353.0,15353.0,15353.0,15353.0,,3269.0,3269.0,3269.0,,,30304.0,
7073.0,7073.0,7073.0,7073.0,7073,7073.0,7073.0,,7875.0,7875.0,14607.0,14607.0,,11065.0,11065.0,11065.0,11065.0,11065.0,8027.0,8027.0,8027.0,13801.0,13801.0,13801.0,13801.0,13801.0,13801.0,13801.0,13801.0,27824.0,27824.0,27824.0,27824.0,,3309.0,3309.0,3309.0,,,23891.0,
24572.0,24572.0,24572.0,24572.0,24572,24572.0,24572.0,,24917.0,24917.0,14645.0,14645.0,,11171.0,11171.0,11171.0,11171.0,11171.0,8461.0,8461.0,8461.0,15613.0,15613.0,15613.0,15613.0,15613.0,15613.0,15613.0,15613.0,17131.0,17131.0,17131.0,17131.0,,3505.0,3505.0,3505.0,,,5711.0,
7101.0,7101.0,7101.0,7101.0,7101,7101.0,7101.0,,8317.0,8317.0,14713.0,14713.0,,11327.0,11327.0,11327.0,11327.0,11327.0,8659.0,8659.0,8659.0,18761.0,18761.0,18761.0,18761.0,18761.0,18761.0,18761.0,18761.0,28652.0,28652.0,28652.0,28652.0,,3753.0,3753.0,3753.0,,,24299.0,
24584.0,24584.0,24584.0,24584.0,24584,24584.0,24584.0,,8511.0,8511.0,14827.0,14827.0,,11347.0,11347.0,11347.0,11347.0,11347.0,8755.0,8755.0,8755.0,19295.0,19295.0,19295.0,19295.0,19295.0,19295.0,19295.0,19295.0,19995.0,19995.0,19995.0,19995.0,,4743.0,4743.0,4743.0,,,6967.0,
7115.0,7115.0,7115.0,7115.0,7115,7115.0,7115.0,,8579.0,8579.0,27326.0,27326.0,,11439.0,11439.0,11439.0,11439.0,11439.0,9301.0,9301.0,9301.0,20577.0,20577.0,20577.0,20577.0,20577.0,20577.0,20577.0,20577.0,20239.0,20239.0,20239.0,20239.0,,4795.0,4795.0,4795.0,,,7053.0,
7131.0,7131.0,7131.0,7131.0,7131,7131.0,7131.0,,9477.0,9477.0,27338.0,27338.0,,11893.0,11893.0,11893.0,11893.0,11893.0,9479.0,9479.0,9479.0,20733.0,20733.0,20733.0,20733.0,20733.0,20733.0,20733.0,20733.0,29543.0,29543.0,29543.0,29543.0,,6221.0,6221.0,6221.0,,,8149.0,
24629.0,24629.0,24629.0,24629.0,24629,24629.0,24629.0,,9657.0,9657.0,15191.0,15191.0,,13211.0,13211.0,13211.0,13211.0,13211.0,9557.0,9557.0,9557.0,21065.0,21065.0,21065.0,21065.0,21065.0,21065.0,21065.0,21065.0,20599.0,20599.0,20599.0,20599.0,,6855.0,6855.0,6855.0,,,8327.0,
7275.0,7275.0,7275.0,7275.0,7275,7275.0,7275.0,,10911.0,10911.0,15285.0,15285.0,,13529.0,13529.0,13529.0,13529.0,13529.0,10457.0,10457.0,10457.0,29984.0,29984.0,29984.0,29984.0,29984.0,29984.0,29984.0,29984.0,21165.0,21165.0,21165.0,21165.0,,7507.0,7507.0,7507.0,,,9711.0,
7753.0,7753.0,7753.0,7753.0,7753,7753.0,7753.0,,11061.0,11061.0,15501.0,15501.0,,14071.0,14071.0,14071.0,14071.0,14071.0,10459.0,10459.0,10459.0,21803.0,21803.0,21803.0,21803.0,21803.0,21803.0,21803.0,21803.0,29960.0,29960.0,29960.0,29960.0,,8863.0,8863.0,8863.0,,,9773.0,
7847.0,7847.0,7847.0,7847.0,7847,7847.0,7847.0,,12701.0,12701.0,15515.0,15515.0,,15173.0,15173.0,15173.0,15173.0,15173.0,10821.0,10821.0,10821.0,,22451.0,22451.0,77.0,23252.0,23252.0,23252.0,23252.0,,22697.0,22697.0,22697.0,,10375.0,10375.0,10375.0,,,9893.0,
8051.0,8051.0,8051.0,8051.0,8051,8051.0,8051.0,,26651.0,26651.0,15531.0,15531.0,,16333.0,16333.0,16333.0,16333.0,16333.0,10923.0,10923.0,10923.0,,1489.0,1489.0,2313.0,5523.0,5523.0,5523.0,5523.0,,1685.0,1685.0,1685.0,,10935.0,10935.0,10935.0,,,10245.0,
8059.0,8059.0,8059.0,8059.0,8059,8059.0,8059.0,,13813.0,13813.0,15901.0,15901.0,,16503.0,16503.0,16503.0,16503.0,16503.0,11121.0,11121.0,11121.0,,22754.0,22754.0,2703.0,6717.0,6717.0,6717.0,6717.0,,5177.0,5177.0,5177.0,,11505.0,11505.0,11505.0,,,13861.0,
8085.0,8085.0,8085.0,8085.0,8085,8085.0,8085.0,,13873.0,13873.0,16091.0,16091.0,,30972.0,30972.0,30972.0,30972.0,30972.0,11337.0,11337.0,11337.0,,22826.0,22826.0,4513.0,13127.0,13127.0,13127.0,13127.0,,5583.0,5583.0,5583.0,,12153.0,12153.0,12153.0,,,14855.0,
8091.0,8091.0,8091.0,8091.0,8091,8091.0,8091.0,,14007.0,14007.0,27908.0,27908.0,,17817.0,17817.0,17817.0,17817.0,17817.0,25967.0,25967.0,25967.0,,2911.0,2911.0,5079.0,31008.0,31008.0,31008.0,31008.0,,24233.0,24233.0,24233.0,,14183.0,14183.0,14183.0,,,15045.0,
8145.0,8145.0,8145.0,8145.0,8145,8145.0,8145.0,,26996.0,26996.0,16211.0,16211.0,,28940.0,28940.0,28940.0,28940.0,28940.0,11693.0,11693.0,11693.0,,3589.0,3589.0,24263.0,,1243.0,343.0,343.0,,6311.0,6311.0,6311.0,,15013.0,15013.0,15013.0,,,15889.0,
8163.0,8163.0,8163.0,8163.0,8163,8163.0,8163.0,,30816.0,30816.0,16245.0,16245.0,,28985.0,28985.0,28985.0,28985.0,28985.0,26117.0,26117.0,26117.0,,23762.0,23762.0,6843.0,,2217.0,23375.0,23375.0,,9201.0,9201.0,9201.0,,27410.0,27410.0,27410.0,,,15909.0,
24980.0,24980.0,24980.0,24980.0,24980,24980.0,24980.0,,27320.0,27320.0,16423.0,16423.0,,31080.0,31080.0,31080.0,31080.0,31080.0,12253.0,12253.0,12253.0,,23813.0,23813.0,8879.0,,24191.0,4343.0,4343.0,,10531.0,10531.0,10531.0,,15817.0,15817.0,15817.0,,,28121.0,
8363.0,8363.0,8363.0,8363.0,8363,8363.0,8363.0,,15825.0,15825.0,30932.0,30932.0,,19255.0,19255.0,19255.0,19255.0,19255.0,12435.0,12435.0,12435.0,,5329.0,5329.0,9233.0,,6467.0,5371.0,5371.0,,10627.0,10627.0,10627.0,,16581.0,16581.0,16581.0,,,18995.0,
8549.0,8549.0,8549.0,8549.0,8549,8549.0,8549.0,,16063.0,16063.0,16627.0,16627.0,,29105.0,29105.0,29105.0,29105.0,29105.0,12451.0,12451.0,12451.0,,5573.0,5573.0,30548.0,,6545.0,5607.0,5607.0,,10909.0,10909.0,10909.0,,16877.0,16877.0,16877.0,,,20745.0,
8731.0,8731.0,8731.0,8731.0,8731,8731.0,8731.0,,16283.0,16283.0,16953.0,16953.0,,19487.0,19487.0,19487.0,19487.0,19487.0,12571.0,12571.0,12571.0,,5795.0,5795.0,25607.0,,7047.0,24236.0,24236.0,,12019.0,12019.0,12019.0,,18491.0,18491.0,18491.0,,,21739.0,
8773.0,8773.0,8773.0,8773.0,8773,8773.0,8773.0,,17363.0,17363.0,16985.0,16985.0,,19671.0,19671.0,19671.0,19671.0,19671.0,12585.0,12585.0,12585.0,,6677.0,6677.0,10719.0,,9939.0,7097.0,7097.0,,13981.0,13981.0,13981.0,,18845.0,18845.0,18845.0,,,,
8839.0,8839.0,8839.0,8839.0,8839,8839.0,8839.0,,17927.0,17927.0,17299.0,17299.0,,20631.0,20631.0,20631.0,20631.0,20631.0,26516.0,26516.0,26516.0,,8237.0,8237.0,10789.0,,10741.0,8743.0,8743.0,,27131.0,27131.0,27131.0,,21307.0,21307.0,21307.0,,,,
9213.0,9213.0,9213.0,9213.0,9213,9213.0,9213.0,,28658.0,28658.0,17589.0,17589.0,,21799.0,21799.0,21799.0,21799.0,21799.0,12951.0,12951.0,12951.0,,9295.0,9295.0,12773.0,,11047.0,8951.0,8951.0,,27197.0,27197.0,27197.0,,21319.0,21319.0,21319.0,,,,
9329.0,9329.0,9329.0,9329.0,9329,9329.0,9329.0,,18225.0,18225.0,28730.0,28730.0,,21881.0,21881.0,21881.0,21881.0,21881.0,13857.0,13857.0,13857.0,,9417.0,9417.0,27020.0,,11103.0,10327.0,10327.0,,15849.0,15849.0,15849.0,,,619.0,839.0,,,,
9341.0,9341.0,9341.0,9341.0,9341,9341.0,9341.0,,20197.0,20197.0,18439.0,18439.0,,22115.0,22115.0,22115.0,22115.0,22115.0,14295.0,14295.0,14295.0,,9653.0,9653.0,15461.0,,27974.0,11907.0,11907.0,,17003.0,17003.0,17003.0,,,1315.0,897.0,,,,
9431.0,9431.0,9431.0,9431.0,9431,9431.0,9431.0,,20497.0,20497.0,19275.0,19275.0,,,1593.0,1593.0,589.0,589.0,27614.0,27614.0,27614.0,,11331.0,11331.0,16355.0,,16489.0,26258.0,26258.0,,17255.0,17255.0,17255.0,,,1365.0,3221.0,,,,
9513.0,9513.0,9513.0,9513.0,9513,9513.0,9513.0,,20527.0,20527.0,19931.0,19931.0,,,3353.0,3353.0,2445.0,2445.0,15627.0,15627.0,15627.0,,26390.0,26390.0,17143.0,,21777.0,26405.0,26405.0,,17319.0,17319.0,17319.0,,,4741.0,4557.0,,,,
9615.0,9615.0,9615.0,9615.0,9615,9615.0,9615.0,,20891.0,20891.0,20207.0,20207.0,,,4821.0,4821.0,23018.0,23018.0,16137.0,16137.0,16137.0,,12857.0,12857.0,18219.0,,21833.0,15179.0,15179.0,,28988.0,28988.0,28988.0,,,23852.0,5803.0,,,,
9673.0,9673.0,9673.0,9673.0,9673,9673.0,9673.0,,21199.0,21199.0,20415.0,20415.0,,,6493.0,6493.0,23027.0,23027.0,16205.0,16205.0,16205.0,,13439.0,13439.0,19851.0,,,15549.0,15549.0,,19939.0,19939.0,19939.0,,,30400.0,7155.0,,,,
9741.0,9741.0,9741.0,9741.0,9741,9741.0,9741.0,,21907.0,21907.0,20937.0,20937.0,,,9713.0,9713.0,4619.0,4619.0,28268.0,28268.0,28268.0,,26807.0,26807.0,21941.0,,,16383.0,16383.0,,20663.0,20663.0,20663.0,,,8115.0,7271.0,,,,
9759.0,9759.0,9759.0,9759.0,9759,9759.0,9759.0,,,917.0,21097.0,21097.0,,,10735.0,10735.0,4915.0,4915.0,17251.0,17251.0,17251.0,,14671.0,14671.0,22141.0,,,17549.0,17549.0,,22089.0,22089.0,22089.0,,,9805.0,7709.0,,,,
9811.0,9811.0,9811.0,9811.0,9811,9811.0,9811.0,,,3009.0,21185.0,21185.0,,,25733.0,25733.0,5895.0,5895.0,30996.0,30996.0,30996.0,,27272.0,27272.0,,,,28499.0,28499.0,,,1399.0,22373.0,,,10271.0,8631.0,,,,
9891.0,9891.0,9891.0,9891.0,9891,9891.0,9891.0,,,4413.0,21507.0,21507.0,,,13059.0,13059.0,24275.0,24275.0,18359.0,18359.0,18359.0,,14921.0,14921.0,,,,17835.0,17835.0,,,22922.0,22442.0,,,15293.0,25112.0,,,,
9961.0,9961.0,9961.0,9961.0,9961,9961.0,9961.0,,,10523.0,29945.0,29945.0,,,13141.0,13141.0,10473.0,10473.0,19261.0,19261.0,19261.0,,15413.0,15413.0,,,,29393.0,29393.0,,,2069.0,443.0,,,16235.0,25148.0,,,,
10061.0,10061.0,10061.0,10061.0,10061,10061.0,10061.0,,,12013.0,21591.0,21591.0,,,13881.0,13881.0,13599.0,13599.0,19269.0,19269.0,19269.0,,15763.0,15763.0,,,,22003.0,22003.0,,,2151.0,22532.0,,,17841.0,8925.0,,,,
10065.0,10065.0,10065.0,10065.0,10065,10065.0,10065.0,,,14235.0,22169.0,22169.0,,,14843.0,14843.0,14205.0,14205.0,20295.0,20295.0,20295.0,,27863.0,27863.0,,,,22225.0,22225.0,,,2875.0,891.0,,,20307.0,25583.0,,,,
10299.0,10299.0,10299.0,10299.0,10299,10299.0,10299.0,,,17085.0,,22502.0,,,15151.0,15151.0,,523.0,20767.0,20767.0,20767.0,,16027.0,16027.0,,,,,3081.0,,,3819.0,901.0,,,22247.0,26501.0,,,,
10393.0,10393.0,10393.0,10393.0,10393,10393.0,10393.0,,,18139.0,,7105.0,,,27464.0,27464.0,,791.0,21031.0,21031.0,21031.0,,28130.0,28130.0,,,,,6417.0,,,6825.0,1967.0,,,,12977.0,,,,
10469.0,10469.0,10469.0,10469.0,10469,10469.0,10469.0,,,19861.0,,7803.0,,,15759.0,15759.0,,1969.0,29786.0,29786.0,29786.0,,16811.0,16811.0,,,,,13769.0,,,27806.0,1987.0,,,,14107.0,,,,
10547.0,10547.0,10547.0,10547.0,10547,10547.0,10547.0,,,20705.0,,7955.0,,,27827.0,27827.0,,2461.0,21423.0,21423.0,21423.0,,17117.0,17117.0,,,,,21399.0,,,16777.0,2183.0,,,,14629.0,,,,
10579.0,10579.0,10579.0,10579.0,10579,10579.0,10579.0,,,21635.0,,8097.0,,,16197.0,16197.0,,3211.0,29924.0,29924.0,29924.0,,17217.0,17217.0,,,,,22051.0,,,21815.0,2329.0,,,,16691.0,,,,
10587.0,10587.0,10587.0,10587.0,10587,10587.0,10587.0,,,,,8273.0,,,17973.0,17973.0,,3541.0,21623.0,21623.0,21623.0,,17271.0,17271.0,,,,,,,,,2557.0,,,,28271.0,,,,
10603.0,10603.0,10603.0,10603.0,10603,10603.0,10603.0,,,,,25454.0,,,19963.0,19963.0,,4973.0,21627.0,21627.0,21627.0,,17509.0,17509.0,,,,,,,,,23120.0,,,,17393.0,,,,
10607.0,10607.0,10607.0,10607.0,10607,10607.0,10607.0,,,,,10311.0,,,29717.0,29717.0,,5473.0,22011.0,22011.0,22011.0,,17991.0,17991.0,,,,,,,,,2835.0,,,,19537.0,,,,
10755.0,10755.0,10755.0,10755.0,10755,10755.0,10755.0,,,,,12523.0,,,29957.0,29957.0,,5737.0,30155.0,30155.0,30155.0,,18453.0,18453.0,,,,,,,,,3733.0,,,,29309.0,,,,
10939.0,10939.0,10939.0,10939.0,10939,10939.0,10939.0,,,,,13845.0,,,,679.0,,24752.0,22135.0,22135.0,22135.0,,20103.0,20103.0,,,,,,,,,3849.0,,,,20651.0,,,,
11329.0,11329.0,11329.0,11329.0,11329,11329.0,11329.0,,,,,30860.0,,,,975.0,,7837.0,30173.0,30173.0,30173.0,,20199.0,20199.0,,,,,,,,,4825.0,,,,21209.0,,,,
11355.0,11355.0,11355.0,11355.0,11355,11355.0,11355.0,,,,,18537.0,,,,1003.0,,8513.0,22241.0,22241.0,22241.0,,20655.0,20655.0,,,,,,,,,23858.0,,,,21967.0,,,,
11807.0,11807.0,11807.0,11807.0,11807,11807.0,11807.0,,,,,20785.0,,,,1875.0,,8581.0,,123.0,123.0,,21095.0,21095.0,,,,,,,,,5305.0,,,,,,,,
11871.0,11871.0,11871.0,11871.0,11871,11871.0,11871.0,,,,,,,,,4937.0,,9855.0,,557.0,557.0,,21259.0,21259.0,,,,,,,,,5601.0,,,,,,,,
12041.0,12041.0,12041.0,12041.0,12041,12041.0,12041.0,,,,,,,,,24032.0,,25868.0,,1229.0,1229.0,,21537.0,21537.0,,,,,,,,,5613.0,,,,,,,,
12155.0,12155.0,12155.0,12155.0,12155,12155.0,12155.0,,,,,,,,,24194.0,,13749.0,,2241.0,2241.0,,21659.0,21659.0,,,,,,,,,6719.0,,,,,,,,
12259.0,12259.0,12259.0,12259.0,12259,12259.0,12259.0,,,,,,,,,6409.0,,14069.0,,2909.0,2909.0,,21845.0,21845.0,,,,,,,,,7195.0,,,,,,,,
26360.0,26360.0,26360.0,26360.0,26360,26360.0,26360.0,,,,,,,,,6437.0,,14495.0,,3213.0,3213.0,,21855.0,21855.0,,,,,,,,,7671.0,,,,,,,,
12455.0,12455.0,12455.0,12455.0,12455,12455.0,12455.0,,,,,,,,,24833.0,,14625.0,,7641.0,7641.0,,22131.0,22131.0,,,,,,,,,7845.0,,,,,,,,
12471.0,12471.0,12471.0,12471.0,12471,12471.0,12471.0,,,,,,,,,9573.0,,27209.0,,25865.0,25865.0,,,37.0,,,,,,,,,8003.0,,,,,,,,
12695.0,12695.0,12695.0,12695.0,12695,12695.0,12695.0,,,,,,,,,10267.0,,15205.0,,12295.0,12295.0,,,63.0,,,,,,,,,25061.0,,,,,,,,
12721.0,12721.0,12721.0,12721.0,12721,12721.0,12721.0,,,,,,,,,10429.0,,15211.0,,26477.0,26477.0,,,509.0,,,,,,,,,8727.0,,,,,,,,
26552.0,26552.0,26552.0,26552.0,26552,26552.0,26552.0,,,,,,,,,11073.0,,16743.0,,15245.0,15245.0,,,1491.0,,,,,,,,,25154.0,,,,,,,,
12817.0,12817.0,12817.0,12817.0,12817,12817.0,12817.0,,,,,,,,,26573.0,,17885.0,,27584.0,27584.0,,,1585.0,,,,,,,,,9753.0,,,,,,,,
12861.0,12861.0,12861.0,12861.0,12861,12861.0,12861.0,,,,,,,,,13233.0,,17925.0,,16945.0,16945.0,,,2209.0,,,,,,,,,11313.0,,,,,,,,
12893.0,12893.0,12893.0,12893.0,12893,12893.0,12893.0,,,,,,,,,14723.0,,31040.0,,21811.0,21811.0,,,2549.0,,,,,,,,,12309.0,,,,,,,,
13003.0,13003.0,13003.0,13003.0,13003,13003.0,13003.0,,,,,,,,,16083.0,,29243.0,,,95.0,,,3855.0,,,,,,,,,12693.0,,,,,,,,
13015.0,13015.0,13015.0,13015.0,13015,13015.0,13015.0,,,,,,,,,27926.0,,19897.0,,,645.0,,,5609.0,,,,,,,,,12825.0,,,,,,,,
13021.0,13021.0,13021.0,13021.0,13021,13021.0,13021.0,,,,,,,,,16179.0,,21751.0,,,22886.0,,,6083.0,,,,,,,,,13645.0,,,,,,,,
13137.0,13137.0,13137.0,13137.0,13137,13137.0,13137.0,,,,,,,,,16285.0,,21857.0,,,23336.0,,,6377.0,,,,,,,,,13793.0,,,,,,,,
13185.0,13185.0,13185.0,13185.0,13185,13185.0,13185.0,,,,,,,,,28073.0,,21955.0,,,3637.0,,,6385.0,,,,,,,,,14171.0,,,,,,,,
13229.0,13229.0,13229.0,13229.0,13229,13229.0,13229.0,,,,,,,,,17137.0,,,,,4073.0,,,24515.0,,,,,,,,,14399.0,,,,,,,,
13453.0,13453.0,13453.0,13453.0,13453,13453.0,13453.0,,,,,,,,,17297.0,,,,,23942.0,,,6989.0,,,,,,,,,14785.0,,,,,,,,
13497.0,13497.0,13497.0,13497.0,13497,13497.0,13497.0,,,,,,,,,17861.0,,,,,5531.0,,,7433.0,,,,,,,,,15337.0,,,,,,,,
26795.0,26795.0,26795.0,26795.0,26795,26795.0,26795.0,,,,,,,,,18657.0,,,,,6961.0,,,9285.0,,,,,,,,,15427.0,,,,,,,,
13785.0,13785.0,13785.0,13785.0,13785,13785.0,13785.0,,,,,,,,,19881.0,,,,,7207.0,,,9551.0,,,,,,,,,15523.0,,,,,,,,
13847.0,13847.0,13847.0,13847.0,13847,13847.0,13847.0,,,,,,,,,20179.0,,,,,25391.0,,,10383.0,,,,,,,,,27911.0,,,,,,,,
13901.0,13901.0,13901.0,13901.0,13901,13901.0,13901.0,,,,,,,,,29633.0,,,,,10835.0,,,12189.0,,,,,,,,,16279.0,,,,,,,,
13957.0,13957.0,13957.0,13957.0,13957,13957.0,13957.0,,,,,,,,,29750.0,,,,,25730.0,,,12319.0,,,,,,,,,16555.0,,,,,,,,
13997.0,13997.0,13997.0,13997.0,13997,13997.0,13997.0,,,,,,,,,21111.0,,,,,26375.0,,,12551.0,,,,,,,,,16731.0,,,,,,,,
14089.0,14089.0,14089.0,14089.0,14089,14089.0,14089.0,,,,,,,,,21359.0,,,,,27236.0,,,14499.0,,,,,,,,,16831.0,,,,,,,,
14149.0,14149.0,14149.0,14149.0,14149,14149.0,14149.0,,,,,,,,,21503.0,,,,,15807.0,,,15575.0,,,,,,,,,28253.0,,,,,,,,
14191.0,14191.0,14191.0,14191.0,14191,14191.0,14191.0,,,,,,,,,,,,,,16001.0,,,16967.0,,,,,,,,,18185.0,,,,,,,,
14225.0,14225.0,14225.0,14225.0,14225,14225.0,14225.0,,,,,,,,,,,,,,17123.0,,,17639.0,,,,,,,,,18193.0,,,,,,,,
27185.0,27185.0,27185.0,27185.0,27185,27185.0,27185.0,,,,,,,,,,,,,,17515.0,,,18621.0,,,,,,,,,18775.0,,,,,,,,
14631.0,14631.0,14631.0,14631.0,14631,14631.0,14631.0,,,,,,,,,,,,,,29093.0,,,19153.0,,,,,,,,,19305.0,,,,,,,,
14775.0,14775.0,14775.0,14775.0,14775,14775.0,14775.0,,,,,,,,,,,,,,21539.0,,,19983.0,,,,,,,,,29606.0,,,,,,,,
14825.0,14825.0,14825.0,14825.0,14825,14825.0,14825.0,,,,,,,,,,,,,,22079.0,,,20167.0,,,,,,,,,20653.0,,,,,,,,
27305.0,27305.0,27305.0,27305.0,27305,27305.0,27305.0,,,,,,,,,,,,,,,,,20353.0,,,,,,,,,20727.0,,,,,,,,
15095.0,15095.0,15095.0,15095.0,15095,15095.0,15095.0,,,,,,,,,,,,,,,,,29585.0,,,,,,,,,21003.0,,,,,,,,
27395.0,27395.0,27395.0,27395.0,27395,27395.0,27395.0,,,,,,,,,,,,,,,,,20585.0,,,,,,,,,21245.0,,,,,,,,
15307.0,15307.0,15307.0,15307.0,15307,15307.0,15307.0,,,,,,,,,,,,,,,,,20639.0,,,,,,,,,21337.0,,,,,,,,
15585.0,15585.0,15585.0,15585.0,15585,15585.0,15585.0,,,,,,,,,,,,,,,,,21545.0,,,,,,,,,22147.0,,,,,,,,
15795.0,15795.0,15795.0,15795.0,15795,15795.0,15795.0,,,,,,,,,,,,,,,,,30152.0,,,,,,,,,,,,,,,,,
15911.0,15911.0,15911.0,15911.0,15911,15911.0,15911.0,,,,,,,,,,,,,,,,,,,,,,,,,,,,,,,,,,
15977.0,15977.0,15977.0,15977.0,15977,15977.0,15977.0,,,,,,,,,,,,,,,,,,,,,,,,,,,,,,,,,,
15993.0,15993.0,15993.0,15993.0,15993,15993.0,15993.0,,,,,,,,,,,,,,,,,,,,,,,,,,,,,,,,,,
27866.0,27866.0,27866.0,27866.0,27866,27866.0,27866.0,,,,,,,,,,,,,,,,,,,,,,,,,,,,,,,,,,
16073.0,16073.0,16073.0,16073.0,16073,16073.0,16073.0,,,,,,,,,,,,,,,,,,,,,,,,,,,,,,,,,,
16189.0,16189.0,16189.0,16189.0,16189,16189.0,16189.0,,,,,,,,,,,,,,,,,,,,,,,,,,,,,,,,,,
27959.0,27959.0,27959.0,27959.0,27959,27959.0,27959.0,,,,,,,,,,,,,,,,,,,,,,,,,,,,,,,,,,
16237.0,16237.0,16237.0,16237.0,16237,16237.0,16237.0,,,,,,,,,,,,,,,,,,,,,,,,,,,,,,,,,,
16261.0,16261.0,16261.0,16261.0,16261,16261.0,16261.0,,,,,,,,,,,,,,,,,,,,,,,,,,,,,,,,,,
16313.0,16313.0,16313.0,16313.0,16313,16313.0,16313.0,,,,,,,,,,,,,,,,,,,,,,,,,,,,,,,,,,
16437.0,16437.0,16437.0,16437.0,16437,16437.0,16437.0,,,,,,,,,,,,,,,,,,,,,,,,,,,,,,,,,,
28025.0,28025.0,28025.0,28025.0,28025,28025.0,28025.0,,,,,,,,,,,,,,,,,,,,,,,,,,,,,,,,,,
16513.0,16513.0,16513.0,16513.0,16513,16513.0,16513.0,,,,,,,,,,,,,,,,,,,,,,,,,,,,,,,,,,
16523.0,16523.0,16523.0,16523.0,16523,16523.0,16523.0,,,,,,,,,,,,,,,,,,,,,,,,,,,,,,,,,,
16549.0,16549.0,16549.0,16549.0,16549,16549.0,16549.0,,,,,,,,,,,,,,,,,,,,,,,,,,,,,,,,,,
28103.0,28103.0,28103.0,28103.0,28103,28103.0,28103.0,,,,,,,,,,,,,,,,,,,,,,,,,,,,,,,,,,
16851.0,16851.0,16851.0,16851.0,16851,16851.0,16851.0,,,,,,,,,,,,,,,,,,,,,,,,,,,,,,,,,,
17007.0,17007.0,17007.0,17007.0,17007,17007.0,17007.0,,,,,,,,,,,,,,,,,,,,,,,,,,,,,,,,,,
17047.0,17047.0,17047.0,17047.0,17047,17047.0,17047.0,,,,,,,,,,,,,,,,,,,,,,,,,,,,,,,,,,
17147.0,17147.0,17147.0,17147.0,17147,17147.0,17147.0,,,,,,,,,,,,,,,,,,,,,,,,,,,,,,,,,,
17241.0,17241.0,17241.0,17241.0,17241,17241.0,17241.0,,,,,,,,,,,,,,,,,,,,,,,,,,,,,,,,,,
28349.0,28349.0,28349.0,28349.0,28349,28349.0,28349.0,,,,,,,,,,,,,,,,,,,,,,,,,,,,,,,,,,
17277.0,17277.0,17277.0,17277.0,17277,17277.0,17277.0,,,,,,,,,,,,,,,,,,,,,,,,,,,,,,,,,,
17303.0,17303.0,17303.0,17303.0,17303,17303.0,17303.0,,,,,,,,,,,,,,,,,,,,,,,,,,,,,,,,,,
17343.0,17343.0,17343.0,17343.0,17343,17343.0,17343.0,,,,,,,,,,,,,,,,,,,,,,,,,,,,,,,,,,
17517.0,17517.0,17517.0,17517.0,17517,17517.0,17517.0,,,,,,,,,,,,,,,,,,,,,,,,,,,,,,,,,,
17655.0,17655.0,17655.0,17655.0,17655,17655.0,17655.0,,,,,,,,,,,,,,,,,,,,,,,,,,,,,,,,,,
17691.0,17691.0,17691.0,17691.0,17691,17691.0,17691.0,,,,,,,,,,,,,,,,,,,,,,,,,,,,,,,,,,
17825.0,17825.0,17825.0,17825.0,17825,17825.0,17825.0,,,,,,,,,,,,,,,,,,,,,,,,,,,,,,,,,,
17971.0,17971.0,17971.0,17971.0,17971,17971.0,17971.0,,,,,,,,,,,,,,,,,,,,,,,,,,,,,,,,,,
18247.0,18247.0,18247.0,18247.0,18247,18247.0,18247.0,,,,,,,,,,,,,,,,,,,,,,,,,,,,,,,,,,
18307.0,18307.0,18307.0,18307.0,18307,18307.0,18307.0,,,,,,,,,,,,,,,,,,,,,,,,,,,,,,,,,,
18377.0,18377.0,18377.0,18377.0,18377,18377.0,18377.0,,,,,,,,,,,,,,,,,,,,,,,,,,,,,,,,,,
18379.0,18379.0,18379.0,18379.0,18379,18379.0,18379.0,,,,,,,,,,,,,,,,,,,,,,,,,,,,,,,,,,
31028.0,31028.0,31028.0,31028.0,31028,31028.0,31028.0,,,,,,,,,,,,,,,,,,,,,,,,,,,,,,,,,,
18425.0,18425.0,18425.0,18425.0,18425,18425.0,18425.0,,,,,,,,,,,,,,,,,,,,,,,,,,,,,,,,,,
18509.0,18509.0,18509.0,18509.0,18509,18509.0,18509.0,,,,,,,,,,,,,,,,,,,,,,,,,,,,,,,,,,
18727.0,18727.0,18727.0,18727.0,18727,18727.0,18727.0,,,,,,,,,,,,,,,,,,,,,,,,,,,,,,,,,,
28916.0,28916.0,28916.0,28916.0,28916,28916.0,28916.0,,,,,,,,,,,,,,,,,,,,,,,,,,,,,,,,,,
18853.0,18853.0,18853.0,18853.0,18853,18853.0,18853.0,,,,,,,,,,,,,,,,,,,,,,,,,,,,,,,,,,
29030.0,29030.0,29030.0,29030.0,29030,29030.0,29030.0,,,,,,,,,,,,,,,,,,,,,,,,,,,,,,,,,,
19155.0,19155.0,19155.0,19155.0,19155,19155.0,19155.0,,,,,,,,,,,,,,,,,,,,,,,,,,,,,,,,,,
29072.0,29072.0,29072.0,29072.0,29072,29072.0,29072.0,,,,,,,,,,,,,,,,,,,,,,,,,,,,,,,,,,
31092.0,31092.0,31092.0,31092.0,31092,31092.0,31092.0,,,,,,,,,,,,,,,,,,,,,,,,,,,,,,,,,,
31116.0,31116.0,31116.0,31116.0,31116,31116.0,31116.0,,,,,,,,,,,,,,,,,,,,,,,,,,,,,,,,,,
19617.0,19617.0,19617.0,19617.0,19617,19617.0,19617.0,,,,,,,,,,,,,,,,,,,,,,,,,,,,,,,,,,
19641.0,19641.0,19641.0,19641.0,19641,19641.0,19641.0,,,,,,,,,,,,,,,,,,,,,,,,,,,,,,,,,,
29252.0,29252.0,29252.0,29252.0,29252,29252.0,29252.0,,,,,,,,,,,,,,,,,,,,,,,,,,,,,,,,,,
19895.0,19895.0,19895.0,19895.0,19895,19895.0,19895.0,,,,,,,,,,,,,,,,,,,,,,,,,,,,,,,,,,
20023.0,20023.0,20023.0,20023.0,20023,20023.0,20023.0,,,,,,,,,,,,,,,,,,,,,,,,,,,,,,,,,,
29330.0,29330.0,29330.0,29330.0,29330,29330.0,29330.0,,,,,,,,,,,,,,,,,,,,,,,,,,,,,,,,,,
29342.0,29342.0,29342.0,29342.0,29342,29342.0,29342.0,,,,,,,,,,,,,,,,,,,,,,,,,,,,,,,,,,
20151.0,20151.0,20151.0,20151.0,20151,20151.0,20151.0,,,,,,,,,,,,,,,,,,,,,,,,,,,,,,,,,,
20309.0,20309.0,20309.0,20309.0,20309,20309.0,20309.0,,,,,,,,,,,,,,,,,,,,,,,,,,,,,,,,,,
20335.0,20335.0,20335.0,20335.0,20335,20335.0,20335.0,,,,,,,,,,,,,,,,,,,,,,,,,,,,,,,,,,
20357.0,20357.0,20357.0,20357.0,20357,20357.0,20357.0,,,,,,,,,,,,,,,,,,,,,,,,,,,,,,,,,,
29519.0,29519.0,29519.0,29519.0,29519,29519.0,29519.0,,,,,,,,,,,,,,,,,,,,,,,,,,,,,,,,,,
29522.0,29522.0,29522.0,29522.0,29522,29522.0,29522.0,,,,,,,,,,,,,,,,,,,,,,,,,,,,,,,,,,
29537.0,29537.0,29537.0,29537.0,29537,29537.0,29537.0,,,,,,,,,,,,,,,,,,,,,,,,,,,,,,,,,,
29588.0,29588.0,29588.0,29588.0,29588,29588.0,29588.0,,,,,,,,,,,,,,,,,,,,,,,,,,,,,,,,,,
20687.0,20687.0,20687.0,20687.0,20687,20687.0,20687.0,,,,,,,,,,,,,,,,,,,,,,,,,,,,,,,,,,
20729.0,20729.0,20729.0,20729.0,20729,20729.0,20729.0,,,,,,,,,,,,,,,,,,,,,,,,,,,,,,,,,,
20893.0,20893.0,20893.0,20893.0,20893,20893.0,20893.0,,,,,,,,,,,,,,,,,,,,,,,,,,,,,,,,,,
20961.0,20961.0,20961.0,20961.0,20961,20961.0,20961.0,,,,,,,,,,,,,,,,,,,,,,,,,,,,,,,,,,
21219.0,21219.0,21219.0,21219.0,21219,21219.0,21219.0,,,,,,,,,,,,,,,,,,,,,,,,,,,,,,,,,,
29888.0,29888.0,29888.0,29888.0,29888,29888.0,29888.0,,,,,,,,,,,,,,,,,,,,,,,,,,,,,,,,,,
21429.0,21429.0,21429.0,21429.0,21429,21429.0,21429.0,,,,,,,,,,,,,,,,,,,,,,,,,,,,,,,,,,
21577.0,21577.0,21577.0,21577.0,21577,21577.0,21577.0,,,,,,,,,,,,,,,,,,,,,,,,,,,,,,,,,,
21647.0,21647.0,21647.0,21647.0,21647,21647.0,21647.0,,,,,,,,,,,,,,,,,,,,,,,,,,,,,,,,,,
21823.0,21823.0,21823.0,21823.0,21823,21823.0,21823.0,,,,,,,,,,,,,,,,,,,,,,,,,,,,,,,,,,
21887.0,21887.0,21887.0,21887.0,21887,21887.0,21887.0,,,,,,,,,,,,,,,,,,,,,,,,,,,,,,,,,,
,22559.0,22559.0,22559.0,22559,205.0,205.0,,,,,,,,,,,,,,,,,,,,,,,,,,,,,,,,,,
,1675.0,1675.0,1675.0,1675,289.0,289.0,,,,,,,,,,,,,,,,,,,,,,,,,,,,,,,,,,
,2439.0,2439.0,2439.0,2439,565.0,565.0,,,,,,,,,,,,,,,,,,,,,,,,,,,,,,,,,,
,3823.0,3823.0,3823.0,3823,2721.0,2721.0,,,,,,,,,,,,,,,,,,,,,,,,,,,,,,,,,,
,4031.0,4031.0,4031.0,4031,2759.0,2759.0,,,,,,,,,,,,,,,,,,,,,,,,,,,,,,,,,,
,9429.0,9429.0,9429.0,9429,3035.0,3035.0,,,,,,,,,,,,,,,,,,,,,,,,,,,,,,,,,,
,10675.0,10675.0,10675.0,10675,3103.0,3103.0,,,,,,,,,,,,,,,,,,,,,,,,,,,,,,,,,,
,20077.0,20077.0,20077.0,20077,3105.0,3105.0,,,,,,,,,,,,,,,,,,,,,,,,,,,,,,,,,,
,20225.0,20225.0,20225.0,20225,4861.0,4861.0,,,,,,,,,,,,,,,,,,,,,,,,,,,,,,,,,,
,21201.0,21201.0,21201.0,21201,5205.0,5205.0,,,,,,,,,,,,,,,,,,,,,,,,,,,,,,,,,,
,21461.0,21461.0,21461.0,21461,24080.0,24080.0,,,,,,,,,,,,,,,,,,,,,,,,,,,,,,,,,,
,21975.0,21975.0,21975.0,21975,5703.0,5703.0,,,,,,,,,,,,,,,,,,,,,,,,,,,,,,,,,,
,22227.0,22227.0,22227.0,22227,6231.0,6231.0,,,,,,,,,,,,,,,,,,,,,,,,,,,,,,,,,,
,,47.0,167.0,167,25250.0,25250.0,,,,,,,,,,,,,,,,,,,,,,,,,,,,,,,,,,
,,137.0,1699.0,1699,10029.0,10029.0,,,,,,,,,,,,,,,,,,,,,,,,,,,,,,,,,,
,,433.0,1883.0,1883,25562.0,25562.0,,,,,,,,,,,,,,,,,,,,,,,,,,,,,,,,,,
,,793.0,2841.0,2841,10669.0,10669.0,,,,,,,,,,,,,,,,,,,,,,,,,,,,,,,,,,
,,1403.0,4207.0,4207,11561.0,11561.0,,,,,,,,,,,,,,,,,,,,,,,,,,,,,,,,,,
,,2055.0,4611.0,4611,11921.0,11921.0,,,,,,,,,,,,,,,,,,,,,,,,,,,,,,,,,,
,,22937.0,4695.0,4695,26153.0,26153.0,,,,,,,,,,,,,,,,,,,,,,,,,,,,,,,,,,
,,2597.0,4819.0,4819,12079.0,12079.0,,,,,,,,,,,,,,,,,,,,,,,,,,,,,,,,,,
,,23150.0,6021.0,6021,30712.0,30712.0,,,,,,,,,,,,,,,,,,,,,,,,,,,,,,,,,,
,,2851.0,6697.0,6697,12677.0,12677.0,,,,,,,,,,,,,,,,,,,,,,,,,,,,,,,,,,
,,3149.0,7653.0,7653,26939.0,26939.0,,,,,,,,,,,,,,,,,,,,,,,,,,,,,,,,,,
,,3179.0,8597.0,8597,15147.0,15147.0,,,,,,,,,,,,,,,,,,,,,,,,,,,,,,,,,,
,,23246.0,8733.0,8733,15401.0,15401.0,,,,,,,,,,,,,,,,,,,,,,,,,,,,,,,,,,
,,3193.0,10007.0,10007,15457.0,15457.0,,,,,,,,,,,,,,,,,,,,,,,,,,,,,,,,,,
,,3617.0,11115.0,11115,17293.0,17293.0,,,,,,,,,,,,,,,,,,,,,,,,,,,,,,,,,,
,,3841.0,13053.0,13053,17329.0,17329.0,,,,,,,,,,,,,,,,,,,,,,,,,,,,,,,,,,
,,4393.0,13063.0,13063,17331.0,17331.0,,,,,,,,,,,,,,,,,,,,,,,,,,,,,,,,,,
,,6251.0,30752.0,30752,17609.0,17609.0,,,,,,,,,,,,,,,,,,,,,,,,,,,,,,,,,,
,,6637.0,14313.0,14313,28544.0,28544.0,,,,,,,,,,,,,,,,,,,,,,,,,,,,,,,,,,
,,7029.0,14583.0,14583,18403.0,18403.0,,,,,,,,,,,,,,,,,,,,,,,,,,,,,,,,,,
,,7733.0,15769.0,15769,28910.0,28910.0,,,,,,,,,,,,,,,,,,,,,,,,,,,,,,,,,,
,,24887.0,16275.0,16275,18993.0,18993.0,,,,,,,,,,,,,,,,,,,,,,,,,,,,,,,,,,
,,9921.0,17759.0,17759,20423.0,20423.0,,,,,,,,,,,,,,,,,,,,,,,,,,,,,,,,,,
,,25517.0,28748.0,28748,29552.0,29552.0,,,,,,,,,,,,,,,,,,,,,,,,,,,,,,,,,,
,,10343.0,18553.0,18553,20829.0,20829.0,,,,,,,,,,,,,,,,,,,,,,,,,,,,,,,,,,
,,10487.0,18733.0,18733,21455.0,21455.0,,,,,,,,,,,,,,,,,,,,,,,,,,,,,,,,,,
,,10777.0,19279.0,19279,21553.0,21553.0,,,,,,,,,,,,,,,,,,,,,,,,,,,,,,,,,,
,,10803.0,20421.0,20421,21877.0,21877.0,,,,,,,,,,,,,,,,,,,,,,,,,,,,,,,,,,
,,11333.0,20515.0,20515,21911.0,21911.0,,,,,,,,,,,,,,,,,,,,,,,,,,,,,,,,,,
,,12261.0,,85,,451.0,,,,,,,,,,,,,,,,,,,,,,,,,,,,,,,,,,
,,12819.0,,371,,22484.0,,,,,,,,,,,,,,,,,,,,,,,,,,,,,,,,,,
,,12931.0,,695,,1301.0,,,,,,,,,,,,,,,,,,,,,,,,,,,,,,,,,,
,,13225.0,,1063,,2979.0,,,,,,,,,,,,,,,,,,,,,,,,,,,,,,,,,,
,,26861.0,,1505,,3195.0,,,,,,,,,,,,,,,,,,,,,,,,,,,,,,,,,,
,,13883.0,,1697,,3713.0,,,,,,,,,,,,,,,,,,,,,,,,,,,,,,,,,,
,,14065.0,,2019,,3873.0,,,,,,,,,,,,,,,,,,,,,,,,,,,,,,,,,,
,,27332.0,,2233,,3897.0,,,,,,,,,,,,,,,,,,,,,,,,,,,,,,,,,,
,,15079.0,,2533,,4011.0,,,,,,,,,,,,,,,,,,,,,,,,,,,,,,,,,,
,,15201.0,,2707,,4805.0,,,,,,,,,,,,,,,,,,,,,,,,,,,,,,,,,,
,,27506.0,,2751,,6439.0,,,,,,,,,,,,,,,,,,,,,,,,,,,,,,,,,,
,,15341.0,,2773,,8339.0,,,,,,,,,,,,,,,,,,,,,,,,,,,,,,,,,,
,,16735.0,,23369,,8539.0,,,,,,,,,,,,,,,,,,,,,,,,,,,,,,,,,,
,,17673.0,,3771,,8599.0,,,,,,,,,,,,,,,,,,,,,,,,,,,,,,,,,,
,,17675.0,,23453,,30512.0,,,,,,,,,,,,,,,,,,,,,,,,,,,,,,,,,,
,,18161.0,,23516,,8975.0,,,,,,,,,,,,,,,,,,,,,,,,,,,,,,,,,,
,,28946.0,,4365,,9661.0,,,,,,,,,,,,,,,,,,,,,,,,,,,,,,,,,,
,,18981.0,,5419,,10357.0,,,,,,,,,,,,,,,,,,,,,,,,,,,,,,,,,,
,,19375.0,,5727,,11031.0,,,,,,,,,,,,,,,,,,,,,,,,,,,,,,,,,,
,,19529.0,,24227,,12911.0,,,,,,,,,,,,,,,,,,,,,,,,,,,,,,,,,,
,,19907.0,,6265,,26765.0,,,,,,,,,,,,,,,,,,,,,,,,,,,,,,,,,,
,,20177.0,,6661,,26948.0,,,,,,,,,,,,,,,,,,,,,,,,,,,,,,,,,,
,,20827.0,,24755,,14215.0,,,,,,,,,,,,,,,,,,,,,,,,,,,,,,,,,,
,,21439.0,,24767,,14657.0,,,,,,,,,,,,,,,,,,,,,,,,,,,,,,,,,,
,,21543.0,,7735,,15553.0,,,,,,,,,,,,,,,,,,,,,,,,,,,,,,,,,,
,,,,7843,,16775.0,,,,,,,,,,,,,,,,,,,,,,,,,,,,,,,,,,
,,,,24863,,17483.0,,,,,,,,,,,,,,,,,,,,,,,,,,,,,,,,,,
,,,,8235,,18809.0,,,,,,,,,,,,,,,,,,,,,,,,,,,,,,,,,,
,,,,8271,,19889.0,,,,,,,,,,,,,,,,,,,,,,,,,,,,,,,,,,
,,,,8277,,20835.0,,,,,,,,,,,,,,,,,,,,,,,,,,,,,,,,,,
,,,,8641,,21801.0,,,,,,,,,,,,,,,,,,,,,,,,,,,,,,,,,,
,,,,8887,,,,,,,,,,,,,,,,,,,,,,,,,,,,,,,,,,,,
,,,,9663,,,,,,,,,,,,,,,,,,,,,,,,,,,,,,,,,,,,
,,,,9729,,,,,,,,,,,,,,,,,,,,,,,,,,,,,,,,,,,,
,,,,10329,,,,,,,,,,,,,,,,,,,,,,,,,,,,,,,,,,,,
,,,,25631,,,,,,,,,,,,,,,,,,,,,,,,,,,,,,,,,,,,
,,,,11351,,,,,,,,,,,,,,,,,,,,,,,,,,,,,,,,,,,,
,,,,12137,,,,,,,,,,,,,,,,,,,,,,,,,,,,,,,,,,,,
,,,,26345,,,,,,,,,,,,,,,,,,,,,,,,,,,,,,,,,,,,
,,,,12737,,,,,,,,,,,,,,,,,,,,,,,,,,,,,,,,,,,,
,,,,13699,,,,,,,,,,,,,,,,,,,,,,,,,,,,,,,,,,,,
,,,,13715,,,,,,,,,,,,,,,,,,,,,,,,,,,,,,,,,,,,
,,,,13781,,,,,,,,,,,,,,,,,,,,,,,,,,,,,,,,,,,,
,,,,13903,,,,,,,,,,,,,,,,,,,,,,,,,,,,,,,,,,,,
,,,,30820,,,,,,,,,,,,,,,,,,,,,,,,,,,,,,,,,,,,
,,,,16147,,,,,,,,,,,,,,,,,,,,,,,,,,,,,,,,,,,,
,,,,16421,,,,,,,,,,,,,,,,,,,,,,,,,,,,,,,,,,,,
,,,,28079,,,,,,,,,,,,,,,,,,,,,,,,,,,,,,,,,,,,
,,,,28463,,,,,,,,,,,,,,,,,,,,,,,,,,,,,,,,,,,,
,,,,17531,,,,,,,,,,,,,,,,,,,,,,,,,,,,,,,,,,,,
,,,,17625,,,,,,,,,,,,,,,,,,,,,,,,,,,,,,,,,,,,
,,,,28709,,,,,,,,,,,,,,,,,,,,,,,,,,,,,,,,,,,,
,,,,18259,,,,,,,,,,,,,,,,,,,,,,,,,,,,,,,,,,,,
,,,,18267,,,,,,,,,,,,,,,,,,,,,,,,,,,,,,,,,,,,
,,,,28736,,,,,,,,,,,,,,,,,,,,,,,,,,,,,,,,,,,,
,,,,18355,,,,,,,,,,,,,,,,,,,,,,,,,,,,,,,,,,,,
,,,,28859,,,,,,,,,,,,,,,,,,,,,,,,,,,,,,,,,,,,
,,,,18797,,,,,,,,,,,,,,,,,,,,,,,,,,,,,,,,,,,,
,,,,19349,,,,,,,,,,,,,,,,,,,,,,,,,,,,,,,,,,,,
,,,,19605,,,,,,,,,,,,,,,,,,,,,,,,,,,,,,,,,,,,
,,,,19951,,,,,,,,,,,,,,,,,,,,,,,,,,,,,,,,,,,,
,,,,20009,,,,,,,,,,,,,,,,,,,,,,,,,,,,,,,,,,,,
,,,,20045,,,,,,,,,,,,,,,,,,,,,,,,,,,,,,,,,,,,
,,,,20351,,,,,,,,,,,,,,,,,,,,,,,,,,,,,,,,,,,,
,,,,20409,,,,,,,,,,,,,,,,,,,,,,,,,,,,,,,,,,,,
,,,,20555,,,,,,,,,,,,,,,,,,,,,,,,,,,,,,,,,,,,
,,,,21835,,,,,,,,,,,,,,,,,,,,,,,,,,,,,,,,,,,,
