2.2.1.1,4.1.1,4.1.3,4.6
2.1,4.1,4.3.4.1,4.8.1
4.1.4,4.3.4,4.6.1,
3.1.2.1,4.1,4.6,
3.1.2.2,4.5,4.6.1,4.8.2
1.1.3.2,3.1.2.1,6,8
1.2.2.1,4.3.4.2,4.6.5,4.7
4.4.1.1.1,4.4.1.2,4.5,4.9.1
4.1.1.2,4.1.2.1.1,4.3.1,4.9.1
1.1.3.3,4.4.1.2,4.8.1,
4.2.2,4.3.4.1,4.6.4,6
1.1.3.1,2.2.2,4.1.1,
1.1.3.1,1.1.3.3,4.2.1,cap
4.1.2.1.1,4.1.3,4.4.1.1.1,4.6.2
1.1.3,3.1.2.2,4.2.2.1,5
1.2.2,2.2,4.5,
1.1,2.2.2,4.6.1.1,4.9.1
3.1.1,4.1.1,4.1.2.1,4.9.1
1.1,4.1.3,4.2.1.1,
1.1,4.1.3,4.2.2,4.3.4.2
1.1.3.1,3.1.1,4.3.2.1,4.4.1
3.1.2.1,4.3.1.1,4.6.2,
4.1.2.1.1,4.4.1.1,4.6.3,oryg
4.1,4.4.1.1,4.4.1.2,8
1,4.6.2.2,4.6.5,4.8
2.2,4.1.1.2,4.1.3,4.4.1.2
4.1,4.3.2.1,4.6.2.2,5
4.1,4.2.1.1,4.3.2.1,4.3.4.1
1.1.3.2,1.2.2.1,5,6
1.1.3,2.2.1.1,4.1.1.3,4.4.1.1.1
1.1.1.1,4.6.1.1,6,
1.1.3.2,2.2,4.2.2,4.3.2.1
4.1.1.1,4.1.2,4.8.3,bov
1.1.1.1,2.2.1.1,4.1.2,4.1.4
4.1.2.1,4.3.2.1,4.4.1.1,4.6.1.1
2,3.1.2,4.1,4.6.3
1.1.1.1,4.1.4,4.3.2,4.4.1.2
1.1.3.2,3.1.2.1,4.2.1,4.4.1.2
1.1,4.1.1.3,4.4.1,4.6.4
1.2.2,3,4.2.1,
4.1.1.1,4.2.1,4.6.3,4.8.3
1.2.2.1,4.1,4.3.2,
1.1.3,4.4.1.1,4.6.1.2,9
1.1.3.3,3.1.1,4.2.1,cap
1.1.3.3,4.1.2,4.3.1,4.8.1
1.1.3,4.2.2.1,4.3.4.2.1,4.9.1
1.1.3.3,4.2.2.2,4.3.2,4.3.4.2
4.1.1.1,4.2.2.1,4.6.2.2,bov
4.3,4.4.1.2,4.9.1,5
4.1.2.1.1,4.6.1.1,4.6.5,bov
3,4.6.5,6,
3.1.2,4.3.3,4.8,oryg
1.1.3.3,4.2.1,4.2.2,4.3.1.1
1.1.1.1,4.4,5,8
2.1,2.2.1,,
1.1.2,3,4.1.2.1.1,4.2.1.1
4.1.2.1,4.1.3,4.6.2,cap
4.1.2,4.5,6,
4.1.1.1,4.1.3,4.4.1.1.1,
1.1.3.2,4.3.3,4.4,cap
4.2,4.6.2,4.8.1,
4.6.1.2,4.7,4.9.1,9
2.2.1,3.1.1,4.1.1.3,4.4.1
4.2.2.1,4.2.2.2,4.3.4,4.9.1
1.1.1,3.1.2.2,4.2,4.3.1
4.3.2.1,4.3.4,4.6.5,
1.1.1.1,2.2,4.3.1.1,4.4.1.2
1.1.3,4.1.1,4.2.2.1,4.6.1
1.1.1.1,4.1.1,4.3.3,
1.1.3.3,2.1,4.1.2.1.1,7
1.1.3,4.2.2.2,4.3.2,
4.1.3,4.6.1,4.6.3,4.6.4
1.1.2,3,4.1.1.3,4.8
1.1.1,3.1.2.1,4.9.1,7
2.2.1.1,4.3.2,4.6.1,4.9.1
4.2.1,4.3.4.1,4.4.1.1.1,4.6.4
3.1.2,4.1,4.4.1,4.8.2
1.2.2,2.2.1,4.1.4,4.6.2
4.3.4.1,4.4,4.6.2,9
4.2.2,4.3.1.1,4.6.2.1,cap
3.1.2.1,4.4.1.2,9,
1.2.2,4.1.2.1.1,4.4.1.1,
1.1.3.3,3.1.1,4.2.1,4.4.1.1.1
4.3.4.2,4.4,bov,oryg
3.1.2,4.1.2.1,4.7,4.9.1
4.1.1.3,4.2.2.1,9,cap
1.1.3.1,4.2.2,4.3.4,4.6.1.1
4.1.3,4.2.2.2,4.3.4.2,4.8.1
4.3.1.1,4.4.1.1.1,4.8.3,9
1.1.2,1.2.1,2.2.1,8
1,4.2.2,4.3.4.2.1,4.8
1.2.2,2.2.2,4.1.1.2,4.3.2.1
1.1.1.1,1.1.3.1,4.2.2,4.4.1.2
2.2.1.1,4.1.3,4.3.2,4.4.1
1.1.3.2,4.2.2.1,8,
1.2.2,4.1.4,4.3.3,7
1,3.1.1,4.2.1,oryg
4.2.1.1,4.3.4.1,4.6.3,8
4.1.1.1,4.1.3,4.2.2,4.8.2
2.2.2,3.1.1,4.5,7
2.2.1.1,4.3.4,4.4.1.2,6
1.1.2,1.1.3.2,4.4,4.9.1
1.1.1.1,3.1.2,4.9.1,
1.1,3.1.2.1,4.1.1.1,4.3.4
4.1.2,4.3.1.1,6,8
1.2.2.1,4.1.2.1.1,4.2.1,4.3.4.2.1
2.1,4.1.1,4.3.4.1,
4.1.1.1,4.6.1.2,4.6.2.1,
4.1.1.2,6,9,
2.2,4.3.4.1,4.6.1.2,5
1.1.1.1,4.6.1.1,4.6.2.1,
4.2.1.1,4.3.2.1,4.6.2.1,
1.1,4.2.1,4.3.2.1,5
1.1.3.2,3.1.2,4.1.1.1,4.3.3
1.2.1,4.2.2.2,4.3.2.1,4.6.2.2
1.1.3,4.1,4.8,oryg
4.3.2,4.6.1.2,4.8,9
1.1.1.1,2.2.1.1,8,oryg
4.1.1.2,4.3.1.1,4.9.1,8
1.1.3.1,2.2,4.1.1.2,4.3.4.2.1
1.1.1.1,2.2.1,4.8.1,
2.2.2,4.1.1,4.2.2.1,5
1.2.2.1,4.1.1,4.4.1,5
1.2.1,3.1.2.1,4.8.2,
3.1.1,3.1.2.1,4.3.4,4.6.2
4.3.2,4.3.4.1,4.3.4.2.1,4.6.2.2
2.2.1.1,4.1.1.3,4.5,4.8.1
1.1.2,4.3.1,4.8.3,oryg
2,4.6.1,4.6.2,4.6.4
1.2.1,4.3,4.4.1.1,4.8
1.2.2,2.1,3.1.2.2,4.3.1.1
1.1.1,4.2.2,4.3.2.1,4.6.1
1.2.1,4.4.1.2,4.6,4.8
3.1.2.1,4.1.1,4.6.1.2,cap
1.1.1,4.1.3,cap,
1.2.2.1,4.6.1.1,4.6.2.1,9
1.1.1,4.2.2,4.3.4,4.8.2
1.1.3.1,2.2,4.2,4.3.3
2.2,3.1.1,4.4.1.2,4.6.2
1.1.3.2,4.1.2,4.4.1.1.1,4.6.2
1.1.3.1,4.3.1,4.6.3,
4.1.2.1.1,4.2.2,5,
2.2.1,3,4.1.2.1.1,4.2.1
4.3.1,4.3.4.2,4.4.1.1.1,4.6.1
1.1.1,1.1.3.2,4.1.1.1,
1.1.1.1,2,4.3.1,4.5
1.1.1.1,4.9.1,6,
4.2,4.3.2.1,4.4.1.1,4.6.2.1
2.2.1.1,4.1.2.1.1,4.2.1.1,
4.3.3,4.8.3,oryg,
4.3.4.2.1,4.6.3,6,
1.2.1,4.1.1.3,4.4.1,4.6.5
4.1,4.2.2.2,,
1.1.2,3.1.2.1,4.1.2.1,4.6.4
1.1.1.1,3.1.2,4.1.1.2,
2,4.1.2.1.1,4.2,4.3.1
4.2,4.3.4.2.1,4.6.1.1,
1.1.1.1,1.1.3.3,4.3.3,4.6.2.2
4.1,4.4.1.1.1,4.6.2.1,7
4.1.4,4.5,4.8,9
1.1.3.3,4.4.1.1,oryg,
3.1.2.2,4.2.2.1,4.6.1.2,4.8.3
1.1.3.2,2.2.2,3.1.2.2,
1.1,4.1.1.1,4.1.1.3,
2.2.1.1,4.1.1.2,4.2.2.1,4.6
2,4.2.2.1,4.4.1,4.6.4
4.2.2.2,4.3,4.8.3,
4.2.2.2,4.3.2.1,4.6.3,4.6.5
4.2.2.2,4.3,4.6.1,4.8.3
4.1.1,4.1.2.1.1,4.8,6
1.2.2,4.1.3,4.4.1.1.1,bov
4.3,4.4.1,4.6.1.2,6
1.1.1,3.1.2,4.4.1,7
1.1.3,1.2.2.1,4.1,
2,4.1.3,4.3.2,4.8.2
1.2.2,2.2,4.3.2.1,4.8
1.1.3,4.2.2.2,4.4.1.1,cap
2,4.1.1,4.3.1,4.8
4.3.2.1,4.4.1.1,4.6.2.1,cap
2.2.2,4.3.1.1,4.8.2,
4.3.3,4.3.4.2.1,8,oryg
3.1.1,4.3.1.1,,
1.2.2.1,2.2.1.1,3,4.4.1.2
1.1.3.3,4.3.1,4.6.2.1,4.6.4
4.1,4.6.4,oryg,
2.2.1.1,4.1.2,4.1.3,9
4.1.1.1,4.2.2,4.3.1.1,oryg
1.2.1,1.2.2.1,4.7,4.8.2
1.1.3.3,4.1.1.3,4.4.1.1.1,4.6.2
1,2,4.4,4.6
3.1.2.1,4.1,4.2.1.1,8
2.1,2.2.2,4.4.1,
1.1.3.1,4.3.4.2.1,4.6.2.2,
1.1,4.1,4.3.4.2,
1.1.1,2.2,3.1.2.2,4.6.1
1.1.2,3,4.4.1.1,4.6.4
1.2.2.1,4.4.1,4.8.1,4.8.2
4.3.2,4.9.1,oryg,
4.3.4.1,4.4,4.5,4.8
1.1.3.1,4.2.1,4.3.2,4.8
