0,1,2,3,4,5,6,7,8,9,10,11,12,13,14,15,16,17,18,19,20,21,22,23,24,25,26,27,28,29,30,31,32,33,34,35,36,37,38,39,40,41,42,43,44,45,46,47,48,49,50,51,52,53,54,55,56,57,58,59,60,61,62,63,64,65,66,67,68,69,70
0.0,0.322,0.302,0.35,0.373,0.251,0.292,0.293,0.294,0.371,0.371,0.307,0.526,0.349,0.406,0.447,0.447,0.415,0.467,0.413,0.433,0.432,0.404,0.301,0.397,0.355,0.327,0.399,0.378,0.485,0.304,0.317,0.32,0.372,0.347,0.367,0.304,0.346,0.301,0.327,0.456,0.458,0.499,0.353,0.419,0.427,0.398,0.307,0.326,0.425,0.375,0.341,0.441,0.461,0.313,0.317,0.399,0.279,0.279,0.38,0.454,0.415,0.414,0.344,0.337,0.288,0.387,0.395,0.45,0.315,0.32
0.295,0.0,0.386,0.46,0.481,0.352,0.386,0.387,0.361,0.45,0.48,0.414,0.499,0.323,0.375,0.41,0.379,0.396,0.469,0.413,0.435,0.434,0.41,0.314,0.425,0.386,0.344,0.431,0.382,0.486,0.32,0.344,0.33,0.378,0.345,0.396,0.335,0.394,0.309,0.331,0.446,0.45,0.49,0.361,0.404,0.42,0.393,0.345,0.347,0.425,0.381,0.342,0.447,0.471,0.319,0.336,0.395,0.294,0.313,0.392,0.468,0.424,0.414,0.353,0.363,0.309,0.375,0.434,0.433,0.323,0.301
0.282,0.362,0.0,0.101,0.235,0.126,0.189,0.153,0.185,0.275,0.256,0.176,0.549,0.362,0.465,0.568,0.53,0.461,0.503,0.448,0.464,0.461,0.402,0.284,0.336,0.318,0.272,0.355,0.387,0.5,0.292,0.282,0.291,0.396,0.353,0.301,0.257,0.291,0.265,0.301,0.441,0.44,0.496,0.353,0.406,0.417,0.372,0.259,0.279,0.441,0.379,0.359,0.423,0.462,0.338,0.276,0.418,0.273,0.264,0.386,0.47,0.418,0.421,0.325,0.231,0.257,0.431,0.275,0.403,0.324,0.34
0.265,0.359,0.059,0.0,0.186,0.096,0.149,0.129,0.166,0.234,0.21,0.136,0.534,0.336,0.428,0.52,0.485,0.422,0.45,0.4,0.412,0.411,0.36,0.253,0.3,0.28,0.253,0.312,0.341,0.442,0.263,0.252,0.264,0.354,0.318,0.265,0.231,0.254,0.248,0.285,0.408,0.405,0.453,0.337,0.378,0.385,0.346,0.221,0.25,0.393,0.338,0.319,0.368,0.406,0.301,0.248,0.379,0.241,0.23,0.342,0.414,0.372,0.379,0.294,0.216,0.239,0.405,0.252,0.386,0.297,0.325
0.231,0.305,0.092,0.111,0.0,0.091,0.086,0.138,0.099,0.096,0.095,0.09,0.441,0.206,0.258,0.302,0.287,0.253,0.246,0.237,0.233,0.234,0.246,0.197,0.265,0.233,0.225,0.258,0.208,0.257,0.211,0.239,0.198,0.226,0.201,0.247,0.237,0.259,0.218,0.217,0.251,0.257,0.266,0.28,0.237,0.243,0.236,0.214,0.233,0.239,0.226,0.2,0.238,0.243,0.179,0.225,0.229,0.186,0.223,0.233,0.246,0.238,0.228,0.218,0.223,0.243,0.323,0.275,0.255,0.231,0.28
0.277,0.379,0.138,0.173,0.252,0.0,0.145,0.109,0.163,0.279,0.264,0.173,0.578,0.399,0.509,0.623,0.58,0.507,0.532,0.454,0.48,0.477,0.41,0.274,0.354,0.338,0.291,0.376,0.397,0.527,0.284,0.264,0.306,0.396,0.358,0.323,0.25,0.291,0.262,0.305,0.473,0.463,0.534,0.359,0.425,0.441,0.393,0.253,0.268,0.449,0.376,0.349,0.443,0.486,0.33,0.268,0.418,0.258,0.233,0.386,0.488,0.427,0.435,0.322,0.216,0.241,0.449,0.261,0.408,0.308,0.341
0.251,0.34,0.133,0.162,0.179,0.077,0.0,0.112,0.109,0.193,0.187,0.135,0.517,0.316,0.4,0.487,0.452,0.398,0.4,0.349,0.366,0.364,0.329,0.233,0.322,0.293,0.264,0.325,0.309,0.408,0.242,0.247,0.256,0.306,0.278,0.3,0.249,0.283,0.234,0.253,0.371,0.364,0.414,0.316,0.335,0.351,0.321,0.237,0.256,0.348,0.298,0.27,0.354,0.381,0.249,0.245,0.321,0.213,0.218,0.306,0.38,0.339,0.338,0.273,0.225,0.241,0.393,0.28,0.329,0.266,0.307
0.319,0.425,0.192,0.239,0.34,0.131,0.208,0.0,0.213,0.364,0.349,0.228,0.636,0.477,0.608,0.744,0.691,0.611,0.64,0.551,0.582,0.576,0.473,0.324,0.408,0.401,0.331,0.445,0.474,0.637,0.335,0.296,0.365,0.466,0.421,0.383,0.28,0.346,0.299,0.365,0.559,0.551,0.638,0.41,0.501,0.53,0.469,0.3,0.311,0.543,0.452,0.422,0.532,0.589,0.392,0.322,0.496,0.304,0.273,0.469,0.586,0.512,0.516,0.378,0.241,0.259,0.509,0.285,0.476,0.351,0.378
0.267,0.351,0.159,0.194,0.21,0.105,0.118,0.13,0.0,0.216,0.218,0.167,0.532,0.334,0.423,0.516,0.479,0.427,0.432,0.376,0.397,0.393,0.349,0.254,0.35,0.323,0.286,0.357,0.336,0.442,0.26,0.272,0.282,0.331,0.303,0.341,0.279,0.324,0.25,0.279,0.396,0.394,0.442,0.332,0.356,0.373,0.345,0.27,0.28,0.375,0.325,0.289,0.387,0.413,0.27,0.274,0.337,0.24,0.243,0.335,0.409,0.364,0.365,0.299,0.246,0.263,0.413,0.31,0.338,0.286,0.322
0.241,0.311,0.122,0.151,0.112,0.108,0.105,0.153,0.115,0.0,0.116,0.109,0.456,0.227,0.284,0.336,0.318,0.279,0.276,0.258,0.26,0.261,0.254,0.203,0.279,0.252,0.235,0.278,0.224,0.287,0.219,0.246,0.211,0.236,0.212,0.271,0.25,0.28,0.222,0.223,0.272,0.276,0.29,0.291,0.244,0.26,0.249,0.231,0.244,0.254,0.237,0.209,0.263,0.269,0.185,0.234,0.237,0.195,0.227,0.245,0.268,0.255,0.239,0.228,0.234,0.248,0.338,0.286,0.262,0.24,0.289
0.239,0.315,0.113,0.137,0.104,0.107,0.104,0.153,0.117,0.111,0.0,0.073,0.453,0.225,0.28,0.329,0.312,0.274,0.268,0.254,0.254,0.255,0.259,0.208,0.276,0.245,0.235,0.271,0.223,0.282,0.221,0.25,0.209,0.241,0.215,0.258,0.245,0.271,0.231,0.231,0.269,0.275,0.288,0.291,0.254,0.262,0.252,0.226,0.245,0.259,0.241,0.215,0.257,0.264,0.193,0.237,0.245,0.197,0.232,0.246,0.267,0.255,0.243,0.229,0.231,0.249,0.336,0.281,0.268,0.241,0.289
0.248,0.339,0.115,0.136,0.146,0.103,0.119,0.141,0.136,0.166,0.118,0.0,0.489,0.28,0.353,0.424,0.399,0.347,0.357,0.323,0.33,0.33,0.299,0.222,0.283,0.258,0.239,0.285,0.277,0.359,0.232,0.248,0.234,0.289,0.261,0.266,0.238,0.264,0.228,0.251,0.333,0.337,0.366,0.307,0.308,0.317,0.292,0.222,0.241,0.316,0.283,0.258,0.311,0.332,0.237,0.239,0.301,0.212,0.224,0.29,0.336,0.309,0.307,0.255,0.221,0.24,0.37,0.265,0.319,0.265,0.305
0.422,0.435,0.531,0.606,0.592,0.483,0.512,0.527,0.482,0.555,0.592,0.529,0.0,0.404,0.379,0.532,0.499,0.469,0.555,0.51,0.52,0.52,0.529,0.43,0.55,0.505,0.456,0.549,0.491,0.591,0.438,0.481,0.421,0.49,0.446,0.52,0.464,0.53,0.439,0.456,0.551,0.558,0.594,0.477,0.518,0.525,0.503,0.46,0.479,0.538,0.494,0.443,0.546,0.562,0.421,0.461,0.512,0.405,0.457,0.509,0.564,0.523,0.508,0.456,0.49,0.42,0.47,0.566,0.522,0.419,0.432
0.219,0.231,0.229,0.263,0.23,0.212,0.216,0.256,0.217,0.225,0.238,0.218,0.339,0.0,0.128,0.146,0.142,0.114,0.163,0.161,0.157,0.158,0.175,0.138,0.198,0.171,0.163,0.19,0.134,0.179,0.152,0.174,0.138,0.155,0.138,0.176,0.174,0.189,0.159,0.159,0.18,0.187,0.193,0.235,0.166,0.172,0.167,0.157,0.173,0.164,0.16,0.139,0.167,0.169,0.121,0.164,0.161,0.135,0.163,0.163,0.175,0.171,0.157,0.159,0.229,0.197,0.241,0.283,0.259,0.182,0.217
0.21,0.218,0.244,0.277,0.241,0.222,0.228,0.27,0.231,0.238,0.248,0.231,0.288,0.104,0.0,0.077,0.082,0.076,0.169,0.172,0.164,0.166,0.192,0.152,0.213,0.18,0.177,0.2,0.145,0.184,0.167,0.192,0.147,0.168,0.15,0.184,0.188,0.203,0.177,0.175,0.191,0.199,0.199,0.246,0.179,0.183,0.18,0.169,0.188,0.176,0.174,0.154,0.173,0.176,0.133,0.18,0.178,0.146,0.181,0.175,0.177,0.181,0.167,0.169,0.24,0.21,0.225,0.293,0.267,0.19,0.22
0.197,0.186,0.225,0.257,0.218,0.21,0.213,0.259,0.218,0.22,0.227,0.214,0.307,0.086,0.053,0.0,0.019,0.055,0.144,0.151,0.142,0.143,0.174,0.138,0.193,0.16,0.163,0.179,0.126,0.16,0.154,0.179,0.134,0.151,0.134,0.167,0.176,0.185,0.166,0.16,0.169,0.176,0.175,0.231,0.16,0.164,0.162,0.157,0.174,0.155,0.157,0.139,0.153,0.153,0.119,0.167,0.16,0.136,0.171,0.16,0.157,0.162,0.15,0.157,0.228,0.2,0.215,0.277,0.253,0.179,0.208
0.203,0.188,0.231,0.263,0.225,0.215,0.218,0.263,0.223,0.226,0.234,0.22,0.31,0.091,0.058,0.021,0.0,0.061,0.15,0.155,0.147,0.148,0.178,0.142,0.197,0.165,0.166,0.184,0.131,0.167,0.157,0.182,0.138,0.155,0.138,0.172,0.179,0.189,0.168,0.164,0.174,0.18,0.182,0.234,0.165,0.169,0.166,0.16,0.177,0.16,0.162,0.142,0.159,0.159,0.123,0.17,0.164,0.139,0.174,0.165,0.163,0.167,0.154,0.161,0.232,0.202,0.219,0.281,0.257,0.182,0.211
0.21,0.22,0.227,0.259,0.22,0.21,0.213,0.257,0.218,0.221,0.228,0.213,0.316,0.086,0.069,0.075,0.079,0.0,0.145,0.152,0.144,0.146,0.172,0.137,0.193,0.159,0.161,0.178,0.125,0.161,0.152,0.175,0.133,0.15,0.134,0.165,0.173,0.183,0.163,0.16,0.17,0.177,0.175,0.233,0.158,0.161,0.16,0.155,0.171,0.153,0.156,0.138,0.153,0.154,0.118,0.165,0.158,0.135,0.168,0.158,0.155,0.162,0.147,0.154,0.227,0.198,0.228,0.279,0.254,0.179,0.213
0.228,0.249,0.222,0.256,0.215,0.204,0.205,0.252,0.212,0.212,0.222,0.208,0.366,0.12,0.155,0.176,0.171,0.144,0.0,0.037,0.025,0.026,0.164,0.131,0.184,0.157,0.157,0.175,0.123,0.157,0.147,0.173,0.13,0.148,0.129,0.164,0.17,0.182,0.155,0.15,0.162,0.165,0.17,0.227,0.152,0.157,0.154,0.147,0.164,0.15,0.149,0.13,0.147,0.148,0.11,0.158,0.15,0.126,0.159,0.152,0.151,0.154,0.14,0.147,0.223,0.194,0.252,0.274,0.248,0.153,0.219
0.237,0.257,0.236,0.273,0.232,0.213,0.216,0.262,0.221,0.224,0.236,0.221,0.378,0.134,0.175,0.199,0.191,0.163,0.037,0.0,0.032,0.033,0.176,0.14,0.197,0.171,0.168,0.188,0.136,0.177,0.155,0.181,0.141,0.159,0.14,0.179,0.181,0.194,0.162,0.159,0.175,0.18,0.188,0.236,0.164,0.17,0.167,0.159,0.174,0.163,0.159,0.139,0.165,0.167,0.119,0.168,0.16,0.135,0.168,0.163,0.17,0.168,0.155,0.16,0.233,0.202,0.262,0.287,0.257,0.161,0.228
0.227,0.247,0.219,0.253,0.211,0.202,0.203,0.251,0.21,0.209,0.219,0.206,0.365,0.118,0.153,0.172,0.168,0.141,0.018,0.027,0.0,0.014,0.16,0.129,0.181,0.156,0.156,0.172,0.121,0.154,0.145,0.171,0.128,0.145,0.127,0.16,0.168,0.177,0.153,0.148,0.158,0.163,0.166,0.225,0.15,0.154,0.152,0.145,0.162,0.146,0.147,0.128,0.145,0.145,0.108,0.155,0.147,0.124,0.157,0.148,0.148,0.151,0.137,0.145,0.222,0.194,0.25,0.273,0.247,0.152,0.219
0.228,0.25,0.221,0.255,0.214,0.203,0.205,0.252,0.211,0.211,0.222,0.208,0.367,0.12,0.156,0.176,0.171,0.145,0.019,0.029,0.014,0.0,0.164,0.132,0.185,0.159,0.159,0.175,0.123,0.158,0.147,0.173,0.13,0.148,0.13,0.164,0.17,0.181,0.154,0.15,0.161,0.165,0.17,0.227,0.153,0.157,0.155,0.147,0.165,0.15,0.149,0.13,0.148,0.148,0.11,0.158,0.15,0.126,0.159,0.15,0.152,0.154,0.14,0.147,0.223,0.195,0.252,0.274,0.249,0.154,0.22
0.252,0.275,0.251,0.294,0.278,0.219,0.234,0.255,0.236,0.263,0.28,0.242,0.415,0.188,0.246,0.296,0.278,0.236,0.238,0.217,0.224,0.224,0.0,0.108,0.155,0.142,0.134,0.158,0.126,0.184,0.128,0.132,0.118,0.146,0.128,0.147,0.137,0.158,0.107,0.118,0.155,0.16,0.17,0.195,0.134,0.147,0.135,0.109,0.112,0.141,0.13,0.112,0.146,0.154,0.087,0.111,0.127,0.087,0.103,0.119,0.148,0.138,0.129,0.113,0.228,0.166,0.296,0.285,0.281,0.2,0.244
0.266,0.298,0.273,0.321,0.348,0.222,0.26,0.248,0.26,0.335,0.347,0.27,0.464,0.261,0.342,0.42,0.391,0.339,0.347,0.299,0.318,0.317,0.212,0.0,0.14,0.132,0.107,0.136,0.17,0.263,0.112,0.1,0.148,0.202,0.177,0.183,0.137,0.165,0.12,0.146,0.251,0.252,0.294,0.233,0.211,0.231,0.202,0.136,0.125,0.233,0.198,0.177,0.244,0.271,0.155,0.142,0.211,0.127,0.11,0.201,0.265,0.235,0.236,0.175,0.224,0.174,0.347,0.278,0.329,0.226,0.265
0.281,0.327,0.246,0.289,0.352,0.221,0.284,0.249,0.289,0.365,0.359,0.268,0.484,0.287,0.373,0.448,0.423,0.36,0.38,0.334,0.35,0.348,0.234,0.109,0.0,0.1,0.083,0.113,0.205,0.291,0.152,0.109,0.173,0.249,0.217,0.168,0.133,0.143,0.148,0.179,0.279,0.28,0.326,0.248,0.245,0.262,0.224,0.125,0.127,0.267,0.228,0.218,0.255,0.286,0.202,0.148,0.265,0.154,0.137,0.23,0.295,0.261,0.269,0.196,0.216,0.174,0.36,0.256,0.381,0.25,0.287
0.254,0.297,0.224,0.259,0.298,0.204,0.244,0.24,0.253,0.31,0.304,0.234,0.442,0.236,0.301,0.362,0.341,0.287,0.304,0.272,0.281,0.281,0.193,0.085,0.079,0.0,0.07,0.083,0.151,0.218,0.122,0.095,0.134,0.199,0.171,0.133,0.123,0.125,0.13,0.149,0.225,0.224,0.255,0.227,0.197,0.205,0.179,0.105,0.118,0.211,0.18,0.171,0.198,0.22,0.156,0.128,0.213,0.127,0.116,0.178,0.226,0.208,0.211,0.162,0.207,0.169,0.322,0.25,0.337,0.221,0.262
0.28,0.322,0.26,0.309,0.362,0.234,0.287,0.256,0.29,0.368,0.366,0.278,0.48,0.287,0.369,0.449,0.42,0.363,0.38,0.335,0.352,0.349,0.242,0.108,0.111,0.116,0.0,0.126,0.206,0.298,0.151,0.117,0.17,0.243,0.21,0.177,0.143,0.16,0.147,0.177,0.286,0.286,0.329,0.252,0.247,0.268,0.233,0.136,0.141,0.273,0.232,0.215,0.266,0.294,0.199,0.156,0.261,0.156,0.138,0.24,0.3,0.265,0.266,0.195,0.22,0.176,0.361,0.268,0.37,0.248,0.283
0.264,0.307,0.233,0.269,0.315,0.209,0.256,0.246,0.266,0.327,0.32,0.245,0.451,0.251,0.321,0.391,0.367,0.311,0.326,0.291,0.302,0.3,0.202,0.086,0.087,0.082,0.074,0.0,0.165,0.241,0.125,0.103,0.145,0.208,0.181,0.14,0.124,0.128,0.13,0.154,0.241,0.24,0.275,0.236,0.212,0.226,0.193,0.109,0.123,0.228,0.196,0.184,0.215,0.238,0.166,0.132,0.226,0.135,0.123,0.201,0.246,0.223,0.231,0.178,0.213,0.171,0.335,0.256,0.347,0.228,0.269
0.234,0.251,0.225,0.261,0.227,0.2,0.204,0.241,0.207,0.216,0.229,0.211,0.376,0.138,0.179,0.212,0.203,0.169,0.168,0.165,0.162,0.163,0.115,0.064,0.11,0.089,0.091,0.101,0.0,0.071,0.083,0.099,0.084,0.102,0.084,0.114,0.12,0.13,0.107,0.102,0.111,0.12,0.125,0.192,0.102,0.11,0.107,0.1,0.114,0.105,0.104,0.089,0.104,0.106,0.065,0.11,0.103,0.083,0.109,0.102,0.11,0.115,0.1,0.103,0.216,0.171,0.262,0.272,0.245,0.176,0.224
0.237,0.257,0.219,0.25,0.213,0.202,0.204,0.249,0.21,0.211,0.222,0.207,0.373,0.13,0.164,0.188,0.183,0.154,0.148,0.153,0.144,0.147,0.114,0.071,0.108,0.087,0.095,0.096,0.035,0.0,0.088,0.106,0.085,0.101,0.085,0.109,0.124,0.125,0.111,0.104,0.103,0.111,0.108,0.19,0.099,0.103,0.104,0.099,0.117,0.097,0.103,0.089,0.09,0.089,0.066,0.111,0.102,0.084,0.114,0.1,0.094,0.105,0.092,0.103,0.216,0.177,0.261,0.271,0.246,0.179,0.229
0.265,0.302,0.276,0.318,0.336,0.227,0.255,0.26,0.256,0.325,0.335,0.267,0.462,0.253,0.329,0.401,0.375,0.323,0.331,0.286,0.304,0.303,0.212,0.099,0.177,0.159,0.139,0.174,0.169,0.25,0.0,0.128,0.157,0.198,0.179,0.182,0.151,0.169,0.132,0.15,0.247,0.248,0.286,0.236,0.219,0.231,0.204,0.143,0.151,0.227,0.2,0.173,0.232,0.256,0.152,0.152,0.205,0.131,0.122,0.199,0.257,0.227,0.23,0.182,0.228,0.185,0.341,0.283,0.331,0.223,0.262
0.29,0.335,0.289,0.341,0.412,0.238,0.297,0.25,0.299,0.408,0.411,0.306,0.516,0.33,0.429,0.529,0.49,0.423,0.45,0.382,0.41,0.407,0.274,0.131,0.18,0.179,0.144,0.201,0.244,0.36,0.165,0.0,0.194,0.275,0.241,0.206,0.149,0.178,0.139,0.19,0.326,0.324,0.39,0.268,0.284,0.304,0.262,0.147,0.153,0.313,0.258,0.24,0.312,0.353,0.218,0.161,0.292,0.164,0.13,0.262,0.355,0.304,0.311,0.215,0.225,0.176,0.393,0.28,0.401,0.263,0.296
0.248,0.278,0.234,0.273,0.282,0.206,0.23,0.244,0.236,0.278,0.285,0.234,0.416,0.2,0.258,0.315,0.297,0.252,0.261,0.235,0.243,0.242,0.163,0.097,0.155,0.134,0.122,0.151,0.135,0.204,0.121,0.118,0.0,0.112,0.096,0.079,0.078,0.085,0.111,0.126,0.183,0.186,0.209,0.211,0.163,0.173,0.157,0.104,0.121,0.173,0.153,0.14,0.165,0.184,0.115,0.119,0.162,0.105,0.103,0.148,0.189,0.175,0.169,0.137,0.209,0.167,0.302,0.264,0.296,0.201,0.245
0.243,0.263,0.251,0.29,0.261,0.22,0.218,0.253,0.223,0.245,0.262,0.234,0.396,0.167,0.218,0.26,0.244,0.211,0.21,0.195,0.199,0.199,0.14,0.099,0.165,0.142,0.132,0.153,0.109,0.164,0.117,0.133,0.072,0.0,0.06,0.101,0.097,0.11,0.119,0.119,0.152,0.158,0.165,0.202,0.132,0.145,0.138,0.122,0.134,0.136,0.13,0.108,0.144,0.152,0.084,0.13,0.128,0.097,0.117,0.127,0.152,0.148,0.137,0.133,0.228,0.18,0.283,0.285,0.263,0.19,0.236
0.243,0.259,0.247,0.288,0.254,0.216,0.217,0.254,0.221,0.239,0.255,0.232,0.392,0.16,0.206,0.246,0.231,0.198,0.197,0.187,0.187,0.189,0.136,0.093,0.157,0.134,0.124,0.145,0.096,0.148,0.115,0.128,0.063,0.063,0.0,0.094,0.096,0.105,0.115,0.113,0.138,0.146,0.154,0.201,0.122,0.133,0.128,0.116,0.128,0.128,0.122,0.103,0.133,0.138,0.076,0.123,0.12,0.094,0.115,0.121,0.14,0.136,0.123,0.122,0.226,0.179,0.279,0.283,0.255,0.186,0.235
0.259,0.3,0.217,0.253,0.309,0.201,0.252,0.234,0.265,0.326,0.315,0.241,0.449,0.243,0.313,0.381,0.358,0.301,0.324,0.291,0.298,0.297,0.204,0.133,0.165,0.151,0.133,0.169,0.179,0.261,0.143,0.128,0.092,0.162,0.141,0.0,0.063,0.059,0.126,0.156,0.235,0.235,0.267,0.232,0.214,0.219,0.191,0.096,0.123,0.222,0.193,0.187,0.198,0.227,0.163,0.122,0.222,0.127,0.112,0.19,0.241,0.218,0.219,0.159,0.204,0.162,0.327,0.246,0.35,0.227,0.264
0.29,0.339,0.269,0.314,0.4,0.23,0.302,0.245,0.311,0.412,0.403,0.295,0.511,0.329,0.425,0.519,0.486,0.419,0.449,0.388,0.409,0.405,0.284,0.173,0.218,0.212,0.175,0.236,0.265,0.384,0.187,0.152,0.15,0.234,0.209,0.121,0.0,0.093,0.158,0.201,0.337,0.331,0.389,0.273,0.298,0.31,0.267,0.138,0.156,0.32,0.266,0.249,0.304,0.345,0.228,0.164,0.305,0.166,0.133,0.262,0.352,0.306,0.314,0.222,0.217,0.174,0.389,0.26,0.413,0.267,0.297
0.283,0.34,0.244,0.283,0.368,0.217,0.288,0.247,0.3,0.393,0.377,0.274,0.504,0.311,0.403,0.487,0.458,0.39,0.418,0.365,0.382,0.379,0.274,0.167,0.193,0.185,0.159,0.211,0.249,0.35,0.176,0.146,0.137,0.226,0.199,0.093,0.069,0.0,0.151,0.194,0.312,0.309,0.36,0.262,0.286,0.29,0.249,0.117,0.148,0.295,0.248,0.242,0.273,0.313,0.222,0.15,0.292,0.16,0.128,0.243,0.322,0.282,0.296,0.208,0.212,0.172,0.377,0.246,0.409,0.263,0.297
0.282,0.317,0.294,0.345,0.39,0.241,0.284,0.256,0.281,0.375,0.39,0.294,0.495,0.301,0.395,0.487,0.45,0.391,0.41,0.346,0.374,0.369,0.224,0.143,0.214,0.21,0.168,0.225,0.237,0.346,0.161,0.134,0.18,0.242,0.214,0.203,0.15,0.182,0.0,0.112,0.24,0.243,0.296,0.214,0.203,0.223,0.184,0.136,0.134,0.263,0.216,0.201,0.27,0.303,0.177,0.144,0.243,0.132,0.11,0.226,0.304,0.261,0.265,0.185,0.227,0.165,0.375,0.288,0.368,0.248,0.279
0.262,0.292,0.266,0.313,0.324,0.224,0.246,0.259,0.252,0.308,0.324,0.264,0.448,0.235,0.309,0.376,0.35,0.303,0.31,0.269,0.286,0.284,0.184,0.118,0.184,0.171,0.144,0.185,0.174,0.254,0.135,0.134,0.144,0.18,0.159,0.177,0.143,0.166,0.068,0.0,0.17,0.174,0.204,0.189,0.143,0.161,0.138,0.122,0.131,0.194,0.169,0.149,0.202,0.221,0.127,0.124,0.178,0.108,0.104,0.17,0.223,0.199,0.196,0.153,0.225,0.169,0.332,0.286,0.315,0.218,0.259
0.244,0.263,0.231,0.268,0.229,0.213,0.214,0.257,0.218,0.222,0.234,0.217,0.385,0.147,0.185,0.214,0.205,0.176,0.171,0.168,0.165,0.165,0.111,0.095,0.138,0.119,0.123,0.133,0.082,0.119,0.113,0.131,0.096,0.111,0.093,0.126,0.136,0.139,0.077,0.07,0.0,0.036,0.073,0.157,0.056,0.063,0.063,0.1,0.115,0.096,0.101,0.087,0.096,0.094,0.064,0.11,0.094,0.085,0.11,0.098,0.104,0.107,0.095,0.104,0.228,0.174,0.271,0.281,0.252,0.187,0.239
0.245,0.266,0.234,0.27,0.23,0.211,0.212,0.256,0.218,0.223,0.234,0.219,0.388,0.15,0.186,0.214,0.206,0.178,0.165,0.164,0.161,0.159,0.113,0.096,0.142,0.119,0.124,0.131,0.084,0.122,0.115,0.132,0.096,0.113,0.095,0.126,0.135,0.14,0.08,0.071,0.026,0.0,0.074,0.161,0.061,0.07,0.068,0.1,0.116,0.098,0.1,0.087,0.095,0.094,0.065,0.112,0.097,0.084,0.111,0.097,0.102,0.108,0.094,0.105,0.227,0.174,0.271,0.282,0.251,0.186,0.238
0.239,0.258,0.22,0.252,0.214,0.203,0.205,0.253,0.211,0.208,0.219,0.207,0.374,0.133,0.166,0.191,0.186,0.157,0.152,0.156,0.149,0.15,0.098,0.093,0.134,0.11,0.117,0.124,0.074,0.1,0.11,0.13,0.089,0.102,0.088,0.113,0.129,0.132,0.077,0.066,0.057,0.065,0.0,0.151,0.05,0.053,0.056,0.094,0.11,0.083,0.091,0.079,0.079,0.077,0.058,0.106,0.086,0.079,0.107,0.089,0.082,0.095,0.081,0.096,0.222,0.17,0.259,0.272,0.243,0.18,0.232
0.32,0.357,0.359,0.413,0.41,0.322,0.349,0.368,0.34,0.402,0.418,0.364,0.533,0.33,0.405,0.47,0.446,0.401,0.404,0.354,0.381,0.382,0.287,0.228,0.294,0.271,0.252,0.299,0.278,0.349,0.241,0.254,0.247,0.28,0.262,0.296,0.24,0.254,0.192,0.198,0.271,0.283,0.291,0.0,0.252,0.262,0.242,0.234,0.246,0.286,0.274,0.247,0.315,0.321,0.222,0.245,0.277,0.204,0.214,0.267,0.318,0.298,0.294,0.257,0.324,0.253,0.404,0.381,0.401,0.3,0.33
0.248,0.263,0.244,0.287,0.251,0.216,0.221,0.259,0.221,0.228,0.253,0.23,0.393,0.159,0.203,0.241,0.229,0.194,0.194,0.185,0.187,0.187,0.118,0.095,0.146,0.128,0.122,0.147,0.096,0.141,0.118,0.13,0.106,0.119,0.101,0.142,0.139,0.153,0.074,0.072,0.079,0.09,0.089,0.164,0.0,0.055,0.053,0.111,0.115,0.106,0.105,0.092,0.116,0.117,0.071,0.114,0.104,0.09,0.108,0.108,0.12,0.122,0.106,0.109,0.23,0.173,0.28,0.287,0.255,0.191,0.242
0.245,0.263,0.243,0.28,0.242,0.215,0.217,0.259,0.219,0.228,0.245,0.225,0.385,0.153,0.192,0.227,0.217,0.186,0.182,0.177,0.176,0.178,0.114,0.093,0.148,0.123,0.125,0.139,0.087,0.131,0.115,0.129,0.1,0.116,0.098,0.132,0.135,0.145,0.076,0.074,0.07,0.083,0.08,0.164,0.042,0.0,0.027,0.103,0.113,0.098,0.1,0.086,0.103,0.106,0.066,0.11,0.1,0.086,0.108,0.099,0.108,0.11,0.099,0.105,0.229,0.173,0.276,0.287,0.252,0.189,0.24
0.244,0.265,0.238,0.277,0.247,0.212,0.218,0.255,0.223,0.233,0.25,0.224,0.39,0.16,0.203,0.24,0.229,0.195,0.195,0.185,0.187,0.188,0.117,0.094,0.141,0.12,0.121,0.136,0.095,0.141,0.115,0.127,0.104,0.123,0.104,0.132,0.132,0.142,0.073,0.074,0.078,0.09,0.092,0.164,0.047,0.029,0.0,0.102,0.112,0.108,0.105,0.092,0.111,0.116,0.071,0.108,0.107,0.086,0.105,0.103,0.119,0.118,0.109,0.109,0.224,0.17,0.279,0.282,0.26,0.191,0.241
0.264,0.31,0.229,0.265,0.335,0.199,0.256,0.227,0.268,0.353,0.342,0.251,0.469,0.273,0.354,0.435,0.407,0.347,0.37,0.323,0.339,0.337,0.208,0.137,0.169,0.158,0.138,0.177,0.208,0.304,0.151,0.12,0.15,0.224,0.198,0.129,0.11,0.115,0.112,0.15,0.253,0.25,0.297,0.23,0.229,0.233,0.198,0.0,0.094,0.221,0.183,0.179,0.178,0.256,0.17,0.103,0.233,0.117,0.094,0.194,0.265,0.229,0.238,0.164,0.199,0.145,0.348,0.243,0.371,0.234,0.271
0.287,0.323,0.273,0.327,0.389,0.23,0.293,0.251,0.291,0.39,0.39,0.288,0.496,0.308,0.398,0.491,0.456,0.395,0.414,0.356,0.379,0.377,0.227,0.132,0.174,0.18,0.146,0.195,0.242,0.349,0.175,0.139,0.182,0.257,0.226,0.188,0.141,0.171,0.126,0.171,0.287,0.288,0.339,0.244,0.246,0.262,0.225,0.111,0.0,0.221,0.178,0.185,0.252,0.308,0.196,0.137,0.262,0.14,0.113,0.231,0.308,0.265,0.273,0.189,0.221,0.142,0.375,0.279,0.384,0.256,0.286
0.237,0.254,0.23,0.267,0.226,0.205,0.205,0.253,0.209,0.214,0.232,0.212,0.378,0.138,0.176,0.205,0.197,0.167,0.165,0.163,0.159,0.162,0.103,0.089,0.136,0.115,0.116,0.128,0.078,0.115,0.105,0.125,0.093,0.104,0.089,0.122,0.131,0.135,0.1,0.095,0.102,0.11,0.107,0.181,0.087,0.093,0.094,0.08,0.063,0.0,0.036,0.05,0.074,0.09,0.059,0.102,0.089,0.079,0.102,0.091,0.094,0.097,0.089,0.098,0.222,0.137,0.264,0.279,0.246,0.181,0.231
0.24,0.26,0.238,0.277,0.247,0.207,0.21,0.253,0.216,0.234,0.248,0.223,0.392,0.16,0.204,0.241,0.229,0.197,0.194,0.182,0.184,0.186,0.117,0.096,0.149,0.124,0.126,0.14,0.098,0.146,0.118,0.131,0.105,0.122,0.105,0.136,0.135,0.144,0.104,0.106,0.123,0.128,0.135,0.188,0.106,0.112,0.108,0.087,0.067,0.046,0.0,0.064,0.097,0.119,0.072,0.106,0.109,0.084,0.105,0.099,0.12,0.117,0.108,0.109,0.224,0.147,0.275,0.285,0.261,0.188,0.237
0.241,0.261,0.25,0.289,0.257,0.207,0.21,0.252,0.212,0.241,0.258,0.23,0.397,0.164,0.215,0.257,0.24,0.211,0.201,0.184,0.189,0.19,0.114,0.093,0.155,0.132,0.125,0.144,0.102,0.157,0.111,0.124,0.107,0.118,0.103,0.144,0.13,0.149,0.1,0.1,0.13,0.133,0.144,0.188,0.111,0.119,0.115,0.091,0.081,0.079,0.076,0.0,0.107,0.128,0.065,0.106,0.104,0.078,0.095,0.106,0.129,0.12,0.112,0.11,0.221,0.158,0.281,0.284,0.253,0.185,0.233
0.234,0.254,0.214,0.244,0.211,0.198,0.2,0.244,0.207,0.209,0.219,0.202,0.373,0.13,0.165,0.193,0.186,0.156,0.151,0.155,0.147,0.149,0.097,0.086,0.124,0.102,0.109,0.116,0.069,0.099,0.102,0.121,0.082,0.099,0.083,0.1,0.12,0.12,0.096,0.092,0.09,0.097,0.094,0.18,0.085,0.087,0.087,0.05,0.087,0.065,0.073,0.063,0.0,0.073,0.055,0.095,0.086,0.073,0.098,0.084,0.082,0.091,0.08,0.089,0.214,0.161,0.257,0.267,0.246,0.177,0.227
0.231,0.253,0.214,0.244,0.206,0.197,0.198,0.244,0.204,0.202,0.214,0.2,0.368,0.124,0.157,0.181,0.176,0.148,0.141,0.147,0.138,0.141,0.09,0.083,0.122,0.1,0.107,0.114,0.063,0.09,0.1,0.119,0.079,0.094,0.079,0.101,0.12,0.121,0.095,0.088,0.082,0.09,0.084,0.177,0.078,0.081,0.083,0.083,0.1,0.074,0.083,0.07,0.066,0.0,0.046,0.093,0.076,0.068,0.095,0.077,0.068,0.081,0.07,0.084,0.212,0.164,0.253,0.266,0.239,0.174,0.226
0.233,0.253,0.242,0.283,0.251,0.202,0.203,0.237,0.207,0.229,0.251,0.223,0.391,0.16,0.211,0.254,0.238,0.204,0.199,0.182,0.187,0.187,0.102,0.084,0.15,0.129,0.12,0.14,0.092,0.147,0.102,0.113,0.096,0.107,0.09,0.137,0.122,0.141,0.089,0.089,0.12,0.127,0.138,0.18,0.103,0.115,0.107,0.096,0.106,0.108,0.1,0.077,0.119,0.119,0.0,0.095,0.084,0.051,0.075,0.091,0.114,0.109,0.098,0.094,0.214,0.158,0.276,0.273,0.249,0.176,0.225
0.269,0.309,0.259,0.305,0.356,0.217,0.263,0.249,0.271,0.355,0.357,0.272,0.475,0.278,0.36,0.443,0.41,0.352,0.376,0.323,0.341,0.34,0.21,0.142,0.195,0.183,0.158,0.205,0.216,0.311,0.159,0.135,0.164,0.228,0.201,0.166,0.138,0.154,0.123,0.15,0.258,0.259,0.304,0.234,0.227,0.235,0.203,0.105,0.123,0.239,0.197,0.186,0.233,0.265,0.164,0.0,0.226,0.118,0.101,0.193,0.271,0.233,0.238,0.169,0.218,0.164,0.352,0.271,0.363,0.239,0.277
0.241,0.259,0.245,0.286,0.247,0.209,0.21,0.251,0.209,0.228,0.249,0.225,0.394,0.156,0.204,0.243,0.229,0.199,0.191,0.179,0.181,0.181,0.105,0.092,0.155,0.134,0.129,0.147,0.092,0.143,0.109,0.127,0.101,0.114,0.098,0.142,0.137,0.151,0.103,0.1,0.117,0.125,0.128,0.188,0.102,0.112,0.108,0.106,0.118,0.104,0.104,0.085,0.114,0.113,0.052,0.108,0.0,0.073,0.09,0.096,0.113,0.11,0.096,0.102,0.226,0.17,0.274,0.282,0.248,0.183,0.235
0.248,0.278,0.258,0.298,0.305,0.208,0.227,0.239,0.237,0.294,0.304,0.248,0.434,0.22,0.287,0.352,0.328,0.282,0.285,0.249,0.262,0.261,0.15,0.109,0.175,0.157,0.141,0.176,0.153,0.229,0.126,0.125,0.129,0.159,0.144,0.157,0.126,0.15,0.1,0.113,0.19,0.191,0.222,0.201,0.168,0.177,0.157,0.103,0.114,0.175,0.148,0.127,0.179,0.195,0.085,0.104,0.15,0.0,0.075,0.133,0.188,0.167,0.162,0.121,0.214,0.158,0.318,0.272,0.304,0.199,0.243
0.285,0.331,0.298,0.347,0.421,0.233,0.292,0.253,0.295,0.412,0.419,0.308,0.524,0.338,0.444,0.549,0.508,0.438,0.465,0.389,0.419,0.415,0.263,0.162,0.242,0.229,0.186,0.258,0.274,0.395,0.175,0.147,0.195,0.269,0.242,0.212,0.145,0.18,0.131,0.174,0.327,0.324,0.388,0.254,0.284,0.299,0.256,0.139,0.143,0.304,0.246,0.224,0.308,0.347,0.192,0.145,0.262,0.129,0.0,0.237,0.34,0.288,0.296,0.198,0.221,0.163,0.398,0.278,0.401,0.26,0.29
0.245,0.272,0.242,0.278,0.27,0.209,0.219,0.249,0.226,0.262,0.269,0.232,0.407,0.185,0.236,0.287,0.269,0.229,0.234,0.212,0.218,0.219,0.129,0.104,0.161,0.135,0.133,0.155,0.12,0.182,0.122,0.127,0.108,0.138,0.123,0.133,0.126,0.139,0.106,0.113,0.15,0.153,0.173,0.197,0.136,0.139,0.128,0.096,0.109,0.136,0.119,0.109,0.137,0.146,0.083,0.104,0.127,0.08,0.092,0.0,0.116,0.108,0.103,0.09,0.218,0.165,0.293,0.277,0.281,0.197,0.242
0.234,0.257,0.217,0.249,0.209,0.2,0.201,0.248,0.207,0.203,0.217,0.204,0.37,0.128,0.158,0.183,0.179,0.149,0.142,0.149,0.139,0.143,0.086,0.086,0.126,0.102,0.11,0.117,0.066,0.092,0.105,0.123,0.084,0.099,0.083,0.108,0.124,0.125,0.1,0.091,0.088,0.096,0.088,0.178,0.081,0.085,0.086,0.087,0.105,0.076,0.085,0.073,0.072,0.065,0.045,0.097,0.078,0.067,0.095,0.049,0.0,0.032,0.035,0.056,0.214,0.166,0.257,0.267,0.24,0.175,0.227
0.245,0.269,0.237,0.271,0.232,0.215,0.218,0.263,0.221,0.223,0.238,0.223,0.384,0.145,0.183,0.213,0.206,0.176,0.169,0.169,0.164,0.166,0.103,0.102,0.148,0.124,0.127,0.14,0.088,0.121,0.12,0.138,0.101,0.117,0.1,0.13,0.14,0.144,0.113,0.11,0.109,0.119,0.116,0.191,0.103,0.103,0.104,0.104,0.121,0.096,0.101,0.087,0.097,0.093,0.062,0.111,0.097,0.081,0.11,0.066,0.034,0.0,0.055,0.073,0.231,0.176,0.27,0.287,0.256,0.188,0.24
0.237,0.256,0.224,0.26,0.22,0.204,0.204,0.25,0.21,0.208,0.224,0.211,0.376,0.134,0.171,0.201,0.193,0.162,0.154,0.155,0.15,0.152,0.087,0.09,0.135,0.109,0.114,0.127,0.073,0.108,0.108,0.125,0.087,0.102,0.086,0.116,0.127,0.134,0.101,0.094,0.096,0.102,0.1,0.182,0.086,0.092,0.091,0.091,0.108,0.085,0.088,0.074,0.085,0.081,0.049,0.099,0.079,0.068,0.096,0.052,0.043,0.054,0.0,0.035,0.219,0.166,0.26,0.273,0.242,0.176,0.227
0.252,0.279,0.25,0.291,0.281,0.217,0.232,0.257,0.236,0.27,0.283,0.241,0.416,0.191,0.247,0.299,0.281,0.238,0.244,0.224,0.227,0.227,0.132,0.113,0.165,0.144,0.135,0.168,0.128,0.188,0.132,0.133,0.119,0.151,0.131,0.145,0.138,0.152,0.111,0.119,0.16,0.166,0.182,0.202,0.142,0.148,0.139,0.108,0.121,0.147,0.133,0.118,0.147,0.156,0.089,0.113,0.135,0.083,0.099,0.095,0.118,0.112,0.072,0.0,0.226,0.167,0.297,0.28,0.288,0.199,0.246
0.356,0.416,0.301,0.359,0.452,0.248,0.336,0.257,0.336,0.466,0.456,0.328,0.614,0.45,0.571,0.693,0.646,0.571,0.603,0.516,0.547,0.541,0.456,0.309,0.379,0.37,0.305,0.414,0.448,0.593,0.315,0.28,0.335,0.442,0.399,0.353,0.264,0.315,0.279,0.339,0.527,0.519,0.599,0.382,0.476,0.493,0.435,0.278,0.288,0.504,0.424,0.394,0.495,0.547,0.375,0.296,0.474,0.289,0.256,0.438,0.55,0.479,0.488,0.356,0.0,0.248,0.485,0.204,0.396,0.343,0.367
0.321,0.37,0.332,0.391,0.476,0.28,0.355,0.282,0.356,0.475,0.475,0.353,0.561,0.392,0.502,0.604,0.567,0.493,0.529,0.457,0.487,0.483,0.349,0.245,0.3,0.3,0.243,0.331,0.364,0.5,0.259,0.219,0.275,0.364,0.328,0.282,0.21,0.254,0.203,0.263,0.422,0.417,0.487,0.312,0.373,0.394,0.344,0.204,0.187,0.344,0.305,0.307,0.394,0.444,0.294,0.225,0.381,0.22,0.187,0.343,0.444,0.383,0.39,0.278,0.256,0.0,0.431,0.31,0.458,0.307,0.328
0.313,0.328,0.392,0.446,0.429,0.356,0.38,0.401,0.372,0.413,0.437,0.39,0.473,0.291,0.316,0.37,0.354,0.343,0.385,0.356,0.366,0.365,0.373,0.306,0.387,0.351,0.329,0.39,0.334,0.406,0.313,0.342,0.303,0.346,0.316,0.36,0.33,0.368,0.32,0.331,0.395,0.399,0.42,0.36,0.371,0.379,0.365,0.321,0.341,0.374,0.348,0.313,0.376,0.389,0.291,0.328,0.358,0.289,0.323,0.359,0.393,0.368,0.356,0.324,0.371,0.314,0.0,0.43,0.417,0.312,0.318
0.393,0.463,0.325,0.385,0.5,0.281,0.384,0.283,0.388,0.52,0.508,0.365,0.667,0.511,0.645,0.778,0.728,0.642,0.681,0.594,0.621,0.614,0.527,0.361,0.422,0.415,0.349,0.467,0.515,0.671,0.363,0.331,0.389,0.507,0.46,0.395,0.297,0.348,0.335,0.399,0.601,0.594,0.677,0.429,0.546,0.568,0.503,0.319,0.345,0.585,0.495,0.461,0.563,0.619,0.436,0.348,0.545,0.341,0.304,0.511,0.623,0.549,0.558,0.411,0.194,0.283,0.535,0.0,0.452,0.385,0.408
0.352,0.379,0.346,0.405,0.366,0.292,0.3,0.331,0.29,0.335,0.365,0.327,0.535,0.326,0.397,0.477,0.442,0.402,0.4,0.358,0.371,0.37,0.349,0.271,0.384,0.355,0.314,0.382,0.323,0.416,0.295,0.32,0.292,0.323,0.291,0.377,0.326,0.382,0.289,0.302,0.377,0.379,0.413,0.353,0.345,0.362,0.346,0.319,0.32,0.362,0.328,0.284,0.38,0.393,0.263,0.313,0.329,0.263,0.297,0.342,0.387,0.355,0.34,0.307,0.243,0.301,0.415,0.298,0.0,0.304,0.346
0.28,0.31,0.318,0.367,0.356,0.259,0.281,0.293,0.28,0.337,0.354,0.305,0.469,0.257,0.323,0.387,0.363,0.323,0.287,0.259,0.266,0.265,0.281,0.206,0.292,0.266,0.24,0.289,0.257,0.34,0.216,0.233,0.223,0.259,0.234,0.278,0.237,0.273,0.218,0.228,0.314,0.312,0.345,0.291,0.282,0.301,0.281,0.223,0.241,0.294,0.262,0.232,0.302,0.321,0.204,0.232,0.267,0.191,0.208,0.271,0.313,0.291,0.278,0.235,0.273,0.237,0.348,0.33,0.344,0.0,0.219
0.301,0.307,0.374,0.436,0.451,0.32,0.357,0.349,0.349,0.431,0.453,0.38,0.511,0.316,0.393,0.458,0.433,0.397,0.422,0.374,0.392,0.389,0.369,0.276,0.37,0.343,0.304,0.378,0.343,0.447,0.281,0.298,0.295,0.339,0.316,0.351,0.29,0.344,0.275,0.298,0.421,0.419,0.463,0.344,0.38,0.401,0.373,0.293,0.303,0.392,0.349,0.305,0.403,0.43,0.283,0.302,0.363,0.252,0.262,0.358,0.419,0.384,0.373,0.31,0.323,0.277,0.375,0.386,0.419,0.232,0.0
