1,1.1,1.1.1,1.1.1.1,1.1.2,1.1.3,1.1.3.1,1.1.3.2,1.1.3.3,1.2.1,1.2.2,1.2.2.1,2,2.1,2.2,2.2.1,2.2.1.1,2.2.2,3,3.1.1,3.1.2,3.1.2.1,4,4.1,4.1.1,4.1.1.1,4.1.1.2,4.1.1.3,4.1.2,4.1.2.1,4.1.3,4.1.4,4.2,4.2.1,4.2.1.1,4.2.2,4.2.2.1,4.2.2.2,4.3,4.3.1,4.3.2,4.3.2.1,4.3.3,4.3.4,4.3.4.1,4.3.4.2,4.3.4.2.1,4.4,4.4.1,4.4.1.1,4.4.1.1.1,4.4.1.2,4.4.2,4.5,4.6,4.6.2,4.6.2.2,4.6.4,4.6.5,4.7,4.8,4.8.1,4.9,4.9.1,6,7,8,bov,oryg
T22961G,G117295A,G55069C,C15787G,C6124T,C15177G,G28616C,T8188C,C113641T,G9260C,G20407A,G74805C,G36008C,G32804A,C123454T,C215977T,C671385G,T71914C,G54842T,T85985C,C34605A,C961598G,T123520T,T51954A,G95591T,C43191A,T26300C,G97388T,G83842A,C70924T,C4206T,G58786C,C43722T,T306639C,G31258T,T74956C,C1131A,G8688T,G14251A,G205402T,C113838T,C5520T,G8040A,G571943A,T393780G,C40162T,A550573C,C753088T,G197397C,G355181A,C15036G,G23051A,G985287A,C12555T,G18091A,C49079G,G67385A,A133279G,G17665A,A201896G,G212244A,A77938G,A62049A,C8978T,T92016G,T1254136G,T252236C,A29999C,A5516G
C26347G,C281208T,C192924A,G477214T,A55418G,T212674G,T89179C,A25139G,C212040T,C41151A,G32773A,C123511T,C39158G,G117726A,G139297T,C533547G,A731015G,A163940G,A129576C,T1378725C,G993016A,C1038108G,T199470T,G62657A,C514245T,C69873A,G43041A,G144390A,C435190T,C342340T,G22568A,C87847G,A103181G,A314338G,C211576A,C193735G,A397680C,C90749G,G162581A,T825585C,G244911C,C7222T,C403920T,T1037355C,C831206T,G282188A,C1239078A,C1052899T,G283313A,T361145C,G55813A,C45701A,C1965133T,T204426C,T122794G,G561021A,G69342A,C176821G,C155555T,G716918A,G1130526A,C253457T,G75940G,C19436A,G111651A,C1319586T,A347977C,A62768G,G6109A
G65159A,G423334A,G313425T,C490972A,G199857A,C280294T,G93658A,G44996A,C264535T,C303414T,C77469T,G204724A,C87468T,G175994A,C213147A,C797736T,C1891388G,G239733T,C172492G,A1523575G,C1914217A,C1237818G,G251575G,G284623A,A599165C,A163670G,G101351A,C147985T,A443277C,A575679G,C32581T,C90370T,T202675C,G422879A,G481569A,T353766C,C1053308T,A326122C,C534691T,G1169028A,T287904C,G69025C,C535695T,G1297327A,C1251955T,T990533C,G1740535A,C1226129T,G609511A,A383081G,C68688T,T102567C,G2191657T,C281316T,C312944T,C778298T,G93044A,T283694G,G1147708A,A796876G,C1227217T,C306113T,T206339T,C90229T,T116901G,A1736595C,T854518G,A184727G,T6717C
C65663G,C705570T,C485631T,C634586T,A358926C,A286580T,T304050C,G101819A,A287510C,C445400T,A154051G,G527270T,G147262T,G203826A,C213281T,A1906078G,A1947282G,C252900T,G207079C,C1639226T,C2729454T,G2185538A,A342146A,C686655T,C1256806T,A201123C,G154671A,G155293A,G446165C,C637730T,C58314A,C129852T,C217306G,C609254T,G638212T,C353767T,T1113326C,T452063G,T563420C,A1172079G,C326039T,G147655C,G812808A,G2527676A,G1274335A,C1055049T,G2873374A,G1320675A,G609514A,T506386C,T102348C,G129758A,C2245075T,G654719A,G325038A,T863340C,G100895T,C306814G,C1358197T,A2378813G,T1273071C,C449704T,T261869T,C119600G,C134014T,A2153410G,G1023659A,G267329A,C19376T
T68174C,C745876G,C529363T,A719545G,G380772A,G321403A,G305455A,C164682T,T550693C,A495198G,G227386T,G570311C,C282892T,A208782C,G222925A,T2344499G,A2891379C,A287747C,T264992C,G1941617C,G3722702C,C2245499T,T392261T,G897209C,T1896387C,G253969A,G274930A,G328641T,A832708C,C903633T,A93947C,G485434A,G355803T,A1017836C,C664791T,T515110G,T1455780C,G611463A,G709226A,A1311086G,C466096T,G265154C,G919393C,C2599821A,T1953648C,G1373170C,T4380236G,G1372301C,C651772A,G705062C,C135695A,T131005G,T3886878C,G801697A,A2369971G,C868006T,G118469A,G392168T,A1498304C,G2892168A,C2212762T,C545117A,G311613G,C257041T,G135398A,A2195445G,C1341152T,G268277C,A19964C
T74737G,C1545119T,C701867T,C728897T,T498010C,G496840A,C403481T,G187285C,C633631T,A638558C,G483489A,C678673T,G353365A,C216469T,G267751C,T2825581G,C4080525T,G346693T,G276539C,G2017026A,C4132949T,G2271143A,C445780C,T923065A,C1952601T,G418998A,G341082A,T851133G,A891756G,A1019632G,G139417C,T549784C,G378407T,C1645173A,C806605T,C576077T,C1889908T,C657425T,C764995G,T1384198C,T515125G,C392914T,G1144664A,C3612009T,C2133668A,G1724120A,,T1447655C,G948270A,T964099C,A137153C,A233751G,,C1435763T,G3015966A,G1010532A,C135569G,G598910T,C1553876G,G3220222A,C2809250T,G821286A,A384380A,T258121C,C140644T,,T1674481G,T294453C,G30579A
G98966C,A1814135G,G972653A,C851797A,C499196T,C577289T,G442283A,G251224A,G1066025A,C639835T,T486511C,G717879A,C484596T,C300111G,G270430C,T3412611C,,G449194A,C301341A,G3023684A,,C2282190T,T491742T,C1292464T,T2132152C,A545911G,A382356G,T979859C,A1111925G,G1080528A,G184254C,C551419G,T407877C,A1721372C,C893653A,C1487796A,C1985573A,A752141G,G773809A,A1421109G,C705595T,T712773C,C1324724A,,G2199684A,C1769099A,,C1538720T,G1051949A,C1321210T,T163814C,A234966G,,C1555801T,,C1289555G,A166348C,C1099736A,G1581704C,C3270289A,C3168967A,T831594A,A541201A,C279987T,C141261T,,C1690855T,A382991G,C42756T
T115499G,A1839306G,T1039981C,C992206T,G559350A,G765230A,T472994C,G285096T,C1146224T,C646163A,C540126T,C722838T,G497491A,A309847G,G305188T,C3498198T,,C456299G,C324812T,G4065300T,,G2378572A,G492150G,C1444202G,G2158582A,G583979T,T444355C,G1244655T,C1153676G,G1338172C,G199726A,A613149C,G553613T,G2625052A,C899319G,C1600586T,T2690427A,C811637A,G796509T,A1465535G,T814641C,G784581C,G1755519T,,A2210740C,G1771320A,,A1711676C,G1130261A,A3088614G,C208710A,C345697T,,C1626656T,,G1467753A,A166349T,G1120928C,,G4112595A,C3190721T,A896933G,T903913T,G394922T,G162948A,,A1695603C,G393748A,A47881T
C137233T,C2120953G,C1399129T,C1111469T,C565415T,G832072C,A482570C,G352804C,G1193668A,G835526A,G552361A,G740617C,G627485A,C324809G,G363464A,G3626562A,,C825655A,C342873T,C4171479G,,C3589711A,A498531A,A1495326G,G2580954C,C586644T,C495104T,A1546541C,C2066633G,G1477588C,G283239C,C664347T,C585891G,G2793706A,A1017867G,G2244768A,C2712128T,G936189A,A1142266C,T1541214C,C853469A,C1055672A,G1815604A,,C3118976G,A2019942G,,A2097368C,G1208652A,G3159936A,C343103G,G389774A,,T1901924C,,C2996208A,C191738T,C1442109T,,C4249732G,G3836739A,C1094812G,G979704G,G500807A,T195315C,,C2135230T,A481880G,C47950T
C144564T,C4054364T,G1412686A,G1182192A,G567446A,C852641T,C485424A,A395537C,A1495150G,G990383A,T866827C,C872087G,T628864C,A344952G,C465300T,C4158493T,,C917596A,G363563A,,,C4053713G,T517358T,C1875207T,G2603797A,G1006080A,T541048G,C1645334T,G2689715C,G1529952A,G315654A,C795563T,C591505A,C2882343A,C1115796A,T2408744C,C2747825G,C1038677T,G1199547A,G1640446C,C980100T,T1118026C,G2077253A,,G3244674A,C2385695T,,G2202582T,C1789785G,,T455759G,C404809G,,G1980871C,,C3300104T,G252105A,G1659666A,,C4391579G,A4284570C,C1155868T,A993346A,G888214A,C198313A,,T2184092C,T582221C,G53899A
G146788A,T4286156C,G2677910A,C1369927T,C569045T,A877055C,C532420G,G452754T,C1509924T,A1070381G,A886348G,C1245275T,C657142T,A415129G,A583171C,C4311664T,,C994382T,G447642C,,,,A555991A,G2007502A,G2752854A,C1078777A,C594027T,C1868578T,,G1931219A,C332006T,C828516T,C738902T,G3257233A,C1156962T,A2420503G,G3007524A,C1344964T,C1452071A,G1715828C,G980360T,A1157768C,C2128908T,,C3285945G,G2443188A,,C2234475T,A2102990G,,G502347C,G476396C,,T2109694C,,A4076869G,C316886T,G1669556T,,,,G1301208C,T1396922T,G904085A,T327312C,,T2453259G,T633729C,C59181T
C160976G,G4369848A,T2907840G,C1517912T,G653287A,G1144221A,C685578A,G485893T,C1770137T,C1099212T,G952984A,C1651063G,T707334C,A489240G,A799666G,,,T1065793G,C523654T,,,,T584171T,G2020144A,G2946570A,T1326796G,C608179T,C2008870G,,G2244770A,A392282G,C920875T,A753562G,G3257531A,G1526839A,G2482888A,A3117588C,G1880850A,A1740771C,C1728154G,G1047683T,C1334260A,G2144617A,,A4337005C,A3006767C,,G2356012A,C2176813T,,G559234A,G495423A,,C2185888T,,G4260742A,C379724T,A2148248G,,,,C1482563T,G1907296G,T1167237C,G378032A,,G2643676A,C724794A,C68129T
G162226A,G4404247A,G3021283A,G1635527A,A685153G,C1184798T,C738603T,G487246C,G1799178A,G1315746A,G1018811A,G1690407A,G798355C,C506125T,G866051A,,,C1174655T,T548326C,,,,A599868A,G2202833A,T3001395C,T1430989G,A812065G,G2054805A,,C2304068A,C419526A,G1112130A,A756216G,G3471151A,C1548127G,C3020457T,A3259272C,T2153246G,C2053682T,C2005558T,G1090172A,C1354765G,G2347442C,,,G3089679A,,C2358916T,C2344853A,,G1031285A,C546019T,,C2253701G,,G4315495A,C487475A,A2160773G,,,,G1487485A,T2022868T,C1347201T,G378404A,,C2653268A,C745345G,G90480T
C167986T,,C3220545T,A1694277G,G711155A,C1293121T,A988194G,T530485C,C1976014T,G1363194A,A1033573G,C1722036A,C972980T,C522053A,A919351C,,,G1197567C,G629714A,,,,T662911T,A2225456T,C3129359T,T1626022C,G938316T,C2090921T,,T2788298C,C454165T,A1183847G,T795991G,T3541237A,A1652216G,G3066280A,C3579166G,G2156847A,C2503625T,G2108291A,G1290326A,C1451542T,G2814961A,,,G3158935C,,G2868925A,G2416167T,,C1039467T,C711767T,,C2427088T,,,C540349T,G2179739A,,,,G1594848A,C2285251C,G1366166A,G394900A,,A2679989G,G772896A,G93123C
C264298A,,C3330725T,G1894765A,G794482C,G1491275A,T1149548A,G619695A,C2016286A,C1478222G,G1072628A,G1885495A,T1168776G,C570641A,T996205C,,,C1246500T,T652950C,,,,A757182A,A2248179G,T3170663C,C2053091G,C949019G,C2426630T,,G2871251A,G503934T,C1276533T,T1225462C,G3564737C,G1660440A,G3383966C,C3656971T,T2428471C,C2736434A,G2403621C,T1440150C,G1801706T,T3061615C,,,A3267743G,,G2876703C,C2770654T,,G1126895A,A715542G,,G2446408A,,,G628902A,C2325185T,,,,C1697242T,T2779136T,T1567092C,T441891C,,G3238284A,T868271C,G107805A
C272678T,,C3657710G,G1980325A,C1281307T,C1721745T,G1249771A,C671794T,A2297406G,T1578829G,G1188232A,C2024990T,A1201581C,C638899A,A1071966G,,,C1511460T,C753174A,,,,G776100G,T2253453C,C3231091A,G2754749T,T1006538G,C2454856T,,G2911823A,C687189G,T1325954C,C1409766T,C3917305A,G1722138A,A4341354G,C3699068T,G2923264A,G3101119T,G3037136A,G1625019A,A1810757G,A3261380G,,,G3514512C,,C2926654G,G2868358A,,G1159141A,T879532C,,G2790578A,,,G854101T,C2751859A,,,,G1903197T,C2830525C,G1602233A,G443897A,,G4150819A,A916659G,T108031C
A326002G,,C3683282T,C2326192T,T1306444C,G1967975A,G1345104A,A689062G,G2328260C,T1676308C,A1214118G,A2197675C,C1317655T,A648465G,A1145848C,,,T1718152C,T906742C,,,,A960367A,C2263760T,G4003130A,T2773673G,C1019277T,G2523709A,,A3011692C,G723565C,G1399311A,A1441794G,G4199739T,G1776885A,,G4385099A,T3192431C,G3191027A,A3233295G,C1778557T,T1862066A,C3973954T,,,G3561155A,,G2945342A,G2905505A,,G1234999A,C966639G,,C2868976G,,,G886351A,G2755469A,,,,A2177998G,G3367765G,C1882573G,T452730C,,G4389812A,T947294C,A119647G
C344288G,,T3774077A,C2330237T,G1397199A,G2580759A,C1353773G,G697606A,C2364740T,C1964913T,G1365430C,C2510553A,G1577241A,T669565G,A1285001C,,,C1750386T,C919551T,,,,A1024346A,C2325009T,G4192588A,C2824839T,C1023567T,C2623232G,,C3013784G,C743807T,C1432258T,C1442141G,,C1961706G,,C4391753T,G3416734A,T3418328G,T3684845G,C1799806T,A2034662G,T4363069C,,,C4373475G,,G3037917A,G3147376A,,C1335913G,C1054645A,,C3267163T,,,C1015811A,G2893701A,,,,G2323735A,A3486977A,A1911534G,G489514A,,G4406599A,C1149128T,A119987G
G357582A,,C4177882A,G2412584A,C1509067T,G2581971A,T1366403C,G710748T,C2631278A,T2011542C,G1677267A,G2548139A,T1643864C,C709200A,G1288698A,,,C1935437T,G991939A,,,,C1054784C,C2574022T,G4232863C,C3062908A,G1109535A,C2913078G,,C3573090A,A751736G,C1488041T,C1466779T,,G2203875A,,,G3497369A,G3418330A,G3800819C,T1813255A,A2371788G,G4385530C,,,A4403900G,,C3170166A,G3401501A,,C1434298T,C1056094T,,G3547681A,,,T1063387C,T2919532G,,,,C2551666T,A3823159A,G1940611C,G490398A,,,G1234657A,T154276G
C393941T,,G4218940T,C2422687G,C1575275A,G2688891A,C1376033G,C712143A,G3337585A,G2123987A,G1805690A,G2657046A,A1651308G,G717730A,A1322741G,,,G2140076A,A1007198G,,,,T1098523T,G2617673A,,T3101005G,C1117773G,C3057137T,,T3587072C,C799002T,C1499248T,G1574120A,,A2486335G,,,C3694373T,C3594124T,C4047843T,G1838153A,T2380682G,C4390753G,,,,,C3419560T,G3448608A,,G1508817A,G1297981C,,G3708849A,,,C1207340T,G3183165C,,,,C2573044T,G4055801G,A2004917C,C494915A,,,C1376624T,G156249C
G396750A,,G4314216A,C2470934A,C1596515T,G2890112A,G1485363T,C715075T,,G2239160C,G1971673A,G3090181A,A1678706C,C741458T,C1541798T,,,C2141368T,C1008460T,,,,A1144585A,C2671061A,,G3371370A,C1118550T,C3207290A,,G3693875A,G807795A,C1603232T,G1677603A,,A2880507G,,,T3867973C,C3776706T,C4304045T,A1885073G,G2412160C,,,,,,G3608514A,G3463451C,,G1853674A,T1399589G,,G3828326C,,,C1280508T,A3706459C,,,,T2733486G,A4204441A,C2099641T,C507989T,,,C1423826T,C159941T
T406274C,,,G2533237A,G1831531A,A3132289G,C1505829T,G726198A,,G2278507A,G2047874A,A3155382G,A1834177C,A749176G,G1594906A,,,C2185009T,C1009500T,,,,A1211369A,C2788745T,,C3402067T,C1198341T,G3219790A,,C3973152G,C939231T,G1605802A,C1710354G,,G2919808A,,,C4298106A,G4135112A,,G2184371A,A2461815G,,,,,,C4007564T,G3664135A,,C1980719T,G1494231A,,T3879560C,,,G1373502A,C3920336T,,,,G2755531A,A4210274A,C2327417T,C514098T,,,C1467695T,C160246T
C420405T,,,C2663319A,C1876393T,A3246955G,C1813910T,G747640A,,C2282130A,C2119694T,C3323665A,A1877744C,C793696G,C1620181G,,,T2602454G,G1071349C,,,,A1248382A,C2906978T,,G3464053A,A1268540G,A3227488G,,C4095728G,T1052188G,C1839362T,C1728022G,,G3192080A,,,,A4163944G,,C2192350T,G2470627A,,,,,,G4055993A,G3813473A,,G2016998C,G1531813A,,G4016840A,,,A1425511G,C4048148A,,,,G2914906C,T4302036T,G2420304A,G524802A,,,A1496158G,C160910T
G456511A,,,C2694026T,G1901623T,G3248276A,A1986451G,G1004547A,,C2324087A,T2127504C,C3487707A,G1980652T,G809958T,G1647436A,,,G2640807A,T1144409G,,,,A1250340A,C3005618T,,C3641447T,G1285799A,G3249411A,,G4256758C,C1149932T,A1842494C,A1732204G,,C3344133G,,,,G4220174A,,C2249403T,C2793360T,,,,,,T4116773C,G3995342A,,G2066599A,A1567056C,,C4117692G,,,C1434648T,G4127389A,,,,T3343014G,G4356110G,A2750012G,G526255A,,,C1499291T,C204609T
C469042T,,,G2880431C,G1948644A,G3549346A,T2069882C,A1077981G,,T2433579C,G2284848A,G3787156A,C2072313A,A875561G,A1688064G,,,G2852598C,T1152805A,,,,T1281771T,A3258274C,,G3797618C,G1286666A,C3303669A,,G4331585A,G1152085A,C1926906T,A1817856C,,C3649458A,,,,T4315384C,,G2438090A,G2844689C,,,,,,C4238963T,T4072313G,,C2121742G,T1684546C,,G4313577A,,,T1518164A,T4127837G,,,,G3348870A,,G2902742T,G526406A,,,A1527936C,G211485A
G492655A,,,A2949025G,A1967783G,T3662543C,T2099007C,T1128665C,,C2672514G,C2330343A,T3983049G,A2185674G,G911655A,C1849051T,,,C2881542G,A1152863G,,,,A1490905A,C3289923A,,C3909681T,C1305971T,C3420388T,,G4352475A,T1265434C,C1937571G,G1849381A,,T4076538C,,,,T4340330G,,A2537602C,G2871911A,,,,,,G4307886A,C4353557T,,G2125977A,C1689879T,,,,,G1567533C,G4229224T,,,,T3389922G,,T2984928G,A556089G,,,A1724095G,C221561A
T555945C,,,G3022811A,T2008669A,G3707884A,T2247140C,A1245061G,,C2732591G,G2332153A,G4176914T,T2294007C,C945915T,T1885385G,,,G2883217C,C1153388T,,,,A1608276A,G3440895A,,C4148381T,T1333028C,G3458659A,,G4365461A,C1306874T,G2068730A,G1867838A,,A4284201G,,,,,,C2695094G,G3524903A,,,,,,,C4385709G,,C2159655T,C1721370T,,,,,C1581419A,G4236903A,,,,G3468524C,,G3161463A,G592494A,,,C1739294G,G233314A
A560666G,,,G3216553A,G2022643T,C3771123T,G2264973A,C1287533T,,G2867547A,G2355363T,C4240750T,C2337179T,T989418C,A2112832C,,,C3128345G,C1177184A,,,,T1688300T,G3556607T,,G4164866A,T1452918C,G3567600A,,,T1376642C,G2078644C,G1872211A,,,,,,,,G2907629A,C3717205T,,,,,,,,,C2292118T,G1763201A,,,,,A1639894C,G4292719A,,,,T3472540G,,C3169149T,C656432T,,,G1830295A,T255280C
C564723T,,,C3227768A,G2057593A,C3870870T,G2300477A,C1479325A,,G2912061A,A2420173C,A4340312G,G2399734A,G1023277A,C2177366T,,,G3134017T,A1247391C,,,,T1849609T,G3783058A,,C4240897G,C1508301G,G3727746A,,,C1458106A,C2235314T,C2063685T,,,,,,,,G2964024A,G3883226A,,,,,,,,,G2347615A,C1763564T,,,,,C1703142G,A4348649C,,,,G3652797A,,C3302308T,C659019T,,,A1886109G,G261680A
C580336A,,,G3364142A,G2068353A,G4096875A,C2327329A,C1482721G,,C3285318T,G2751502T,,A2521428G,C1070687G,C2202500T,,,A3312401C,G1265828A,,,,C1859559C,G3854174A,,,G1510157A,T3982149C,,,G1625676A,T2238406C,A2063911G,,,,,,,,C3051068T,T4005862C,,,,,,,,,C2476128T,A1808124C,,,,,C1771756G,G4397619C,,,,C3861190A,,G3825176A,T669225C,,,G1971461T,T281526C
G595501A,,,A3435307C,G2110812T,G4117564A,C2346071T,C1509360G,,G3352933A,T3001053C,,T2543395C,C1099797A,G2505085A,,,T3823194C,A1377568G,,,,G1971725G,G3873242A,,,G1605202C,G4154051A,,,C1654689T,A2283198G,C2151148G,,,,,,,,G3130682A,G4084599T,,,,,,,,,C2793515T,C1904706G,,,,,G1806730T,,,,,G4078348A,,C4330110A,T669231G,,,A2058282G,C286485T
G615938A,,,G3574258A,C2131540T,,G2372949A,T1530439C,,T3398940C,G3016943C,,C2673818G,G1171107C,G2581052A,,,C4302926G,G1478357T,,,,T2158109T,T3925733G,,,C1612704T,T4212840C,,,A1660045G,G2564928T,A2173033G,,,,,,,,G3195557A,G4137657A,,,,,,,,,T2832900C,A2246438C,,,,,C2143958T,,,,,G4105338A,,,G709150A,,,T2076520C,C302245T
G621390A,,,T3606394C,A2143973G,,A2694189G,A1557518G,,C3400230T,C3049806T,,G2833329A,G1268653A,C2793810A,,,C4377999A,G1495836A,,,,T2328543T,G4146314T,,,G1795708T,C4229087T,,,G1791961A,C2673255G,G2181026C,,,,,,,,G3195975A,C4147496T,,,,,,,,,G3028344A,T2531575G,,,,,C2158327T,,,,,C4170662G,,,G754754A,,,C2197669T,C307555T
C627350G,,,G3715840A,G2146024A,,C2789993A,G1624992A,,C3504418T,G3052353A,,G2948230A,G1304443A,G2903439A,,,,C1650406A,,,,G2369186G,A4340006C,,,C1830007A,C4292305T,,,C1804742T,G2909040T,C2251179T,,,,,,,,C3340615G,,,,,,,,,,A3102127G,G2610344C,,,,,A2176101G,,,,,,,,C760969T,,,G2252239A,T314616C
C649345T,,,,G2249789A,,C2887744A,G1639002A,,C3561229A,T3061362C,,C3010993T,G1325886T,A2955957C,,,,A1676880G,,,,G2388641G,C4357123A,,,C1854268G,,,,A1897489C,G3071916A,G2280734A,,,,,,,,A3436296G,,,,,,,,,,G3102133A,G2694560C,,,,,T2233947C,,,,,,,,G816862T,,,A2265626G,G323785A
G655707A,,,,C2399887T,,T3051714C,C1640244T,,T3640557C,A3183210G,,G3033189A,C1386936G,G3137736T,,,,C1748439T,,,,A2421816A,C4386709T,,,C1889579T,,,,C1930745T,T3105369G,G2300664A,,,,,,,,G3451670C,,,,,,,,,,C3203058T,G2701768T,,,,,C2255839A,,,,,,,,C862664T,,,C2301394T,A380314C
C678440T,,,,T2531081A,,G3166706A,G1707800T,,G3974868A,G3429876C,,G3304966A,C1462787A,C3200282T,,,,C1802047G,,,,T2425471T,,,,T1894639G,,,,C1976092T,G3195284T,T2361492G,,,,,,,,G3495658C,,,,,,,,,,G3203190C,T2734017G,,,,,G2281733A,,,,,,,,C937614A,,,T2475888G,G389880C
G685955A,,,,A2552592C,,C3178816T,G1756802A,,C4014376A,C3458422A,,C3597249G,G1527844A,T3249025G,,,,C1833025T,,,,C2448458C,,,,A1939945C,,,,C1980196G,C3197005T,C2394922T,,,,,,,,C3688944T,,,,,,,,,,G3211311A,G2860213A,,,,,C2340097T,,,,,,,,C996284T,,,A2484801G,C392423A
G720863T,,,,G2622402A,,T3476583C,C1885612G,,G4049254A,C3517413T,,T3775409C,C1640695T,A3375165C,,,,G1908598A,,,,C2791098C,,,,T2017232G,,,,C2057274A,C3455759T,G2441970A,,,,,,,,T3894176C,,,,,,,,,,G3223234A,C3074721G,,,,,G2350268A,,,,,,,,C1013635T,,,G2528773A,A397203G
G722852A,,,,G2719850A,,G3526539A,C1899810T,,G4155903T,G3534263C,,A3775441C,T1679097G,A3477942G,,,,G1925136A,,,,C2807486C,,,,G2194324A,,,,A2094281G,A3798433G,G2446461A,,,,,,,,G4033954A,,,,,,,,,,G3263130A,G3216607A,,,,,G2369118A,,,,,,,,A1049460T,,,G2612300T,C412484G
C726498A,,,,T2739385C,,G3529809A,C2020026G,,G4244420C,G3677203A,,G3778011A,T1846439C,G3587446A,,,,T1926029C,,,,G2825466G,,,,G2242615A,,,,C2097189T,C4021166T,G2480676A,,,,,,,,G4076546A,,,,,,,,,,C3383749T,C3248421A,,,,,G2586790A,,,,,,,,C1149547T,,,G2658676A,A414539G
G730087A,,,,C2753041T,,G3546754C,G2094960A,,C4301972T,G3691767T,,C3830349T,T1878221C,T3612813C,,,,C2003252T,,,,A2886570A,,,,C2461053A,,,,G2099224A,C4302518T,G2507412A,,,,,,,,G4141036T,,,,,,,,,,G3861821A,C3299886T,,,,,G2593424C,,,,,,,,C1153920T,,,C2682593T,G414606A
C752046T,,,,C2815277T,,G3841253A,C2279758T,,,G3771585A,,C3979990G,T1901171C,A3704770G,,,,G2011568C,,,,T2925962T,,,,G2560539A,,,,G2122866A,G4391663A,C2525776T,,,,,,,,T4148529G,,,,,,,,,,G4006527A,G3310127C,,,,,G2665304A,,,,,,,,A1177815G,,,A2723847G,A415677G
C797597T,,,,A2893883G,,G3920042A,C2369187T,,,G3824167C,,G3993058A,C2047343G,G4120390C,,,,C2034676T,,,,T2994187T,,,,A2713528C,,,,G2145616C,,T2540441C,,,,,,,,G4251087A,,,,,,,,,,G4049837A,C3338252T,,,,,T2847973C,,,,,,,,G1220180A,,,G2774180C,T415993G
C810287G,,,,G2963892A,,G4361089A,G2369460A,,,G4121388A,,C4041581T,G2117686A,G4186678A,,,,C2087652T,,,,C3003115C,,,,G2841613C,,,,G2208037C,,C2559151T,,,,,,,,T4297793C,,,,,,,,,,C4153422A,G3349093C,,,,,G2889947A,,,,,,,,T1275025A,,,T2881966C,C449936G
C811492G,,,,A2990752C,,G4411475A,G2418554A,,,G4176694A,,G4182387C,C2119323T,G4189210T,,,,G2275764A,,,,A3010420A,,,,C2847933T,,,,C2364577G,,G2748087A,,,,,,,,G4316114A,,,,,,,,,,G4311329A,T3361668C,,,,,G2911595A,,,,,,,,C1283851T,,,G2912516A,G472597A
C812502T,,,,C2996912T,,,C2513411G,,,G4238120A,,A4205325G,C2146523T,C4243460T,,,,T2284456G,,,,T3027798T,,,,G3134207A,,,,G2450245A,,C2838564G,,,,,,,,C4349688T,,,,,,,,,,C4339927T,G3416905A,,,,,G2952922T,,,,,,,,G1314261A,,,G3229201A,T480416C
T819213C,,,,T3011506C,,,G2712566T,,,C4285318T,,G4254431A,C2200042T,C4359653T,,,,G2285558A,,,,A3031168A,,,,C3150994G,,,,C2475787T,,C2988815G,,,,,,,,G4350446C,,,,,,,,,,,G3631160A,,,,,G3033922A,,,,,,,,C1372002T,,,C3371365T,C487388A
A850985G,,,,G3036413A,,,A2719938G,,,G4356477A,,T4267647C,G2239156T,,,,,T2325320C,,,,A3104189A,,,,G3213615A,,,,C2479674T,,A3086742C,,,,,,,,C4389202T,,,,,,,,,,,G3781574C,,,,,T3166006C,,,,,,,,C1384188A,,,G3371401A,C491749T
C865761T,,,,A3092402C,,,C2755330T,,,G4360524C,,C4290135T,C2241449T,,,,,T2335080C,,,,C3180988C,,,,A3241734C,,,,T2531069C,,T3104336C,,,,,,,,,,,,,,,,,,,C4021272T,,,,,C3268258T,,,,,,,,C1388517T,,,G3447463A,G494702A
G996219A,,,,C3394177T,,,G2887243A,,,,,G4301075C,A2319843G,,,,,C2346929T,,,,A3326554A,,,,C3449787T,,,,G2639690C,,G3198496A,,,,,,,,,,,,,,,,,,,G4141953A,,,,,G3274951C,,,,,,,,C1391728T,,,G3467315C,G498771A
C1009490T,,,,A3525374G,,,G2911916A,,,,,G4308395A,T2344134G,,,,,G2348708A,,,,A3420825A,,,,A3504213G,,,,G2702727A,,A3218122C,,,,,,,,,,,,,,,,,,,C4148402A,,,,,C3360152A,,,,,,,,C1452717T,,,C3534980G,G510015A
G1022613A,,,,C3531656T,,,C3220048T,,,,,T4362568G,C2346763A,,,,,C2449826G,,,,C3530955C,,,,G3626305A,,,,C2742996A,,G3391074C,,,,,,,,,,,,,,,,,,,C4162510T,,,,,T3369702A,,,,,,,,C1490140T,,,G3606627A,T511040C
A1029997G,,,,A3531706G,,,G3272697A,,,,,,G2411810A,,,,,G2452452A,,,,G3638093G,,,,C3910829T,,,,T2880480G,,G3422687A,,,,,,,,,,,,,,,,,,,G4208487A,,,,,C3448567G,,,,,,,,G1515003A,,,G3904490A,C533092G
G1048102A,,,,G3538128A,,,T3307922C,,,,,,C2442398T,,,,,T2472029G,,,,A3681548A,,,,G3939163A,,,,C2956731T,,C3442970T,,,,,,,,,,,,,,,,,,,G4249012A,,,,,C3788280T,,,,,,,,T1521892C,,,G4028925T,C538706G
A1072342G,,,,A3554354G,,,T3500037G,,,,,,C2451030A,,,,,T2516271C,,,,A3690016A,,,,G4118179A,,,,C2986216T,,G3447800T,,,,,,,,,,,,,,,,,,,C4266036G,,,,,G3879961A,,,,,,,,G1581727A,,,G4157578A,A546602C
C1086648A,,,,A3664603T,,,G3642173A,,,,,,C2459699T,,,,,G2591172A,,,,G3984321G,,,,T4144971G,,,,G2990775A,,G3574504A,,,,,,,,,,,,,,,,,,,G4392120A,,,,,C4004368T,,,,,,,,C1585900T,,,G4164080A,G551249C
T1111518C,,,,G3820722A,,,C3653225T,,,,,,G2545013A,,,,,G2656635A,,,,G4005114G,,,,C4146926T,,,,G3072437A,,C3867404A,,,,,,,,,,,,,,,,,,,,,,,,C4005590G,,,,,,,,G1629058A,,,T4171113C,C559970T
C1117405T,,,,G3879882A,,,G3659019A,,,,,,G2573553A,,,,,G2661039A,,,,T4089058T,,,,T4208009G,,,,T3227672G,,C3868379T,,,,,,,,,,,,,,,,,,,,,,,,C4063257A,,,,,,,,T1714678C,,,G4180854C,T560231C
G1121071A,,,,G3897374A,,,G3665931T,,,,,,C2603736T,,,,,C2688700T,,,,T4095295T,,,,G4246930C,,,,G3309473A,,G4073918A,,,,,,,,,,,,,,,,,,,,,,,,C4103911A,,,,,,,,C1811964A,,,T4229470C,T562002C
C1155700T,,,,C3988745G,,,G3718415C,,,,,,C2605187T,,,,,T2700222C,,,,T4112429T,,,,T4293934C,,,,C3330637G,,C4129917A,,,,,,,,,,,,,,,,,,,,,,,,G4156421A,,,,,,,,G1829836A,,,G4286288A,G572945A
G1157771C,,,,C4047879T,,,C3769784T,,,,,,G2606782C,,,,,C2712328T,,,,G4215484G,,,,G4294328A,,,,G3401565A,,C4168771T,,,,,,,,,,,,,,,,,,,,,,,,G4222343A,,,,,,,,C1840543T,,,G4322905A,T582730C
G1184826T,,,,C4141864A,,,G3860187T,,,,,,A2610122G,,,,,G2738221A,,,,G4251297G,,,,A4315064G,,,,C3431590A,,C4280072A,,,,,,,,,,,,,,,,,,,,,,,,C4235509T,,,,,,,,C1841538T,,,T4364649C,G586206C
T1199019C,,,,G4157259A,,,T3878687G,,,,,,G2623273A,,,,,G2782498A,,,,C4313128C,,,,G4400239A,,,,C3504611G,,A4291449C,,,,,,,,,,,,,,,,,,,,,,,,G4326739C,,,,,,,,G1886077A,,,,G587601A
A1228116G,,,,G4176559A,,,C3894150A,,,,,,G2778196A,,,,,G2817747A,,,,T4407588T,,,,,,,,G3570207A,,G4310449A,,,,,,,,,,,,,,,,,,,,,,,,G4337926A,,,,,,,,G1907794A,,,,T621160C
C1314617T,,,,G4298896A,,,G3911938A,,,,,,T2782240C,,,,,A2895473G,,,,,,,,,,,,C3571122A,,A4355141C,,,,,,,,,,,,,,,,,,,,,,,,T4384598C,,,,,,,,G1937727T,,,,G634348A
G1320508A,,,,G4325923A,,,C4000247A,,,,,,C2783790T,,,,,G2903050A,,,,,,,,,,,,G3595027A,,G4376445A,,,,,,,,,,,,,,,,,,,,,,,,,,,,,,,,G1970407T,,,,G652018A
C1320614G,,,,A4399888G,,,G4018725A,,,,,,G2880615A,,,,,G2941179A,,,,,,,,,,,,G3624660C,,T4388730C,,,,,,,,,,,,,,,,,,,,,,,,,,,,,,,,G1970432A,,,,T665220C
C1356648T,,,,,,,G4095404A,,,,,,C2880668T,,,,,G2958693A,,,,,,,,,,,,G3654876T,,G4394744C,,,,,,,,,,,,,,,,,,,,,,,,,,,,,,,,G2005758C,,,,C684214T
G1369735A,,,,,,,A4130200G,,,,,,G2887475T,,,,,G2964594A,,,,,,,,,,,,C3680527A,,C4406116A,,,,,,,,,,,,,,,,,,,,,,,,,,,,,,,,C2060557T,,,,C696118T
C1374578T,,,,,,,G4154816A,,,,,,T2917291C,,,,,C3027548T,,,,,,,,,,,,C3847898T,,,,,,,,,,,,,,,,,,,,,,,,,,,,,,,,,,C2115064T,,,,C698131T
T1374639A,,,,,,,C4154820T,,,,,,G3063565A,,,,,C3040344T,,,,,,,,,,,,G3848194C,,,,,,,,,,,,,,,,,,,,,,,,,,,,,,,,,,T2199061G,,,,C706429T
G1387211A,,,,,,,G4346294C,,,,,,G3240567A,,,,,C3069566T,,,,,,,,,,,,C3858856T,,,,,,,,,,,,,,,,,,,,,,,,,,,,,,,,,,A2265993C,,,,A707844G
C1389866T,,,,,,,,,,,,,G3242930C,,,,,A3072285C,,,,,,,,,,,,G3896048T,,,,,,,,,,,,,,,,,,,,,,,,,,,,,,,,,,C2266051T,,,,C709306A
C1397215G,,,,,,,,,,,,,G3256848A,,,,,C3076172T,,,,,,,,,,,,C3915629T,,,,,,,,,,,,,,,,,,,,,,,,,,,,,,,,,,A2276918G,,,,C709952G
C1417019T,,,,,,,,,,,,,T3320975C,,,,,G3165807A,,,,,,,,,,,,A4113001G,,,,,,,,,,,,,,,,,,,,,,,,,,,,,,,,,,T2323880C,,,,G714884A
G1417793A,,,,,,,,,,,,,A3346511C,,,,,G3208600A,,,,,,,,,,,,G4161092A,,,,,,,,,,,,,,,,,,,,,,,,,,,,,,,,,,G2336985C,,,,G721200A
G1514010T,,,,,,,,,,,,,G3382910A,,,,,C3212723A,,,,,,,,,,,,C4183402A,,,,,,,,,,,,,,,,,,,,,,,,,,,,,,,,,,C2389698A,,,,C722751G
G1534548A,,,,,,,,,,,,,C3424878T,,,,,G3236442A,,,,,,,,,,,,G4215426A,,,,,,,,,,,,,,,,,,,,,,,,,,,,,,,,,,T2526709C,,,,G727605T
G1560912A,,,,,,,,,,,,,G3444109A,,,,,T3244113C,,,,,,,,,,,,T4254739C,,,,,,,,,,,,,,,,,,,,,,,,,,,,,,,,,,C2544466T,,,,G748320A
G1580181A,,,,,,,,,,,,,G3447102T,,,,,C3273107A,,,,,,,,,,,,C4286885T,,,,,,,,,,,,,,,,,,,,,,,,,,,,,,,,,,G2590122A,,,,C789117T
C1581377T,,,,,,,,,,,,,A3456397G,,,,,C3312620A,,,,,,,,,,,,A4360964G,,,,,,,,,,,,,,,,,,,,,,,,,,,,,,,,,,G2614882A,,,,A794122G
A1604290T,,,,,,,,,,,,,C3478092G,,,,,G3437007C,,,,,,,,,,,,G4381644A,,,,,,,,,,,,,,,,,,,,,,,,,,,,,,,,,,T2623603C,,,,A808432T
T1659902C,,,,,,,,,,,,,A3480383G,,,,,G3459081C,,,,,,,,,,,,,,,,,,,,,,,,,,,,,,,,,,,,,,,,,,,,,,C2641813T,,,,A810423G
T1691520G,,,,,,,,,,,,,G3483703A,,,,,C3515467T,,,,,,,,,,,,,,,,,,,,,,,,,,,,,,,,,,,,,,,,,,,,,,T2641828C,,,,A831525C
A1731563T,,,,,,,,,,,,,T3534662C,,,,,G3562338T,,,,,,,,,,,,,,,,,,,,,,,,,,,,,,,,,,,,,,,,,,,,,,G2672906A,,,,C834824T
A1739390G,,,,,,,,,,,,,G3537016A,,,,,C3645524T,,,,,,,,,,,,,,,,,,,,,,,,,,,,,,,,,,,,,,,,,,,,,,C2710422T,,,,T865058C
T1745446A,,,,,,,,,,,,,G3576359A,,,,,C3656206A,,,,,,,,,,,,,,,,,,,,,,,,,,,,,,,,,,,,,,,,,,,,,,G2730360A,,,,A872261T
T1791823C,,,,,,,,,,,,,G3578190A,,,,,T3685510C,,,,,,,,,,,,,,,,,,,,,,,,,,,,,,,,,,,,,,,,,,,,,,G2813515A,,,,C898612T
C1826343T,,,,,,,,,,,,,G3686038T,,,,,C3729342T,,,,,,,,,,,,,,,,,,,,,,,,,,,,,,,,,,,,,,,,,,,,,,G2847737A,,,,G901102T
C1829576T,,,,,,,,,,,,,G3784492A,,,,,T3869355C,,,,,,,,,,,,,,,,,,,,,,,,,,,,,,,,,,,,,,,,,,,,,,G2854864A,,,,T907834C
G1832642T,,,,,,,,,,,,,G3788150A,,,,,T3918649C,,,,,,,,,,,,,,,,,,,,,,,,,,,,,,,,,,,,,,,,,,,,,,C2871717T,,,,G942322A
G1839329A,,,,,,,,,,,,,C3798081T,,,,,A3994101G,,,,,,,,,,,,,,,,,,,,,,,,,,,,,,,,,,,,,,,,,,,,,,C2886640G,,,,G950010A
C1848147A,,,,,,,,,,,,,G3848451A,,,,,A4033711G,,,,,,,,,,,,,,,,,,,,,,,,,,,,,,,,,,,,,,,,,,,,,,G2891366A,,,,C952865T
C1853974T,,,,,,,,,,,,,C3882338G,,,,,T4052349G,,,,,,,,,,,,,,,,,,,,,,,,,,,,,,,,,,,,,,,,,,,,,,G2927864A,,,,G971699T
G1873954T,,,,,,,,,,,,,G4090667A,,,,,C4096636T,,,,,,,,,,,,,,,,,,,,,,,,,,,,,,,,,,,,,,,,,,,,,,G2984105A,,,,C980399T
T1876739G,,,,,,,,,,,,,A4096171G,,,,,C4222131T,,,,,,,,,,,,,,,,,,,,,,,,,,,,,,,,,,,,,,,,,,,,,,C3029360T,,,,C1009261G
C1886263G,,,,,,,,,,,,,G4128254A,,,,,C4226275T,,,,,,,,,,,,,,,,,,,,,,,,,,,,,,,,,,,,,,,,,,,,,,C3057375T,,,,G1012748A
G1887284A,,,,,,,,,,,,,G4141505C,,,,,G4242075A,,,,,,,,,,,,,,,,,,,,,,,,,,,,,,,,,,,,,,,,,,,,,,A3137026C,,,,G1031572A
G1902156A,,,,,,,,,,,,,G4165481C,,,,,G4292941A,,,,,,,,,,,,,,,,,,,,,,,,,,,,,,,,,,,,,,,,,,,,,,G3147243A,,,,G1037299C
C1907177T,,,,,,,,,,,,,C4168959G,,,,,G4305243A,,,,,,,,,,,,,,,,,,,,,,,,,,,,,,,,,,,,,,,,,,,,,,G3155164A,,,,A1047661C
G1923985A,,,,,,,,,,,,,G4234805A,,,,,G4328492A,,,,,,,,,,,,,,,,,,,,,,,,,,,,,,,,,,,,,,,,,,,,,,G3277599C,,,,C1067386T
G1940307T,,,,,,,,,,,,,A4246088G,,,,,C4396495A,,,,,,,,,,,,,,,,,,,,,,,,,,,,,,,,,,,,,,,,,,,,,,G3290320A,,,,G1067609A
T1956930G,,,,,,,,,,,,,C4264825G,,,,,,,,,,,,,,,,,,,,,,,,,,,,,,,,,,,,,,,,,,,,,,,,,,,A3554298G,,,,C1081629T
G1978807T,,,,,,,,,,,,,C4287178T,,,,,,,,,,,,,,,,,,,,,,,,,,,,,,,,,,,,,,,,,,,,,,,,,,,C3586551A,,,,C1083147G
C1979026T,,,,,,,,,,,,,T4342484C,,,,,,,,,,,,,,,,,,,,,,,,,,,,,,,,,,,,,,,,,,,,,,,,,,,G3591488A,,,,A1096847T
G2023211T,,,,,,,,,,,,,C4345707T,,,,,,,,,,,,,,,,,,,,,,,,,,,,,,,,,,,,,,,,,,,,,,,,,,,C3599099A,,,,C1099228T
G2035937A,,,,,,,,,,,,,G4395083C,,,,,,,,,,,,,,,,,,,,,,,,,,,,,,,,,,,,,,,,,,,,,,,,,,,C3622618G,,,,C1125468T
G2090306A,,,,,,,,,,,,,,,,,,,,,,,,,,,,,,,,,,,,,,,,,,,,,,,,,,,,,,,,,,,,,,,,C3693548T,,,,G1177000A
G2092391T,,,,,,,,,,,,,,,,,,,,,,,,,,,,,,,,,,,,,,,,,,,,,,,,,,,,,,,,,,,,,,,,C3789077T,,,,G1183362C
C2096094T,,,,,,,,,,,,,,,,,,,,,,,,,,,,,,,,,,,,,,,,,,,,,,,,,,,,,,,,,,,,,,,,C3792262A,,,,G1187902A
A2096430C,,,,,,,,,,,,,,,,,,,,,,,,,,,,,,,,,,,,,,,,,,,,,,,,,,,,,,,,,,,,,,,,C3823494A,,,,C1202094T
G2138767C,,,,,,,,,,,,,,,,,,,,,,,,,,,,,,,,,,,,,,,,,,,,,,,,,,,,,,,,,,,,,,,,A3883278G,,,,C1210022A
G2185358A,,,,,,,,,,,,,,,,,,,,,,,,,,,,,,,,,,,,,,,,,,,,,,,,,,,,,,,,,,,,,,,,A3980437C,,,,C1211274T
A2249035G,,,,,,,,,,,,,,,,,,,,,,,,,,,,,,,,,,,,,,,,,,,,,,,,,,,,,,,,,,,,,,,,C3995060A,,,,G1215822T
G2255942T,,,,,,,,,,,,,,,,,,,,,,,,,,,,,,,,,,,,,,,,,,,,,,,,,,,,,,,,,,,,,,,,A4004907T,,,,A1240481C
G2309356A,,,,,,,,,,,,,,,,,,,,,,,,,,,,,,,,,,,,,,,,,,,,,,,,,,,,,,,,,,,,,,,,T4069598C,,,,C1241950T
G2348482T,,,,,,,,,,,,,,,,,,,,,,,,,,,,,,,,,,,,,,,,,,,,,,,,,,,,,,,,,,,,,,,,G4084010A,,,,C1250415A
G2374442A,,,,,,,,,,,,,,,,,,,,,,,,,,,,,,,,,,,,,,,,,,,,,,,,,,,,,,,,,,,,,,,,C4106075T,,,,C1286172T
C2397760G,,,,,,,,,,,,,,,,,,,,,,,,,,,,,,,,,,,,,,,,,,,,,,,,,,,,,,,,,,,,,,,,C4148162A,,,,A1288923C
A2425097C,,,,,,,,,,,,,,,,,,,,,,,,,,,,,,,,,,,,,,,,,,,,,,,,,,,,,,,,,,,,,,,,G4183288A,,,,A1289401G
G2448288A,,,,,,,,,,,,,,,,,,,,,,,,,,,,,,,,,,,,,,,,,,,,,,,,,,,,,,,,,,,,,,,,C4186864T,,,,T1323374C
G2450045A,,,,,,,,,,,,,,,,,,,,,,,,,,,,,,,,,,,,,,,,,,,,,,,,,,,,,,,,,,,,,,,,G4201352A,,,,T1325249G
C2451081G,,,,,,,,,,,,,,,,,,,,,,,,,,,,,,,,,,,,,,,,,,,,,,,,,,,,,,,,,,,,,,,,C4220427T,,,,G1330443A
C2503549A,,,,,,,,,,,,,,,,,,,,,,,,,,,,,,,,,,,,,,,,,,,,,,,,,,,,,,,,,,,,,,,,C4236891A,,,,C1333051G
C2509181G,,,,,,,,,,,,,,,,,,,,,,,,,,,,,,,,,,,,,,,,,,,,,,,,,,,,,,,,,,,,,,,,C4244379T,,,,G1344807A
G2538793A,,,,,,,,,,,,,,,,,,,,,,,,,,,,,,,,,,,,,,,,,,,,,,,,,,,,,,,,,,,,,,,,A4271498G,,,,T1349002C
T2544979A,,,,,,,,,,,,,,,,,,,,,,,,,,,,,,,,,,,,,,,,,,,,,,,,,,,,,,,,,,,,,,,,C4289216T,,,,G1355203A
C2553682T,,,,,,,,,,,,,,,,,,,,,,,,,,,,,,,,,,,,,,,,,,,,,,,,,,,,,,,,,,,,,,,,A4303675G,,,,G1375542A
A2569593G,,,,,,,,,,,,,,,,,,,,,,,,,,,,,,,,,,,,,,,,,,,,,,,,,,,,,,,,,,,,,,,,T4326465C,,,,C1377919A
G2573434T,,,,,,,,,,,,,,,,,,,,,,,,,,,,,,,,,,,,,,,,,,,,,,,,,,,,,,,,,,,,,,,,G4358866A,,,,G1388539A
C2574598T,,,,,,,,,,,,,,,,,,,,,,,,,,,,,,,,,,,,,,,,,,,,,,,,,,,,,,,,,,,,,,,,C4386625T,,,,G1410646A
G2602575A,,,,,,,,,,,,,,,,,,,,,,,,,,,,,,,,,,,,,,,,,,,,,,,,,,,,,,,,,,,,,,,,C4398223T,,,,T1414381G
A2611704C,,,,,,,,,,,,,,,,,,,,,,,,,,,,,,,,,,,,,,,,,,,,,,,,,,,,,,,,,,,,,,,,,,,,C1414759T
C2622508T,,,,,,,,,,,,,,,,,,,,,,,,,,,,,,,,,,,,,,,,,,,,,,,,,,,,,,,,,,,,,,,,,,,,C1425039T
G2643653A,,,,,,,,,,,,,,,,,,,,,,,,,,,,,,,,,,,,,,,,,,,,,,,,,,,,,,,,,,,,,,,,,,,,G1433143A
C2652908G,,,,,,,,,,,,,,,,,,,,,,,,,,,,,,,,,,,,,,,,,,,,,,,,,,,,,,,,,,,,,,,,,,,,A1433787G
G2663210A,,,,,,,,,,,,,,,,,,,,,,,,,,,,,,,,,,,,,,,,,,,,,,,,,,,,,,,,,,,,,,,,,,,,C1435481A
G2688225C,,,,,,,,,,,,,,,,,,,,,,,,,,,,,,,,,,,,,,,,,,,,,,,,,,,,,,,,,,,,,,,,,,,,C1449038T
G2704291A,,,,,,,,,,,,,,,,,,,,,,,,,,,,,,,,,,,,,,,,,,,,,,,,,,,,,,,,,,,,,,,,,,,,T1461451C
G2731741A,,,,,,,,,,,,,,,,,,,,,,,,,,,,,,,,,,,,,,,,,,,,,,,,,,,,,,,,,,,,,,,,,,,,C1480813T
G2745839A,,,,,,,,,,,,,,,,,,,,,,,,,,,,,,,,,,,,,,,,,,,,,,,,,,,,,,,,,,,,,,,,,,,,A1498691C
G2755112A,,,,,,,,,,,,,,,,,,,,,,,,,,,,,,,,,,,,,,,,,,,,,,,,,,,,,,,,,,,,,,,,,,,,G1505028A
A2764206G,,,,,,,,,,,,,,,,,,,,,,,,,,,,,,,,,,,,,,,,,,,,,,,,,,,,,,,,,,,,,,,,,,,,G1517316C
G2773955C,,,,,,,,,,,,,,,,,,,,,,,,,,,,,,,,,,,,,,,,,,,,,,,,,,,,,,,,,,,,,,,,,,,,A1519924C
A2791257T,,,,,,,,,,,,,,,,,,,,,,,,,,,,,,,,,,,,,,,,,,,,,,,,,,,,,,,,,,,,,,,,,,,,A1532173G
G2809895A,,,,,,,,,,,,,,,,,,,,,,,,,,,,,,,,,,,,,,,,,,,,,,,,,,,,,,,,,,,,,,,,,,,,G1533993T
C2817158A,,,,,,,,,,,,,,,,,,,,,,,,,,,,,,,,,,,,,,,,,,,,,,,,,,,,,,,,,,,,,,,,,,,,G1544411T
G2824432A,,,,,,,,,,,,,,,,,,,,,,,,,,,,,,,,,,,,,,,,,,,,,,,,,,,,,,,,,,,,,,,,,,,,A1546130C
A2894642G,,,,,,,,,,,,,,,,,,,,,,,,,,,,,,,,,,,,,,,,,,,,,,,,,,,,,,,,,,,,,,,,,,,,C1546596T
G2897528A,,,,,,,,,,,,,,,,,,,,,,,,,,,,,,,,,,,,,,,,,,,,,,,,,,,,,,,,,,,,,,,,,,,,C1549838T
C2926882T,,,,,,,,,,,,,,,,,,,,,,,,,,,,,,,,,,,,,,,,,,,,,,,,,,,,,,,,,,,,,,,,,,,,G1550928T
C2940608T,,,,,,,,,,,,,,,,,,,,,,,,,,,,,,,,,,,,,,,,,,,,,,,,,,,,,,,,,,,,,,,,,,,,C1555736T
T2948650C,,,,,,,,,,,,,,,,,,,,,,,,,,,,,,,,,,,,,,,,,,,,,,,,,,,,,,,,,,,,,,,,,,,,A1564506G
G2992564A,,,,,,,,,,,,,,,,,,,,,,,,,,,,,,,,,,,,,,,,,,,,,,,,,,,,,,,,,,,,,,,,,,,,A1566144G
T2993523C,,,,,,,,,,,,,,,,,,,,,,,,,,,,,,,,,,,,,,,,,,,,,,,,,,,,,,,,,,,,,,,,,,,,C1579197T
C3097349T,,,,,,,,,,,,,,,,,,,,,,,,,,,,,,,,,,,,,,,,,,,,,,,,,,,,,,,,,,,,,,,,,,,,T1596656C
G3137681A,,,,,,,,,,,,,,,,,,,,,,,,,,,,,,,,,,,,,,,,,,,,,,,,,,,,,,,,,,,,,,,,,,,,G1625336C
A3169993G,,,,,,,,,,,,,,,,,,,,,,,,,,,,,,,,,,,,,,,,,,,,,,,,,,,,,,,,,,,,,,,,,,,,A1639579G
C3188428T,,,,,,,,,,,,,,,,,,,,,,,,,,,,,,,,,,,,,,,,,,,,,,,,,,,,,,,,,,,,,,,,,,,,G1652839C
G3190342A,,,,,,,,,,,,,,,,,,,,,,,,,,,,,,,,,,,,,,,,,,,,,,,,,,,,,,,,,,,,,,,,,,,,T1654736C
G3197917A,,,,,,,,,,,,,,,,,,,,,,,,,,,,,,,,,,,,,,,,,,,,,,,,,,,,,,,,,,,,,,,,,,,,G1655137T
C3202629T,,,,,,,,,,,,,,,,,,,,,,,,,,,,,,,,,,,,,,,,,,,,,,,,,,,,,,,,,,,,,,,,,,,,T1658863A
G3229692A,,,,,,,,,,,,,,,,,,,,,,,,,,,,,,,,,,,,,,,,,,,,,,,,,,,,,,,,,,,,,,,,,,,,G1661723A
G3233605A,,,,,,,,,,,,,,,,,,,,,,,,,,,,,,,,,,,,,,,,,,,,,,,,,,,,,,,,,,,,,,,,,,,,T1665634C
G3241244A,,,,,,,,,,,,,,,,,,,,,,,,,,,,,,,,,,,,,,,,,,,,,,,,,,,,,,,,,,,,,,,,,,,,C1673680G
G3247089A,,,,,,,,,,,,,,,,,,,,,,,,,,,,,,,,,,,,,,,,,,,,,,,,,,,,,,,,,,,,,,,,,,,,T1678778C
A3254758C,,,,,,,,,,,,,,,,,,,,,,,,,,,,,,,,,,,,,,,,,,,,,,,,,,,,,,,,,,,,,,,,,,,,C1679883G
G3274545A,,,,,,,,,,,,,,,,,,,,,,,,,,,,,,,,,,,,,,,,,,,,,,,,,,,,,,,,,,,,,,,,,,,,G1680083A
G3280132A,,,,,,,,,,,,,,,,,,,,,,,,,,,,,,,,,,,,,,,,,,,,,,,,,,,,,,,,,,,,,,,,,,,,C1686313T
A3293423G,,,,,,,,,,,,,,,,,,,,,,,,,,,,,,,,,,,,,,,,,,,,,,,,,,,,,,,,,,,,,,,,,,,,C1692670G
G3299413A,,,,,,,,,,,,,,,,,,,,,,,,,,,,,,,,,,,,,,,,,,,,,,,,,,,,,,,,,,,,,,,,,,,,G1694058C
A3326150G,,,,,,,,,,,,,,,,,,,,,,,,,,,,,,,,,,,,,,,,,,,,,,,,,,,,,,,,,,,,,,,,,,,,T1696370C
G3328495C,,,,,,,,,,,,,,,,,,,,,,,,,,,,,,,,,,,,,,,,,,,,,,,,,,,,,,,,,,,,,,,,,,,,A1697309G
G3401850A,,,,,,,,,,,,,,,,,,,,,,,,,,,,,,,,,,,,,,,,,,,,,,,,,,,,,,,,,,,,,,,,,,,,G1697726A
C3407028T,,,,,,,,,,,,,,,,,,,,,,,,,,,,,,,,,,,,,,,,,,,,,,,,,,,,,,,,,,,,,,,,,,,,C1698204G
C3424462T,,,,,,,,,,,,,,,,,,,,,,,,,,,,,,,,,,,,,,,,,,,,,,,,,,,,,,,,,,,,,,,,,,,,C1708095T
C3442240A,,,,,,,,,,,,,,,,,,,,,,,,,,,,,,,,,,,,,,,,,,,,,,,,,,,,,,,,,,,,,,,,,,,,G1716872A
A3447480C,,,,,,,,,,,,,,,,,,,,,,,,,,,,,,,,,,,,,,,,,,,,,,,,,,,,,,,,,,,,,,,,,,,,C1728407T
C3453382T,,,,,,,,,,,,,,,,,,,,,,,,,,,,,,,,,,,,,,,,,,,,,,,,,,,,,,,,,,,,,,,,,,,,C1729178T
G3460765C,,,,,,,,,,,,,,,,,,,,,,,,,,,,,,,,,,,,,,,,,,,,,,,,,,,,,,,,,,,,,,,,,,,,C1732305T
C3474597A,,,,,,,,,,,,,,,,,,,,,,,,,,,,,,,,,,,,,,,,,,,,,,,,,,,,,,,,,,,,,,,,,,,,C1766300A
C3497586G,,,,,,,,,,,,,,,,,,,,,,,,,,,,,,,,,,,,,,,,,,,,,,,,,,,,,,,,,,,,,,,,,,,,G1790815A
C3530145A,,,,,,,,,,,,,,,,,,,,,,,,,,,,,,,,,,,,,,,,,,,,,,,,,,,,,,,,,,,,,,,,,,,,T1797375C
G3536008T,,,,,,,,,,,,,,,,,,,,,,,,,,,,,,,,,,,,,,,,,,,,,,,,,,,,,,,,,,,,,,,,,,,,G1810542A
G3557634A,,,,,,,,,,,,,,,,,,,,,,,,,,,,,,,,,,,,,,,,,,,,,,,,,,,,,,,,,,,,,,,,,,,,G1821891C
C3597682T,,,,,,,,,,,,,,,,,,,,,,,,,,,,,,,,,,,,,,,,,,,,,,,,,,,,,,,,,,,,,,,,,,,,G1834363A
A3647591G,,,,,,,,,,,,,,,,,,,,,,,,,,,,,,,,,,,,,,,,,,,,,,,,,,,,,,,,,,,,,,,,,,,,T1836454C
G3678091A,,,,,,,,,,,,,,,,,,,,,,,,,,,,,,,,,,,,,,,,,,,,,,,,,,,,,,,,,,,,,,,,,,,,G1836540T
T3683715G,,,,,,,,,,,,,,,,,,,,,,,,,,,,,,,,,,,,,,,,,,,,,,,,,,,,,,,,,,,,,,,,,,,,G1846080A
C3704261A,,,,,,,,,,,,,,,,,,,,,,,,,,,,,,,,,,,,,,,,,,,,,,,,,,,,,,,,,,,,,,,,,,,,G1865906A
C3770325T,,,,,,,,,,,,,,,,,,,,,,,,,,,,,,,,,,,,,,,,,,,,,,,,,,,,,,,,,,,,,,,,,,,,C1876899A
G3774506A,,,,,,,,,,,,,,,,,,,,,,,,,,,,,,,,,,,,,,,,,,,,,,,,,,,,,,,,,,,,,,,,,,,,G1886745T
A3793634G,,,,,,,,,,,,,,,,,,,,,,,,,,,,,,,,,,,,,,,,,,,,,,,,,,,,,,,,,,,,,,,,,,,,T1904816C
A3851084G,,,,,,,,,,,,,,,,,,,,,,,,,,,,,,,,,,,,,,,,,,,,,,,,,,,,,,,,,,,,,,,,,,,,C1904982A
G3864041A,,,,,,,,,,,,,,,,,,,,,,,,,,,,,,,,,,,,,,,,,,,,,,,,,,,,,,,,,,,,,,,,,,,,T1912317C
G3913737A,,,,,,,,,,,,,,,,,,,,,,,,,,,,,,,,,,,,,,,,,,,,,,,,,,,,,,,,,,,,,,,,,,,,T1919886C
G3974142A,,,,,,,,,,,,,,,,,,,,,,,,,,,,,,,,,,,,,,,,,,,,,,,,,,,,,,,,,,,,,,,,,,,,C1935832G
G3984926A,,,,,,,,,,,,,,,,,,,,,,,,,,,,,,,,,,,,,,,,,,,,,,,,,,,,,,,,,,,,,,,,,,,,T1941228C
C4003645T,,,,,,,,,,,,,,,,,,,,,,,,,,,,,,,,,,,,,,,,,,,,,,,,,,,,,,,,,,,,,,,,,,,,C1950172T
G4022652A,,,,,,,,,,,,,,,,,,,,,,,,,,,,,,,,,,,,,,,,,,,,,,,,,,,,,,,,,,,,,,,,,,,,C1952606T
A4040517G,,,,,,,,,,,,,,,,,,,,,,,,,,,,,,,,,,,,,,,,,,,,,,,,,,,,,,,,,,,,,,,,,,,,C1952724G
C4069797T,,,,,,,,,,,,,,,,,,,,,,,,,,,,,,,,,,,,,,,,,,,,,,,,,,,,,,,,,,,,,,,,,,,,A1958149C
G4077177A,,,,,,,,,,,,,,,,,,,,,,,,,,,,,,,,,,,,,,,,,,,,,,,,,,,,,,,,,,,,,,,,,,,,T1964880G
G4081987C,,,,,,,,,,,,,,,,,,,,,,,,,,,,,,,,,,,,,,,,,,,,,,,,,,,,,,,,,,,,,,,,,,,,T1965267C
T4083360G,,,,,,,,,,,,,,,,,,,,,,,,,,,,,,,,,,,,,,,,,,,,,,,,,,,,,,,,,,,,,,,,,,,,G1966825T
G4085200C,,,,,,,,,,,,,,,,,,,,,,,,,,,,,,,,,,,,,,,,,,,,,,,,,,,,,,,,,,,,,,,,,,,,C1969154A
G4096190A,,,,,,,,,,,,,,,,,,,,,,,,,,,,,,,,,,,,,,,,,,,,,,,,,,,,,,,,,,,,,,,,,,,,A1971609G
C4106154T,,,,,,,,,,,,,,,,,,,,,,,,,,,,,,,,,,,,,,,,,,,,,,,,,,,,,,,,,,,,,,,,,,,,T1973114C
G4115029A,,,,,,,,,,,,,,,,,,,,,,,,,,,,,,,,,,,,,,,,,,,,,,,,,,,,,,,,,,,,,,,,,,,,A1973138G
T4126087G,,,,,,,,,,,,,,,,,,,,,,,,,,,,,,,,,,,,,,,,,,,,,,,,,,,,,,,,,,,,,,,,,,,,G2002663A
G4133907A,,,,,,,,,,,,,,,,,,,,,,,,,,,,,,,,,,,,,,,,,,,,,,,,,,,,,,,,,,,,,,,,,,,,C2054026A
C4155266G,,,,,,,,,,,,,,,,,,,,,,,,,,,,,,,,,,,,,,,,,,,,,,,,,,,,,,,,,,,,,,,,,,,,C2060962T
G4163558C,,,,,,,,,,,,,,,,,,,,,,,,,,,,,,,,,,,,,,,,,,,,,,,,,,,,,,,,,,,,,,,,,,,,T2069383C
G4201105A,,,,,,,,,,,,,,,,,,,,,,,,,,,,,,,,,,,,,,,,,,,,,,,,,,,,,,,,,,,,,,,,,,,,G2076692A
A4241042G,,,,,,,,,,,,,,,,,,,,,,,,,,,,,,,,,,,,,,,,,,,,,,,,,,,,,,,,,,,,,,,,,,,,T2078567C
C4245969T,,,,,,,,,,,,,,,,,,,,,,,,,,,,,,,,,,,,,,,,,,,,,,,,,,,,,,,,,,,,,,,,,,,,A2093412T
C4280441A,,,,,,,,,,,,,,,,,,,,,,,,,,,,,,,,,,,,,,,,,,,,,,,,,,,,,,,,,,,,,,,,,,,,C2093618A
G4281272A,,,,,,,,,,,,,,,,,,,,,,,,,,,,,,,,,,,,,,,,,,,,,,,,,,,,,,,,,,,,,,,,,,,,T2096450C
A4303407C,,,,,,,,,,,,,,,,,,,,,,,,,,,,,,,,,,,,,,,,,,,,,,,,,,,,,,,,,,,,,,,,,,,,A2097066G
C4307344G,,,,,,,,,,,,,,,,,,,,,,,,,,,,,,,,,,,,,,,,,,,,,,,,,,,,,,,,,,,,,,,,,,,,C2123847T
G4314843A,,,,,,,,,,,,,,,,,,,,,,,,,,,,,,,,,,,,,,,,,,,,,,,,,,,,,,,,,,,,,,,,,,,,G2125968C
T4344058C,,,,,,,,,,,,,,,,,,,,,,,,,,,,,,,,,,,,,,,,,,,,,,,,,,,,,,,,,,,,,,,,,,,,C2128540G
G4357773A,,,,,,,,,,,,,,,,,,,,,,,,,,,,,,,,,,,,,,,,,,,,,,,,,,,,,,,,,,,,,,,,,,,,G2129750T
C4357946T,,,,,,,,,,,,,,,,,,,,,,,,,,,,,,,,,,,,,,,,,,,,,,,,,,,,,,,,,,,,,,,,,,,,T2148068C
G4398732A,,,,,,,,,,,,,,,,,,,,,,,,,,,,,,,,,,,,,,,,,,,,,,,,,,,,,,,,,,,,,,,,,,,,G2149049A
A4401400G,,,,,,,,,,,,,,,,,,,,,,,,,,,,,,,,,,,,,,,,,,,,,,,,,,,,,,,,,,,,,,,,,,,,C2154707G
G4410386T,,,,,,,,,,,,,,,,,,,,,,,,,,,,,,,,,,,,,,,,,,,,,,,,,,,,,,,,,,,,,,,,,,,,T2159502C
,,,,,,,,,,,,,,,,,,,,,,,,,,,,,,,,,,,,,,,,,,,,,,,,,,,,,,,,,,,,,,,,,,,,C2161877T
,,,,,,,,,,,,,,,,,,,,,,,,,,,,,,,,,,,,,,,,,,,,,,,,,,,,,,,,,,,,,,,,,,,,C2171499G
,,,,,,,,,,,,,,,,,,,,,,,,,,,,,,,,,,,,,,,,,,,,,,,,,,,,,,,,,,,,,,,,,,,,T2175382C
,,,,,,,,,,,,,,,,,,,,,,,,,,,,,,,,,,,,,,,,,,,,,,,,,,,,,,,,,,,,,,,,,,,,G2176840C
,,,,,,,,,,,,,,,,,,,,,,,,,,,,,,,,,,,,,,,,,,,,,,,,,,,,,,,,,,,,,,,,,,,,G2184017C
,,,,,,,,,,,,,,,,,,,,,,,,,,,,,,,,,,,,,,,,,,,,,,,,,,,,,,,,,,,,,,,,,,,,T2185102C
,,,,,,,,,,,,,,,,,,,,,,,,,,,,,,,,,,,,,,,,,,,,,,,,,,,,,,,,,,,,,,,,,,,,G2187717A
,,,,,,,,,,,,,,,,,,,,,,,,,,,,,,,,,,,,,,,,,,,,,,,,,,,,,,,,,,,,,,,,,,,,T2191397G
,,,,,,,,,,,,,,,,,,,,,,,,,,,,,,,,,,,,,,,,,,,,,,,,,,,,,,,,,,,,,,,,,,,,C2205429G
,,,,,,,,,,,,,,,,,,,,,,,,,,,,,,,,,,,,,,,,,,,,,,,,,,,,,,,,,,,,,,,,,,,,C2237023G
,,,,,,,,,,,,,,,,,,,,,,,,,,,,,,,,,,,,,,,,,,,,,,,,,,,,,,,,,,,,,,,,,,,,A2247508T
,,,,,,,,,,,,,,,,,,,,,,,,,,,,,,,,,,,,,,,,,,,,,,,,,,,,,,,,,,,,,,,,,,,,C2257214T
,,,,,,,,,,,,,,,,,,,,,,,,,,,,,,,,,,,,,,,,,,,,,,,,,,,,,,,,,,,,,,,,,,,,C2260673G
,,,,,,,,,,,,,,,,,,,,,,,,,,,,,,,,,,,,,,,,,,,,,,,,,,,,,,,,,,,,,,,,,,,,G2261476A
,,,,,,,,,,,,,,,,,,,,,,,,,,,,,,,,,,,,,,,,,,,,,,,,,,,,,,,,,,,,,,,,,,,,A2282095C
,,,,,,,,,,,,,,,,,,,,,,,,,,,,,,,,,,,,,,,,,,,,,,,,,,,,,,,,,,,,,,,,,,,,A2288569C
,,,,,,,,,,,,,,,,,,,,,,,,,,,,,,,,,,,,,,,,,,,,,,,,,,,,,,,,,,,,,,,,,,,,A2289978C
,,,,,,,,,,,,,,,,,,,,,,,,,,,,,,,,,,,,,,,,,,,,,,,,,,,,,,,,,,,,,,,,,,,,G2296230A
,,,,,,,,,,,,,,,,,,,,,,,,,,,,,,,,,,,,,,,,,,,,,,,,,,,,,,,,,,,,,,,,,,,,G2296634T
,,,,,,,,,,,,,,,,,,,,,,,,,,,,,,,,,,,,,,,,,,,,,,,,,,,,,,,,,,,,,,,,,,,,A2297109G
,,,,,,,,,,,,,,,,,,,,,,,,,,,,,,,,,,,,,,,,,,,,,,,,,,,,,,,,,,,,,,,,,,,,T2298548A
,,,,,,,,,,,,,,,,,,,,,,,,,,,,,,,,,,,,,,,,,,,,,,,,,,,,,,,,,,,,,,,,,,,,T2303049C
,,,,,,,,,,,,,,,,,,,,,,,,,,,,,,,,,,,,,,,,,,,,,,,,,,,,,,,,,,,,,,,,,,,,C2305018T
,,,,,,,,,,,,,,,,,,,,,,,,,,,,,,,,,,,,,,,,,,,,,,,,,,,,,,,,,,,,,,,,,,,,G2305205C
,,,,,,,,,,,,,,,,,,,,,,,,,,,,,,,,,,,,,,,,,,,,,,,,,,,,,,,,,,,,,,,,,,,,G2318549A
,,,,,,,,,,,,,,,,,,,,,,,,,,,,,,,,,,,,,,,,,,,,,,,,,,,,,,,,,,,,,,,,,,,,T2324709G
,,,,,,,,,,,,,,,,,,,,,,,,,,,,,,,,,,,,,,,,,,,,,,,,,,,,,,,,,,,,,,,,,,,,A2328273G
,,,,,,,,,,,,,,,,,,,,,,,,,,,,,,,,,,,,,,,,,,,,,,,,,,,,,,,,,,,,,,,,,,,,A2332128G
,,,,,,,,,,,,,,,,,,,,,,,,,,,,,,,,,,,,,,,,,,,,,,,,,,,,,,,,,,,,,,,,,,,,G2333351C
,,,,,,,,,,,,,,,,,,,,,,,,,,,,,,,,,,,,,,,,,,,,,,,,,,,,,,,,,,,,,,,,,,,,G2333724A
,,,,,,,,,,,,,,,,,,,,,,,,,,,,,,,,,,,,,,,,,,,,,,,,,,,,,,,,,,,,,,,,,,,,T2358471G
,,,,,,,,,,,,,,,,,,,,,,,,,,,,,,,,,,,,,,,,,,,,,,,,,,,,,,,,,,,,,,,,,,,,G2361455A
,,,,,,,,,,,,,,,,,,,,,,,,,,,,,,,,,,,,,,,,,,,,,,,,,,,,,,,,,,,,,,,,,,,,T2363160C
,,,,,,,,,,,,,,,,,,,,,,,,,,,,,,,,,,,,,,,,,,,,,,,,,,,,,,,,,,,,,,,,,,,,G2369128C
,,,,,,,,,,,,,,,,,,,,,,,,,,,,,,,,,,,,,,,,,,,,,,,,,,,,,,,,,,,,,,,,,,,,G2378822A
,,,,,,,,,,,,,,,,,,,,,,,,,,,,,,,,,,,,,,,,,,,,,,,,,,,,,,,,,,,,,,,,,,,,C2427288G
,,,,,,,,,,,,,,,,,,,,,,,,,,,,,,,,,,,,,,,,,,,,,,,,,,,,,,,,,,,,,,,,,,,,T2428213C
,,,,,,,,,,,,,,,,,,,,,,,,,,,,,,,,,,,,,,,,,,,,,,,,,,,,,,,,,,,,,,,,,,,,A2435954G
,,,,,,,,,,,,,,,,,,,,,,,,,,,,,,,,,,,,,,,,,,,,,,,,,,,,,,,,,,,,,,,,,,,,C2438682T
,,,,,,,,,,,,,,,,,,,,,,,,,,,,,,,,,,,,,,,,,,,,,,,,,,,,,,,,,,,,,,,,,,,,T2446827C
,,,,,,,,,,,,,,,,,,,,,,,,,,,,,,,,,,,,,,,,,,,,,,,,,,,,,,,,,,,,,,,,,,,,G2448407A
,,,,,,,,,,,,,,,,,,,,,,,,,,,,,,,,,,,,,,,,,,,,,,,,,,,,,,,,,,,,,,,,,,,,G2449412A
,,,,,,,,,,,,,,,,,,,,,,,,,,,,,,,,,,,,,,,,,,,,,,,,,,,,,,,,,,,,,,,,,,,,G2453885A
,,,,,,,,,,,,,,,,,,,,,,,,,,,,,,,,,,,,,,,,,,,,,,,,,,,,,,,,,,,,,,,,,,,,T2459865C
,,,,,,,,,,,,,,,,,,,,,,,,,,,,,,,,,,,,,,,,,,,,,,,,,,,,,,,,,,,,,,,,,,,,C2464208T
,,,,,,,,,,,,,,,,,,,,,,,,,,,,,,,,,,,,,,,,,,,,,,,,,,,,,,,,,,,,,,,,,,,,G2475305A
,,,,,,,,,,,,,,,,,,,,,,,,,,,,,,,,,,,,,,,,,,,,,,,,,,,,,,,,,,,,,,,,,,,,G2486576A
,,,,,,,,,,,,,,,,,,,,,,,,,,,,,,,,,,,,,,,,,,,,,,,,,,,,,,,,,,,,,,,,,,,,G2499597A
,,,,,,,,,,,,,,,,,,,,,,,,,,,,,,,,,,,,,,,,,,,,,,,,,,,,,,,,,,,,,,,,,,,,A2502069G
,,,,,,,,,,,,,,,,,,,,,,,,,,,,,,,,,,,,,,,,,,,,,,,,,,,,,,,,,,,,,,,,,,,,G2515137A
,,,,,,,,,,,,,,,,,,,,,,,,,,,,,,,,,,,,,,,,,,,,,,,,,,,,,,,,,,,,,,,,,,,,G2522014C
,,,,,,,,,,,,,,,,,,,,,,,,,,,,,,,,,,,,,,,,,,,,,,,,,,,,,,,,,,,,,,,,,,,,A2539831C
,,,,,,,,,,,,,,,,,,,,,,,,,,,,,,,,,,,,,,,,,,,,,,,,,,,,,,,,,,,,,,,,,,,,G2556298C
,,,,,,,,,,,,,,,,,,,,,,,,,,,,,,,,,,,,,,,,,,,,,,,,,,,,,,,,,,,,,,,,,,,,G2565689A
,,,,,,,,,,,,,,,,,,,,,,,,,,,,,,,,,,,,,,,,,,,,,,,,,,,,,,,,,,,,,,,,,,,,G2569448A
,,,,,,,,,,,,,,,,,,,,,,,,,,,,,,,,,,,,,,,,,,,,,,,,,,,,,,,,,,,,,,,,,,,,C2577116G
,,,,,,,,,,,,,,,,,,,,,,,,,,,,,,,,,,,,,,,,,,,,,,,,,,,,,,,,,,,,,,,,,,,,T2585958C
,,,,,,,,,,,,,,,,,,,,,,,,,,,,,,,,,,,,,,,,,,,,,,,,,,,,,,,,,,,,,,,,,,,,T2609478C
,,,,,,,,,,,,,,,,,,,,,,,,,,,,,,,,,,,,,,,,,,,,,,,,,,,,,,,,,,,,,,,,,,,,T2623100C
,,,,,,,,,,,,,,,,,,,,,,,,,,,,,,,,,,,,,,,,,,,,,,,,,,,,,,,,,,,,,,,,,,,,T2641666C
,,,,,,,,,,,,,,,,,,,,,,,,,,,,,,,,,,,,,,,,,,,,,,,,,,,,,,,,,,,,,,,,,,,,A2653314G
,,,,,,,,,,,,,,,,,,,,,,,,,,,,,,,,,,,,,,,,,,,,,,,,,,,,,,,,,,,,,,,,,,,,T2662776G
,,,,,,,,,,,,,,,,,,,,,,,,,,,,,,,,,,,,,,,,,,,,,,,,,,,,,,,,,,,,,,,,,,,,T2675648C
,,,,,,,,,,,,,,,,,,,,,,,,,,,,,,,,,,,,,,,,,,,,,,,,,,,,,,,,,,,,,,,,,,,,G2694479A
,,,,,,,,,,,,,,,,,,,,,,,,,,,,,,,,,,,,,,,,,,,,,,,,,,,,,,,,,,,,,,,,,,,,G2702921A
,,,,,,,,,,,,,,,,,,,,,,,,,,,,,,,,,,,,,,,,,,,,,,,,,,,,,,,,,,,,,,,,,,,,G2710207A
,,,,,,,,,,,,,,,,,,,,,,,,,,,,,,,,,,,,,,,,,,,,,,,,,,,,,,,,,,,,,,,,,,,,C2736789T
,,,,,,,,,,,,,,,,,,,,,,,,,,,,,,,,,,,,,,,,,,,,,,,,,,,,,,,,,,,,,,,,,,,,C2739254G
,,,,,,,,,,,,,,,,,,,,,,,,,,,,,,,,,,,,,,,,,,,,,,,,,,,,,,,,,,,,,,,,,,,,A2746391G
,,,,,,,,,,,,,,,,,,,,,,,,,,,,,,,,,,,,,,,,,,,,,,,,,,,,,,,,,,,,,,,,,,,,G2756498A
,,,,,,,,,,,,,,,,,,,,,,,,,,,,,,,,,,,,,,,,,,,,,,,,,,,,,,,,,,,,,,,,,,,,C2772670G
,,,,,,,,,,,,,,,,,,,,,,,,,,,,,,,,,,,,,,,,,,,,,,,,,,,,,,,,,,,,,,,,,,,,T2773919C
,,,,,,,,,,,,,,,,,,,,,,,,,,,,,,,,,,,,,,,,,,,,,,,,,,,,,,,,,,,,,,,,,,,,A2780705G
,,,,,,,,,,,,,,,,,,,,,,,,,,,,,,,,,,,,,,,,,,,,,,,,,,,,,,,,,,,,,,,,,,,,G2809468C
,,,,,,,,,,,,,,,,,,,,,,,,,,,,,,,,,,,,,,,,,,,,,,,,,,,,,,,,,,,,,,,,,,,,G2813446A
,,,,,,,,,,,,,,,,,,,,,,,,,,,,,,,,,,,,,,,,,,,,,,,,,,,,,,,,,,,,,,,,,,,,C2815003G
,,,,,,,,,,,,,,,,,,,,,,,,,,,,,,,,,,,,,,,,,,,,,,,,,,,,,,,,,,,,,,,,,,,,A2831140G
,,,,,,,,,,,,,,,,,,,,,,,,,,,,,,,,,,,,,,,,,,,,,,,,,,,,,,,,,,,,,,,,,,,,C2852114T
,,,,,,,,,,,,,,,,,,,,,,,,,,,,,,,,,,,,,,,,,,,,,,,,,,,,,,,,,,,,,,,,,,,,G2856463T
,,,,,,,,,,,,,,,,,,,,,,,,,,,,,,,,,,,,,,,,,,,,,,,,,,,,,,,,,,,,,,,,,,,,C2877192A
,,,,,,,,,,,,,,,,,,,,,,,,,,,,,,,,,,,,,,,,,,,,,,,,,,,,,,,,,,,,,,,,,,,,T2880835G
,,,,,,,,,,,,,,,,,,,,,,,,,,,,,,,,,,,,,,,,,,,,,,,,,,,,,,,,,,,,,,,,,,,,C2884050A
,,,,,,,,,,,,,,,,,,,,,,,,,,,,,,,,,,,,,,,,,,,,,,,,,,,,,,,,,,,,,,,,,,,,T2884053G
,,,,,,,,,,,,,,,,,,,,,,,,,,,,,,,,,,,,,,,,,,,,,,,,,,,,,,,,,,,,,,,,,,,,A2887133G
,,,,,,,,,,,,,,,,,,,,,,,,,,,,,,,,,,,,,,,,,,,,,,,,,,,,,,,,,,,,,,,,,,,,G2895348A
,,,,,,,,,,,,,,,,,,,,,,,,,,,,,,,,,,,,,,,,,,,,,,,,,,,,,,,,,,,,,,,,,,,,C2900167T
,,,,,,,,,,,,,,,,,,,,,,,,,,,,,,,,,,,,,,,,,,,,,,,,,,,,,,,,,,,,,,,,,,,,A2916179G
,,,,,,,,,,,,,,,,,,,,,,,,,,,,,,,,,,,,,,,,,,,,,,,,,,,,,,,,,,,,,,,,,,,,A2928637G
,,,,,,,,,,,,,,,,,,,,,,,,,,,,,,,,,,,,,,,,,,,,,,,,,,,,,,,,,,,,,,,,,,,,C2939584A
,,,,,,,,,,,,,,,,,,,,,,,,,,,,,,,,,,,,,,,,,,,,,,,,,,,,,,,,,,,,,,,,,,,,C2946840A
,,,,,,,,,,,,,,,,,,,,,,,,,,,,,,,,,,,,,,,,,,,,,,,,,,,,,,,,,,,,,,,,,,,,G2947285A
,,,,,,,,,,,,,,,,,,,,,,,,,,,,,,,,,,,,,,,,,,,,,,,,,,,,,,,,,,,,,,,,,,,,G2963720A
,,,,,,,,,,,,,,,,,,,,,,,,,,,,,,,,,,,,,,,,,,,,,,,,,,,,,,,,,,,,,,,,,,,,T3006524C
,,,,,,,,,,,,,,,,,,,,,,,,,,,,,,,,,,,,,,,,,,,,,,,,,,,,,,,,,,,,,,,,,,,,A3014746C
,,,,,,,,,,,,,,,,,,,,,,,,,,,,,,,,,,,,,,,,,,,,,,,,,,,,,,,,,,,,,,,,,,,,C3022008T
,,,,,,,,,,,,,,,,,,,,,,,,,,,,,,,,,,,,,,,,,,,,,,,,,,,,,,,,,,,,,,,,,,,,T3026468C
,,,,,,,,,,,,,,,,,,,,,,,,,,,,,,,,,,,,,,,,,,,,,,,,,,,,,,,,,,,,,,,,,,,,T3030094C
,,,,,,,,,,,,,,,,,,,,,,,,,,,,,,,,,,,,,,,,,,,,,,,,,,,,,,,,,,,,,,,,,,,,T3039261C
,,,,,,,,,,,,,,,,,,,,,,,,,,,,,,,,,,,,,,,,,,,,,,,,,,,,,,,,,,,,,,,,,,,,T3041338C
,,,,,,,,,,,,,,,,,,,,,,,,,,,,,,,,,,,,,,,,,,,,,,,,,,,,,,,,,,,,,,,,,,,,A3047816G
,,,,,,,,,,,,,,,,,,,,,,,,,,,,,,,,,,,,,,,,,,,,,,,,,,,,,,,,,,,,,,,,,,,,A3061003G
,,,,,,,,,,,,,,,,,,,,,,,,,,,,,,,,,,,,,,,,,,,,,,,,,,,,,,,,,,,,,,,,,,,,T3067009C
,,,,,,,,,,,,,,,,,,,,,,,,,,,,,,,,,,,,,,,,,,,,,,,,,,,,,,,,,,,,,,,,,,,,T3067812C
,,,,,,,,,,,,,,,,,,,,,,,,,,,,,,,,,,,,,,,,,,,,,,,,,,,,,,,,,,,,,,,,,,,,G3070714A
,,,,,,,,,,,,,,,,,,,,,,,,,,,,,,,,,,,,,,,,,,,,,,,,,,,,,,,,,,,,,,,,,,,,C3071504G
,,,,,,,,,,,,,,,,,,,,,,,,,,,,,,,,,,,,,,,,,,,,,,,,,,,,,,,,,,,,,,,,,,,,C3076640A
,,,,,,,,,,,,,,,,,,,,,,,,,,,,,,,,,,,,,,,,,,,,,,,,,,,,,,,,,,,,,,,,,,,,G3109864C
,,,,,,,,,,,,,,,,,,,,,,,,,,,,,,,,,,,,,,,,,,,,,,,,,,,,,,,,,,,,,,,,,,,,G3113904T
,,,,,,,,,,,,,,,,,,,,,,,,,,,,,,,,,,,,,,,,,,,,,,,,,,,,,,,,,,,,,,,,,,,,C3132584T
,,,,,,,,,,,,,,,,,,,,,,,,,,,,,,,,,,,,,,,,,,,,,,,,,,,,,,,,,,,,,,,,,,,,G3147196A
,,,,,,,,,,,,,,,,,,,,,,,,,,,,,,,,,,,,,,,,,,,,,,,,,,,,,,,,,,,,,,,,,,,,G3148454A
,,,,,,,,,,,,,,,,,,,,,,,,,,,,,,,,,,,,,,,,,,,,,,,,,,,,,,,,,,,,,,,,,,,,T3152703G
,,,,,,,,,,,,,,,,,,,,,,,,,,,,,,,,,,,,,,,,,,,,,,,,,,,,,,,,,,,,,,,,,,,,C3155260A
,,,,,,,,,,,,,,,,,,,,,,,,,,,,,,,,,,,,,,,,,,,,,,,,,,,,,,,,,,,,,,,,,,,,C3159466T
,,,,,,,,,,,,,,,,,,,,,,,,,,,,,,,,,,,,,,,,,,,,,,,,,,,,,,,,,,,,,,,,,,,,C3169415A
,,,,,,,,,,,,,,,,,,,,,,,,,,,,,,,,,,,,,,,,,,,,,,,,,,,,,,,,,,,,,,,,,,,,G3180309T
,,,,,,,,,,,,,,,,,,,,,,,,,,,,,,,,,,,,,,,,,,,,,,,,,,,,,,,,,,,,,,,,,,,,T3187692C
,,,,,,,,,,,,,,,,,,,,,,,,,,,,,,,,,,,,,,,,,,,,,,,,,,,,,,,,,,,,,,,,,,,,A3196645G
,,,,,,,,,,,,,,,,,,,,,,,,,,,,,,,,,,,,,,,,,,,,,,,,,,,,,,,,,,,,,,,,,,,,C3198759G
,,,,,,,,,,,,,,,,,,,,,,,,,,,,,,,,,,,,,,,,,,,,,,,,,,,,,,,,,,,,,,,,,,,,T3199583C
,,,,,,,,,,,,,,,,,,,,,,,,,,,,,,,,,,,,,,,,,,,,,,,,,,,,,,,,,,,,,,,,,,,,G3223382A
,,,,,,,,,,,,,,,,,,,,,,,,,,,,,,,,,,,,,,,,,,,,,,,,,,,,,,,,,,,,,,,,,,,,C3229906T
,,,,,,,,,,,,,,,,,,,,,,,,,,,,,,,,,,,,,,,,,,,,,,,,,,,,,,,,,,,,,,,,,,,,A3232112G
,,,,,,,,,,,,,,,,,,,,,,,,,,,,,,,,,,,,,,,,,,,,,,,,,,,,,,,,,,,,,,,,,,,,C3234662T
,,,,,,,,,,,,,,,,,,,,,,,,,,,,,,,,,,,,,,,,,,,,,,,,,,,,,,,,,,,,,,,,,,,,G3241414A
,,,,,,,,,,,,,,,,,,,,,,,,,,,,,,,,,,,,,,,,,,,,,,,,,,,,,,,,,,,,,,,,,,,,G3243146A
,,,,,,,,,,,,,,,,,,,,,,,,,,,,,,,,,,,,,,,,,,,,,,,,,,,,,,,,,,,,,,,,,,,,T3243880G
,,,,,,,,,,,,,,,,,,,,,,,,,,,,,,,,,,,,,,,,,,,,,,,,,,,,,,,,,,,,,,,,,,,,G3262800A
,,,,,,,,,,,,,,,,,,,,,,,,,,,,,,,,,,,,,,,,,,,,,,,,,,,,,,,,,,,,,,,,,,,,C3268321T
,,,,,,,,,,,,,,,,,,,,,,,,,,,,,,,,,,,,,,,,,,,,,,,,,,,,,,,,,,,,,,,,,,,,A3270705C
,,,,,,,,,,,,,,,,,,,,,,,,,,,,,,,,,,,,,,,,,,,,,,,,,,,,,,,,,,,,,,,,,,,,A3277590C
,,,,,,,,,,,,,,,,,,,,,,,,,,,,,,,,,,,,,,,,,,,,,,,,,,,,,,,,,,,,,,,,,,,,A3279471G
,,,,,,,,,,,,,,,,,,,,,,,,,,,,,,,,,,,,,,,,,,,,,,,,,,,,,,,,,,,,,,,,,,,,C3292609G
,,,,,,,,,,,,,,,,,,,,,,,,,,,,,,,,,,,,,,,,,,,,,,,,,,,,,,,,,,,,,,,,,,,,T3298383G
,,,,,,,,,,,,,,,,,,,,,,,,,,,,,,,,,,,,,,,,,,,,,,,,,,,,,,,,,,,,,,,,,,,,G3316941A
,,,,,,,,,,,,,,,,,,,,,,,,,,,,,,,,,,,,,,,,,,,,,,,,,,,,,,,,,,,,,,,,,,,,G3332282A
,,,,,,,,,,,,,,,,,,,,,,,,,,,,,,,,,,,,,,,,,,,,,,,,,,,,,,,,,,,,,,,,,,,,A3337480G
,,,,,,,,,,,,,,,,,,,,,,,,,,,,,,,,,,,,,,,,,,,,,,,,,,,,,,,,,,,,,,,,,,,,G3337675A
,,,,,,,,,,,,,,,,,,,,,,,,,,,,,,,,,,,,,,,,,,,,,,,,,,,,,,,,,,,,,,,,,,,,T3354342G
,,,,,,,,,,,,,,,,,,,,,,,,,,,,,,,,,,,,,,,,,,,,,,,,,,,,,,,,,,,,,,,,,,,,A3387629C
,,,,,,,,,,,,,,,,,,,,,,,,,,,,,,,,,,,,,,,,,,,,,,,,,,,,,,,,,,,,,,,,,,,,G3396569A
,,,,,,,,,,,,,,,,,,,,,,,,,,,,,,,,,,,,,,,,,,,,,,,,,,,,,,,,,,,,,,,,,,,,A3416967C
,,,,,,,,,,,,,,,,,,,,,,,,,,,,,,,,,,,,,,,,,,,,,,,,,,,,,,,,,,,,,,,,,,,,C3424064T
,,,,,,,,,,,,,,,,,,,,,,,,,,,,,,,,,,,,,,,,,,,,,,,,,,,,,,,,,,,,,,,,,,,,C3427389G
,,,,,,,,,,,,,,,,,,,,,,,,,,,,,,,,,,,,,,,,,,,,,,,,,,,,,,,,,,,,,,,,,,,,T3434914A
,,,,,,,,,,,,,,,,,,,,,,,,,,,,,,,,,,,,,,,,,,,,,,,,,,,,,,,,,,,,,,,,,,,,G3450231A
,,,,,,,,,,,,,,,,,,,,,,,,,,,,,,,,,,,,,,,,,,,,,,,,,,,,,,,,,,,,,,,,,,,,C3454792T
,,,,,,,,,,,,,,,,,,,,,,,,,,,,,,,,,,,,,,,,,,,,,,,,,,,,,,,,,,,,,,,,,,,,C3460286G
,,,,,,,,,,,,,,,,,,,,,,,,,,,,,,,,,,,,,,,,,,,,,,,,,,,,,,,,,,,,,,,,,,,,G3475113A
,,,,,,,,,,,,,,,,,,,,,,,,,,,,,,,,,,,,,,,,,,,,,,,,,,,,,,,,,,,,,,,,,,,,T3475323C
,,,,,,,,,,,,,,,,,,,,,,,,,,,,,,,,,,,,,,,,,,,,,,,,,,,,,,,,,,,,,,,,,,,,C3476197T
,,,,,,,,,,,,,,,,,,,,,,,,,,,,,,,,,,,,,,,,,,,,,,,,,,,,,,,,,,,,,,,,,,,,G3478468A
,,,,,,,,,,,,,,,,,,,,,,,,,,,,,,,,,,,,,,,,,,,,,,,,,,,,,,,,,,,,,,,,,,,,C3497240G
,,,,,,,,,,,,,,,,,,,,,,,,,,,,,,,,,,,,,,,,,,,,,,,,,,,,,,,,,,,,,,,,,,,,C3500009T
,,,,,,,,,,,,,,,,,,,,,,,,,,,,,,,,,,,,,,,,,,,,,,,,,,,,,,,,,,,,,,,,,,,,A3507667T
,,,,,,,,,,,,,,,,,,,,,,,,,,,,,,,,,,,,,,,,,,,,,,,,,,,,,,,,,,,,,,,,,,,,T3520710C
,,,,,,,,,,,,,,,,,,,,,,,,,,,,,,,,,,,,,,,,,,,,,,,,,,,,,,,,,,,,,,,,,,,,G3556419T
,,,,,,,,,,,,,,,,,,,,,,,,,,,,,,,,,,,,,,,,,,,,,,,,,,,,,,,,,,,,,,,,,,,,G3559820A
,,,,,,,,,,,,,,,,,,,,,,,,,,,,,,,,,,,,,,,,,,,,,,,,,,,,,,,,,,,,,,,,,,,,G3562936A
,,,,,,,,,,,,,,,,,,,,,,,,,,,,,,,,,,,,,,,,,,,,,,,,,,,,,,,,,,,,,,,,,,,,G3572853T
,,,,,,,,,,,,,,,,,,,,,,,,,,,,,,,,,,,,,,,,,,,,,,,,,,,,,,,,,,,,,,,,,,,,G3577779A
,,,,,,,,,,,,,,,,,,,,,,,,,,,,,,,,,,,,,,,,,,,,,,,,,,,,,,,,,,,,,,,,,,,,T3579466C
,,,,,,,,,,,,,,,,,,,,,,,,,,,,,,,,,,,,,,,,,,,,,,,,,,,,,,,,,,,,,,,,,,,,G3584203C
,,,,,,,,,,,,,,,,,,,,,,,,,,,,,,,,,,,,,,,,,,,,,,,,,,,,,,,,,,,,,,,,,,,,G3591413A
,,,,,,,,,,,,,,,,,,,,,,,,,,,,,,,,,,,,,,,,,,,,,,,,,,,,,,,,,,,,,,,,,,,,G3598221A
,,,,,,,,,,,,,,,,,,,,,,,,,,,,,,,,,,,,,,,,,,,,,,,,,,,,,,,,,,,,,,,,,,,,C3598424G
,,,,,,,,,,,,,,,,,,,,,,,,,,,,,,,,,,,,,,,,,,,,,,,,,,,,,,,,,,,,,,,,,,,,C3610416T
,,,,,,,,,,,,,,,,,,,,,,,,,,,,,,,,,,,,,,,,,,,,,,,,,,,,,,,,,,,,,,,,,,,,A3612694G
,,,,,,,,,,,,,,,,,,,,,,,,,,,,,,,,,,,,,,,,,,,,,,,,,,,,,,,,,,,,,,,,,,,,C3613600T
,,,,,,,,,,,,,,,,,,,,,,,,,,,,,,,,,,,,,,,,,,,,,,,,,,,,,,,,,,,,,,,,,,,,T3617083G
,,,,,,,,,,,,,,,,,,,,,,,,,,,,,,,,,,,,,,,,,,,,,,,,,,,,,,,,,,,,,,,,,,,,T3619321C
,,,,,,,,,,,,,,,,,,,,,,,,,,,,,,,,,,,,,,,,,,,,,,,,,,,,,,,,,,,,,,,,,,,,C3633758T
,,,,,,,,,,,,,,,,,,,,,,,,,,,,,,,,,,,,,,,,,,,,,,,,,,,,,,,,,,,,,,,,,,,,T3641584C
,,,,,,,,,,,,,,,,,,,,,,,,,,,,,,,,,,,,,,,,,,,,,,,,,,,,,,,,,,,,,,,,,,,,G3655482A
,,,,,,,,,,,,,,,,,,,,,,,,,,,,,,,,,,,,,,,,,,,,,,,,,,,,,,,,,,,,,,,,,,,,C3692821A
,,,,,,,,,,,,,,,,,,,,,,,,,,,,,,,,,,,,,,,,,,,,,,,,,,,,,,,,,,,,,,,,,,,,C3693456A
,,,,,,,,,,,,,,,,,,,,,,,,,,,,,,,,,,,,,,,,,,,,,,,,,,,,,,,,,,,,,,,,,,,,C3718433A
,,,,,,,,,,,,,,,,,,,,,,,,,,,,,,,,,,,,,,,,,,,,,,,,,,,,,,,,,,,,,,,,,,,,G3770449A
,,,,,,,,,,,,,,,,,,,,,,,,,,,,,,,,,,,,,,,,,,,,,,,,,,,,,,,,,,,,,,,,,,,,C3772336T
,,,,,,,,,,,,,,,,,,,,,,,,,,,,,,,,,,,,,,,,,,,,,,,,,,,,,,,,,,,,,,,,,,,,G3807604A
,,,,,,,,,,,,,,,,,,,,,,,,,,,,,,,,,,,,,,,,,,,,,,,,,,,,,,,,,,,,,,,,,,,,G3810361A
,,,,,,,,,,,,,,,,,,,,,,,,,,,,,,,,,,,,,,,,,,,,,,,,,,,,,,,,,,,,,,,,,,,,G3820115C
,,,,,,,,,,,,,,,,,,,,,,,,,,,,,,,,,,,,,,,,,,,,,,,,,,,,,,,,,,,,,,,,,,,,A3820301G
,,,,,,,,,,,,,,,,,,,,,,,,,,,,,,,,,,,,,,,,,,,,,,,,,,,,,,,,,,,,,,,,,,,,G3824486A
,,,,,,,,,,,,,,,,,,,,,,,,,,,,,,,,,,,,,,,,,,,,,,,,,,,,,,,,,,,,,,,,,,,,G3825405A
,,,,,,,,,,,,,,,,,,,,,,,,,,,,,,,,,,,,,,,,,,,,,,,,,,,,,,,,,,,,,,,,,,,,G3830348C
,,,,,,,,,,,,,,,,,,,,,,,,,,,,,,,,,,,,,,,,,,,,,,,,,,,,,,,,,,,,,,,,,,,,C3838155A
,,,,,,,,,,,,,,,,,,,,,,,,,,,,,,,,,,,,,,,,,,,,,,,,,,,,,,,,,,,,,,,,,,,,A3839398G
,,,,,,,,,,,,,,,,,,,,,,,,,,,,,,,,,,,,,,,,,,,,,,,,,,,,,,,,,,,,,,,,,,,,T3854387C
,,,,,,,,,,,,,,,,,,,,,,,,,,,,,,,,,,,,,,,,,,,,,,,,,,,,,,,,,,,,,,,,,,,,C3858268G
,,,,,,,,,,,,,,,,,,,,,,,,,,,,,,,,,,,,,,,,,,,,,,,,,,,,,,,,,,,,,,,,,,,,G3885466A
,,,,,,,,,,,,,,,,,,,,,,,,,,,,,,,,,,,,,,,,,,,,,,,,,,,,,,,,,,,,,,,,,,,,A3886511G
,,,,,,,,,,,,,,,,,,,,,,,,,,,,,,,,,,,,,,,,,,,,,,,,,,,,,,,,,,,,,,,,,,,,A3896158G
,,,,,,,,,,,,,,,,,,,,,,,,,,,,,,,,,,,,,,,,,,,,,,,,,,,,,,,,,,,,,,,,,,,,T3898794G
,,,,,,,,,,,,,,,,,,,,,,,,,,,,,,,,,,,,,,,,,,,,,,,,,,,,,,,,,,,,,,,,,,,,A3910879G
,,,,,,,,,,,,,,,,,,,,,,,,,,,,,,,,,,,,,,,,,,,,,,,,,,,,,,,,,,,,,,,,,,,,G3919628A
,,,,,,,,,,,,,,,,,,,,,,,,,,,,,,,,,,,,,,,,,,,,,,,,,,,,,,,,,,,,,,,,,,,,C3926238A
,,,,,,,,,,,,,,,,,,,,,,,,,,,,,,,,,,,,,,,,,,,,,,,,,,,,,,,,,,,,,,,,,,,,C3938305A
,,,,,,,,,,,,,,,,,,,,,,,,,,,,,,,,,,,,,,,,,,,,,,,,,,,,,,,,,,,,,,,,,,,,T3987779C
,,,,,,,,,,,,,,,,,,,,,,,,,,,,,,,,,,,,,,,,,,,,,,,,,,,,,,,,,,,,,,,,,,,,C4001221G
,,,,,,,,,,,,,,,,,,,,,,,,,,,,,,,,,,,,,,,,,,,,,,,,,,,,,,,,,,,,,,,,,,,,C4012894G
,,,,,,,,,,,,,,,,,,,,,,,,,,,,,,,,,,,,,,,,,,,,,,,,,,,,,,,,,,,,,,,,,,,,A4022890T
,,,,,,,,,,,,,,,,,,,,,,,,,,,,,,,,,,,,,,,,,,,,,,,,,,,,,,,,,,,,,,,,,,,,G4026635A
,,,,,,,,,,,,,,,,,,,,,,,,,,,,,,,,,,,,,,,,,,,,,,,,,,,,,,,,,,,,,,,,,,,,A4034533G
,,,,,,,,,,,,,,,,,,,,,,,,,,,,,,,,,,,,,,,,,,,,,,,,,,,,,,,,,,,,,,,,,,,,A4053461T
,,,,,,,,,,,,,,,,,,,,,,,,,,,,,,,,,,,,,,,,,,,,,,,,,,,,,,,,,,,,,,,,,,,,T4055050C
,,,,,,,,,,,,,,,,,,,,,,,,,,,,,,,,,,,,,,,,,,,,,,,,,,,,,,,,,,,,,,,,,,,,G4067010A
,,,,,,,,,,,,,,,,,,,,,,,,,,,,,,,,,,,,,,,,,,,,,,,,,,,,,,,,,,,,,,,,,,,,G4069621A
,,,,,,,,,,,,,,,,,,,,,,,,,,,,,,,,,,,,,,,,,,,,,,,,,,,,,,,,,,,,,,,,,,,,G4076955A
,,,,,,,,,,,,,,,,,,,,,,,,,,,,,,,,,,,,,,,,,,,,,,,,,,,,,,,,,,,,,,,,,,,,C4077725T
,,,,,,,,,,,,,,,,,,,,,,,,,,,,,,,,,,,,,,,,,,,,,,,,,,,,,,,,,,,,,,,,,,,,T4103168A
,,,,,,,,,,,,,,,,,,,,,,,,,,,,,,,,,,,,,,,,,,,,,,,,,,,,,,,,,,,,,,,,,,,,G4107977A
,,,,,,,,,,,,,,,,,,,,,,,,,,,,,,,,,,,,,,,,,,,,,,,,,,,,,,,,,,,,,,,,,,,,A4108708G
,,,,,,,,,,,,,,,,,,,,,,,,,,,,,,,,,,,,,,,,,,,,,,,,,,,,,,,,,,,,,,,,,,,,T4124667C
,,,,,,,,,,,,,,,,,,,,,,,,,,,,,,,,,,,,,,,,,,,,,,,,,,,,,,,,,,,,,,,,,,,,A4128947G
,,,,,,,,,,,,,,,,,,,,,,,,,,,,,,,,,,,,,,,,,,,,,,,,,,,,,,,,,,,,,,,,,,,,G4137103A
,,,,,,,,,,,,,,,,,,,,,,,,,,,,,,,,,,,,,,,,,,,,,,,,,,,,,,,,,,,,,,,,,,,,T4143502G
,,,,,,,,,,,,,,,,,,,,,,,,,,,,,,,,,,,,,,,,,,,,,,,,,,,,,,,,,,,,,,,,,,,,C4155283G
,,,,,,,,,,,,,,,,,,,,,,,,,,,,,,,,,,,,,,,,,,,,,,,,,,,,,,,,,,,,,,,,,,,,G4172322A
,,,,,,,,,,,,,,,,,,,,,,,,,,,,,,,,,,,,,,,,,,,,,,,,,,,,,,,,,,,,,,,,,,,,C4174253T
,,,,,,,,,,,,,,,,,,,,,,,,,,,,,,,,,,,,,,,,,,,,,,,,,,,,,,,,,,,,,,,,,,,,A4194961G
,,,,,,,,,,,,,,,,,,,,,,,,,,,,,,,,,,,,,,,,,,,,,,,,,,,,,,,,,,,,,,,,,,,,G4208142A
,,,,,,,,,,,,,,,,,,,,,,,,,,,,,,,,,,,,,,,,,,,,,,,,,,,,,,,,,,,,,,,,,,,,G4210720A
,,,,,,,,,,,,,,,,,,,,,,,,,,,,,,,,,,,,,,,,,,,,,,,,,,,,,,,,,,,,,,,,,,,,G4218499A
,,,,,,,,,,,,,,,,,,,,,,,,,,,,,,,,,,,,,,,,,,,,,,,,,,,,,,,,,,,,,,,,,,,,C4251542T
,,,,,,,,,,,,,,,,,,,,,,,,,,,,,,,,,,,,,,,,,,,,,,,,,,,,,,,,,,,,,,,,,,,,C4251932A
,,,,,,,,,,,,,,,,,,,,,,,,,,,,,,,,,,,,,,,,,,,,,,,,,,,,,,,,,,,,,,,,,,,,T4261415C
,,,,,,,,,,,,,,,,,,,,,,,,,,,,,,,,,,,,,,,,,,,,,,,,,,,,,,,,,,,,,,,,,,,,C4266174G
,,,,,,,,,,,,,,,,,,,,,,,,,,,,,,,,,,,,,,,,,,,,,,,,,,,,,,,,,,,,,,,,,,,,C4287466T
,,,,,,,,,,,,,,,,,,,,,,,,,,,,,,,,,,,,,,,,,,,,,,,,,,,,,,,,,,,,,,,,,,,,T4290331A
,,,,,,,,,,,,,,,,,,,,,,,,,,,,,,,,,,,,,,,,,,,,,,,,,,,,,,,,,,,,,,,,,,,,C4291142A
,,,,,,,,,,,,,,,,,,,,,,,,,,,,,,,,,,,,,,,,,,,,,,,,,,,,,,,,,,,,,,,,,,,,G4296296C
,,,,,,,,,,,,,,,,,,,,,,,,,,,,,,,,,,,,,,,,,,,,,,,,,,,,,,,,,,,,,,,,,,,,C4303791A
,,,,,,,,,,,,,,,,,,,,,,,,,,,,,,,,,,,,,,,,,,,,,,,,,,,,,,,,,,,,,,,,,,,,T4304150C
,,,,,,,,,,,,,,,,,,,,,,,,,,,,,,,,,,,,,,,,,,,,,,,,,,,,,,,,,,,,,,,,,,,,G4305522A
,,,,,,,,,,,,,,,,,,,,,,,,,,,,,,,,,,,,,,,,,,,,,,,,,,,,,,,,,,,,,,,,,,,,C4327044T
,,,,,,,,,,,,,,,,,,,,,,,,,,,,,,,,,,,,,,,,,,,,,,,,,,,,,,,,,,,,,,,,,,,,A4339116G
,,,,,,,,,,,,,,,,,,,,,,,,,,,,,,,,,,,,,,,,,,,,,,,,,,,,,,,,,,,,,,,,,,,,A4341639G
,,,,,,,,,,,,,,,,,,,,,,,,,,,,,,,,,,,,,,,,,,,,,,,,,,,,,,,,,,,,,,,,,,,,G4347219A
,,,,,,,,,,,,,,,,,,,,,,,,,,,,,,,,,,,,,,,,,,,,,,,,,,,,,,,,,,,,,,,,,,,,G4353970T
,,,,,,,,,,,,,,,,,,,,,,,,,,,,,,,,,,,,,,,,,,,,,,,,,,,,,,,,,,,,,,,,,,,,A4356840G
,,,,,,,,,,,,,,,,,,,,,,,,,,,,,,,,,,,,,,,,,,,,,,,,,,,,,,,,,,,,,,,,,,,,T4356857G
,,,,,,,,,,,,,,,,,,,,,,,,,,,,,,,,,,,,,,,,,,,,,,,,,,,,,,,,,,,,,,,,,,,,T4367747C
,,,,,,,,,,,,,,,,,,,,,,,,,,,,,,,,,,,,,,,,,,,,,,,,,,,,,,,,,,,,,,,,,,,,A4368175G
,,,,,,,,,,,,,,,,,,,,,,,,,,,,,,,,,,,,,,,,,,,,,,,,,,,,,,,,,,,,,,,,,,,,A4370399G
,,,,,,,,,,,,,,,,,,,,,,,,,,,,,,,,,,,,,,,,,,,,,,,,,,,,,,,,,,,,,,,,,,,,A4371384G
,,,,,,,,,,,,,,,,,,,,,,,,,,,,,,,,,,,,,,,,,,,,,,,,,,,,,,,,,,,,,,,,,,,,G4371926A
,,,,,,,,,,,,,,,,,,,,,,,,,,,,,,,,,,,,,,,,,,,,,,,,,,,,,,,,,,,,,,,,,,,,G4372201A
,,,,,,,,,,,,,,,,,,,,,,,,,,,,,,,,,,,,,,,,,,,,,,,,,,,,,,,,,,,,,,,,,,,,A4383513C
,,,,,,,,,,,,,,,,,,,,,,,,,,,,,,,,,,,,,,,,,,,,,,,,,,,,,,,,,,,,,,,,,,,,T4400109C
,,,,,,,,,,,,,,,,,,,,,,,,,,,,,,,,,,,,,,,,,,,,,,,,,,,,,,,,,,,,,,,,,,,,C4409725T
,,,,,,,,,,,,,,,,,,,,,,,,,,,,,,,,,,,,,,,,,,,,,,,,,,,,,,,,,,,,,,,,,,,,T4409754C
,,,,,,,,,,,,,,,,,,,,,,,,,,,,,,,,,,,,,,,,,,,,,,,,,,,,,,,,,,,,,,,,,,,,G4409775A
,,,,,,,,,,,,,,,,,,,,,,,,,,,,,,,,,,,,,,,,,,,,,,,,,,,,,,,,,,,,,,,,,,,,G4410091A
